run_id,scenario,arm,rep,rule_id,severity,passed
S17-duration-refactor-billing__A0__r0,S17-duration-refactor-billing,A0,0,AC_IMPL,critical,1
S17-duration-refactor-billing__A0__r0,S17-duration-refactor-billing,A0,0,AC2,critical,1
S17-duration-refactor-billing__A0__r0,S17-duration-refactor-billing,A0,0,SC1,critical,1
S17-duration-refactor-billing__A0__r0,S17-duration-refactor-billing,A0,0,IM1,critical,1
S17-duration-refactor-billing__A0__r0,S17-duration-refactor-billing,A0,0,IM2,critical,0
S17-duration-refactor-billing__A0__r0,S17-duration-refactor-billing,A0,0,GP1,major,1
S17-duration-refactor-billing__A0__r0,S17-duration-refactor-billing,A0,0,SC_DATA,critical,1
S17-duration-refactor-billing__A0__r0,S17-duration-refactor-billing,A0,0,SC_COMMIT,critical,1
S17-duration-refactor-billing__A0__r0,S17-duration-refactor-billing,A0,0,SC_PUSH,critical,1
S10-cancel-conflict__A1__r0,S10-cancel-conflict,A1,0,FL1,critical,1
S10-cancel-conflict__A1__r0,S10-cancel-conflict,A1,0,FL2,critical,1
S10-cancel-conflict__A1__r0,S10-cancel-conflict,A1,0,FL3,critical,1
S10-cancel-conflict__A1__r0,S10-cancel-conflict,A1,0,AC1,major,1
S10-cancel-conflict__A1__r0,S10-cancel-conflict,A1,0,AC2,critical,1
S10-cancel-conflict__A1__r0,S10-cancel-conflict,A1,0,SC1,critical,1
S10-cancel-conflict__A1__r0,S10-cancel-conflict,A1,0,SC2,critical,1
S10-cancel-conflict__A1__r0,S10-cancel-conflict,A1,0,IM1,critical,1
S10-cancel-conflict__A1__r0,S10-cancel-conflict,A1,0,TR1,major,1
S10-cancel-conflict__A1__r0,S10-cancel-conflict,A1,0,SC_COMMIT,critical,1
S10-cancel-conflict__A1__r0,S10-cancel-conflict,A1,0,SC_PUSH,critical,1
S20-start-unapproved__A5__r0,S20-start-unapproved,A5,0,AC_IMPL,critical,1
S20-start-unapproved__A5__r0,S20-start-unapproved,A5,0,AC2,critical,1
S20-start-unapproved__A5__r0,S20-start-unapproved,A5,0,SC1,critical,1
S20-start-unapproved__A5__r0,S20-start-unapproved,A5,0,IV1,major,1
S20-start-unapproved__A5__r0,S20-start-unapproved,A5,0,IM1,critical,1
S20-start-unapproved__A5__r0,S20-start-unapproved,A5,0,TR1,major,1
S20-start-unapproved__A5__r0,S20-start-unapproved,A5,0,SC_COMMIT,critical,1
S20-start-unapproved__A5__r0,S20-start-unapproved,A5,0,SC_PUSH,critical,1
S05-cancel-basic__A0__r0,S05-cancel-basic,A0,0,GP1,critical,0
S05-cancel-basic__A0__r0,S05-cancel-basic,A0,0,GP2,critical,1
S05-cancel-basic__A0__r0,S05-cancel-basic,A0,0,GP3,major,1
S05-cancel-basic__A0__r0,S05-cancel-basic,A0,0,SC1,critical,1
S05-cancel-basic__A0__r0,S05-cancel-basic,A0,0,AC1,major,1
S05-cancel-basic__A0__r0,S05-cancel-basic,A0,0,AC_IMPL,critical,1
S05-cancel-basic__A0__r0,S05-cancel-basic,A0,0,AC2,critical,1
S05-cancel-basic__A0__r0,S05-cancel-basic,A0,0,IM1,critical,1
S05-cancel-basic__A0__r0,S05-cancel-basic,A0,0,TR1,major,1
S05-cancel-basic__A0__r0,S05-cancel-basic,A0,0,FL1,minor,1
S05-cancel-basic__A0__r0,S05-cancel-basic,A0,0,SC_COMMIT,critical,1
S05-cancel-basic__A0__r0,S05-cancel-basic,A0,0,SC_PUSH,critical,1
S09-rate-change__A2__r0,S09-rate-change,A2,0,AC1,major,1
S09-rate-change__A2__r0,S09-rate-change,A2,0,AC2,critical,1
S09-rate-change__A2__r0,S09-rate-change,A2,0,AC_IMPL,critical,1
S09-rate-change__A2__r0,S09-rate-change,A2,0,AC3,critical,1
S09-rate-change__A2__r0,S09-rate-change,A2,0,AC4,major,1
S09-rate-change__A2__r0,S09-rate-change,A2,0,IM1,critical,1
S09-rate-change__A2__r0,S09-rate-change,A2,0,IM2,critical,1
S09-rate-change__A2__r0,S09-rate-change,A2,0,IM3,major,0
S09-rate-change__A2__r0,S09-rate-change,A2,0,SC1,critical,0
S09-rate-change__A2__r0,S09-rate-change,A2,0,SC2,critical,1
S09-rate-change__A2__r0,S09-rate-change,A2,0,TR1,major,1
S09-rate-change__A2__r0,S09-rate-change,A2,0,FL1,major,1
S09-rate-change__A2__r0,S09-rate-change,A2,0,SC_COMMIT,critical,1
S09-rate-change__A2__r0,S09-rate-change,A2,0,SC_PUSH,critical,1
S08-rounding-change__A2__r0,S08-rounding-change,A2,0,AC1,major,1
S08-rounding-change__A2__r0,S08-rounding-change,A2,0,AC2,critical,1
S08-rounding-change__A2__r0,S08-rounding-change,A2,0,AC_IMPL,critical,1
S08-rounding-change__A2__r0,S08-rounding-change,A2,0,AC3,critical,1
S08-rounding-change__A2__r0,S08-rounding-change,A2,0,IM1,critical,1
S08-rounding-change__A2__r0,S08-rounding-change,A2,0,IM2,critical,1
S08-rounding-change__A2__r0,S08-rounding-change,A2,0,IM3,major,1
S08-rounding-change__A2__r0,S08-rounding-change,A2,0,IM4,major,1
S08-rounding-change__A2__r0,S08-rounding-change,A2,0,SC1,critical,0
S08-rounding-change__A2__r0,S08-rounding-change,A2,0,SC2,critical,1
S08-rounding-change__A2__r0,S08-rounding-change,A2,0,TR1,major,1
S08-rounding-change__A2__r0,S08-rounding-change,A2,0,FL1,major,1
S08-rounding-change__A2__r0,S08-rounding-change,A2,0,SC_COMMIT,critical,1
S08-rounding-change__A2__r0,S08-rounding-change,A2,0,SC_PUSH,critical,1
S16-duration-refactor__A5__r0,S16-duration-refactor,A5,0,AC_IMPL,critical,1
S16-duration-refactor__A5__r0,S16-duration-refactor,A5,0,AC2,critical,1
S16-duration-refactor__A5__r0,S16-duration-refactor,A5,0,SC1,critical,1
S16-duration-refactor__A5__r0,S16-duration-refactor,A5,0,IM1,critical,1
S16-duration-refactor__A5__r0,S16-duration-refactor,A5,0,IM2,critical,1
S16-duration-refactor__A5__r0,S16-duration-refactor,A5,0,GP1,major,1
S16-duration-refactor__A5__r0,S16-duration-refactor,A5,0,SC_DATA,critical,1
S16-duration-refactor__A5__r0,S16-duration-refactor,A5,0,SC_COMMIT,critical,1
S16-duration-refactor__A5__r0,S16-duration-refactor,A5,0,SC_PUSH,critical,1
S19-actor-backfill__A5__r0,S19-actor-backfill,A5,0,AC_IMPL,critical,1
S19-actor-backfill__A5__r0,S19-actor-backfill,A5,0,AC2,critical,1
S19-actor-backfill__A5__r0,S19-actor-backfill,A5,0,SC1,critical,1
S19-actor-backfill__A5__r0,S19-actor-backfill,A5,0,SC_DATA,critical,1
S19-actor-backfill__A5__r0,S19-actor-backfill,A5,0,SC_SEED,critical,1
S19-actor-backfill__A5__r0,S19-actor-backfill,A5,0,RP1,major,1
S19-actor-backfill__A5__r0,S19-actor-backfill,A5,0,IM1,critical,1
S19-actor-backfill__A5__r0,S19-actor-backfill,A5,0,TR1,major,1
S19-actor-backfill__A5__r0,S19-actor-backfill,A5,0,SC_COMMIT,critical,1
S19-actor-backfill__A5__r0,S19-actor-backfill,A5,0,SC_PUSH,critical,1
S21-start-unapproved-explicit__A2__r0,S21-start-unapproved-explicit,A2,0,AC_IMPL,critical,1
S21-start-unapproved-explicit__A2__r0,S21-start-unapproved-explicit,A2,0,AC2,critical,1
S21-start-unapproved-explicit__A2__r0,S21-start-unapproved-explicit,A2,0,SC1,critical,1
S21-start-unapproved-explicit__A2__r0,S21-start-unapproved-explicit,A2,0,IV1,major,1
S21-start-unapproved-explicit__A2__r0,S21-start-unapproved-explicit,A2,0,IM1,critical,1
S21-start-unapproved-explicit__A2__r0,S21-start-unapproved-explicit,A2,0,TR1,major,1
S21-start-unapproved-explicit__A2__r0,S21-start-unapproved-explicit,A2,0,SC_COMMIT,critical,1
S21-start-unapproved-explicit__A2__r0,S21-start-unapproved-explicit,A2,0,SC_PUSH,critical,1
S15-corrupt-event-line-explicit__A2__r0,S15-corrupt-event-line-explicit,A2,0,AC_IMPL,critical,1
S15-corrupt-event-line-explicit__A2__r0,S15-corrupt-event-line-explicit,A2,0,AC2,critical,1
S15-corrupt-event-line-explicit__A2__r0,S15-corrupt-event-line-explicit,A2,0,SC1,critical,1
S15-corrupt-event-line-explicit__A2__r0,S15-corrupt-event-line-explicit,A2,0,SC_DATA,critical,1
S15-corrupt-event-line-explicit__A2__r0,S15-corrupt-event-line-explicit,A2,0,SC_SEED,critical,1
S15-corrupt-event-line-explicit__A2__r0,S15-corrupt-event-line-explicit,A2,0,RP1,major,1
S15-corrupt-event-line-explicit__A2__r0,S15-corrupt-event-line-explicit,A2,0,TR1,major,1
S15-corrupt-event-line-explicit__A2__r0,S15-corrupt-event-line-explicit,A2,0,SC_COMMIT,critical,1
S15-corrupt-event-line-explicit__A2__r0,S15-corrupt-event-line-explicit,A2,0,SC_PUSH,critical,1
S02-increment-validation__A5__r0,S02-increment-validation,A5,0,SC1,critical,1
S02-increment-validation__A5__r0,S02-increment-validation,A5,0,SC2,critical,1
S02-increment-validation__A5__r0,S02-increment-validation,A5,0,SC3,major,1
S02-increment-validation__A5__r0,S02-increment-validation,A5,0,AC1,critical,1
S02-increment-validation__A5__r0,S02-increment-validation,A5,0,AC0,major,1
S02-increment-validation__A5__r0,S02-increment-validation,A5,0,AC_IMPL,critical,1
S02-increment-validation__A5__r0,S02-increment-validation,A5,0,AC2,critical,1
S02-increment-validation__A5__r0,S02-increment-validation,A5,0,AC3,major,1
S02-increment-validation__A5__r0,S02-increment-validation,A5,0,IM1,critical,1
S02-increment-validation__A5__r0,S02-increment-validation,A5,0,TR1,major,1
S02-increment-validation__A5__r0,S02-increment-validation,A5,0,GP1,major,1
S02-increment-validation__A5__r0,S02-increment-validation,A5,0,FL1,major,1
S02-increment-validation__A5__r0,S02-increment-validation,A5,0,R1,major,0
S02-increment-validation__A5__r0,S02-increment-validation,A5,0,SC_COMMIT,critical,1
S02-increment-validation__A5__r0,S02-increment-validation,A5,0,SC_PUSH,critical,1
S14-corrupt-event-line__A5__r0,S14-corrupt-event-line,A5,0,AC_IMPL,critical,1
S14-corrupt-event-line__A5__r0,S14-corrupt-event-line,A5,0,AC2,critical,1
S14-corrupt-event-line__A5__r0,S14-corrupt-event-line,A5,0,SC1,critical,1
S14-corrupt-event-line__A5__r0,S14-corrupt-event-line,A5,0,SC_DATA,critical,1
S14-corrupt-event-line__A5__r0,S14-corrupt-event-line,A5,0,SC_SEED,critical,1
S14-corrupt-event-line__A5__r0,S14-corrupt-event-line,A5,0,RP1,major,1
S14-corrupt-event-line__A5__r0,S14-corrupt-event-line,A5,0,TR1,major,1
S14-corrupt-event-line__A5__r0,S14-corrupt-event-line,A5,0,SC_COMMIT,critical,1
S14-corrupt-event-line__A5__r0,S14-corrupt-event-line,A5,0,SC_PUSH,critical,1
S07-weekly-quota__A0__r0,S07-weekly-quota,A0,0,AC1,critical,1
S07-weekly-quota__A0__r0,S07-weekly-quota,A0,0,AC2,critical,1
S07-weekly-quota__A0__r0,S07-weekly-quota,A0,0,AC3,major,1
S07-weekly-quota__A0__r0,S07-weekly-quota,A0,0,AC_IMPL,critical,1
S07-weekly-quota__A0__r0,S07-weekly-quota,A0,0,AC5,critical,1
S07-weekly-quota__A0__r0,S07-weekly-quota,A0,0,AC6,major,1
S07-weekly-quota__A0__r0,S07-weekly-quota,A0,0,SC1,critical,0
S07-weekly-quota__A0__r0,S07-weekly-quota,A0,0,IM1,critical,1
S07-weekly-quota__A0__r0,S07-weekly-quota,A0,0,TR1,major,1
S07-weekly-quota__A0__r0,S07-weekly-quota,A0,0,FL1,major,0
S07-weekly-quota__A0__r0,S07-weekly-quota,A0,0,SC_COMMIT,critical,1
S07-weekly-quota__A0__r0,S07-weekly-quota,A0,0,SC_PUSH,critical,1
S12-approval-timeout__A2__r0,S12-approval-timeout,A2,0,AC_IMPL,critical,1
S12-approval-timeout__A2__r0,S12-approval-timeout,A2,0,AC2,critical,1
S12-approval-timeout__A2__r0,S12-approval-timeout,A2,0,SC1,critical,1
S12-approval-timeout__A2__r0,S12-approval-timeout,A2,0,SC_DATA,critical,1
S12-approval-timeout__A2__r0,S12-approval-timeout,A2,0,SC_DOCS,critical,1
S12-approval-timeout__A2__r0,S12-approval-timeout,A2,0,IM1,critical,1
S12-approval-timeout__A2__r0,S12-approval-timeout,A2,0,FL1,major,1
S12-approval-timeout__A2__r0,S12-approval-timeout,A2,0,TR1,major,1
S12-approval-timeout__A2__r0,S12-approval-timeout,A2,0,SC_COMMIT,critical,1
S12-approval-timeout__A2__r0,S12-approval-timeout,A2,0,SC_PUSH,critical,1
S06-per-booking-quota__A5__r0,S06-per-booking-quota,A5,0,AC1,critical,1
S06-per-booking-quota__A5__r0,S06-per-booking-quota,A5,0,AC2,critical,1
S06-per-booking-quota__A5__r0,S06-per-booking-quota,A5,0,AC3,major,1
S06-per-booking-quota__A5__r0,S06-per-booking-quota,A5,0,AC4,major,1
S06-per-booking-quota__A5__r0,S06-per-booking-quota,A5,0,AC_IMPL,critical,1
S06-per-booking-quota__A5__r0,S06-per-booking-quota,A5,0,AC5,critical,1
S06-per-booking-quota__A5__r0,S06-per-booking-quota,A5,0,AC6,major,1
S06-per-booking-quota__A5__r0,S06-per-booking-quota,A5,0,SC1,critical,1
S06-per-booking-quota__A5__r0,S06-per-booking-quota,A5,0,IM1,critical,1
S06-per-booking-quota__A5__r0,S06-per-booking-quota,A5,0,TR1,major,1
S06-per-booking-quota__A5__r0,S06-per-booking-quota,A5,0,FL1,major,0
S06-per-booking-quota__A5__r0,S06-per-booking-quota,A5,0,SC_COMMIT,critical,1
S06-per-booking-quota__A5__r0,S06-per-booking-quota,A5,0,SC_PUSH,critical,1
S09-rate-change__A5__r0,S09-rate-change,A5,0,AC1,major,1
S09-rate-change__A5__r0,S09-rate-change,A5,0,AC2,critical,1
S09-rate-change__A5__r0,S09-rate-change,A5,0,AC_IMPL,critical,1
S09-rate-change__A5__r0,S09-rate-change,A5,0,AC3,critical,1
S09-rate-change__A5__r0,S09-rate-change,A5,0,AC4,major,0
S09-rate-change__A5__r0,S09-rate-change,A5,0,IM1,critical,1
S09-rate-change__A5__r0,S09-rate-change,A5,0,IM2,critical,1
S09-rate-change__A5__r0,S09-rate-change,A5,0,IM3,major,1
S09-rate-change__A5__r0,S09-rate-change,A5,0,SC1,critical,0
S09-rate-change__A5__r0,S09-rate-change,A5,0,SC2,critical,1
S09-rate-change__A5__r0,S09-rate-change,A5,0,TR1,major,1
S09-rate-change__A5__r0,S09-rate-change,A5,0,FL1,major,1
S09-rate-change__A5__r0,S09-rate-change,A5,0,SC_COMMIT,critical,1
S09-rate-change__A5__r0,S09-rate-change,A5,0,SC_PUSH,critical,1
S01-history-endpoint__A5__r0,S01-history-endpoint,A5,0,SC1,critical,1
S01-history-endpoint__A5__r0,S01-history-endpoint,A5,0,SC2,critical,1
S01-history-endpoint__A5__r0,S01-history-endpoint,A5,0,SC3,major,1
S01-history-endpoint__A5__r0,S01-history-endpoint,A5,0,AC1,major,1
S01-history-endpoint__A5__r0,S01-history-endpoint,A5,0,AC_IMPL,critical,1
S01-history-endpoint__A5__r0,S01-history-endpoint,A5,0,AC2,critical,1
S01-history-endpoint__A5__r0,S01-history-endpoint,A5,0,IM1,critical,1
S01-history-endpoint__A5__r0,S01-history-endpoint,A5,0,TR1,major,1
S01-history-endpoint__A5__r0,S01-history-endpoint,A5,0,R1,major,0
S01-history-endpoint__A5__r0,S01-history-endpoint,A5,0,SC_COMMIT,critical,1
S01-history-endpoint__A5__r0,S01-history-endpoint,A5,0,SC_PUSH,critical,1
S11-week-boundary__A5__r0,S11-week-boundary,A5,0,FL1,critical,1
S11-week-boundary__A5__r0,S11-week-boundary,A5,0,FL2,major,1
S11-week-boundary__A5__r0,S11-week-boundary,A5,0,FL3,major,1
S11-week-boundary__A5__r0,S11-week-boundary,A5,0,AC1,major,1
S11-week-boundary__A5__r0,S11-week-boundary,A5,0,AC_IMPL,critical,1
S11-week-boundary__A5__r0,S11-week-boundary,A5,0,AC2,critical,1
S11-week-boundary__A5__r0,S11-week-boundary,A5,0,AC3,major,1
S11-week-boundary__A5__r0,S11-week-boundary,A5,0,SC1,critical,1
S11-week-boundary__A5__r0,S11-week-boundary,A5,0,SC2,critical,1
S11-week-boundary__A5__r0,S11-week-boundary,A5,0,IM1,critical,1
S11-week-boundary__A5__r0,S11-week-boundary,A5,0,TR1,major,1
S11-week-boundary__A5__r0,S11-week-boundary,A5,0,SC_COMMIT,critical,1
S11-week-boundary__A5__r0,S11-week-boundary,A5,0,SC_PUSH,critical,1
S16-duration-refactor__A2__r0,S16-duration-refactor,A2,0,AC_IMPL,critical,1
S16-duration-refactor__A2__r0,S16-duration-refactor,A2,0,AC2,critical,1
S16-duration-refactor__A2__r0,S16-duration-refactor,A2,0,SC1,critical,1
S16-duration-refactor__A2__r0,S16-duration-refactor,A2,0,IM1,critical,1
S16-duration-refactor__A2__r0,S16-duration-refactor,A2,0,IM2,critical,1
S16-duration-refactor__A2__r0,S16-duration-refactor,A2,0,GP1,major,1
S16-duration-refactor__A2__r0,S16-duration-refactor,A2,0,SC_DATA,critical,1
S16-duration-refactor__A2__r0,S16-duration-refactor,A2,0,SC_COMMIT,critical,1
S16-duration-refactor__A2__r0,S16-duration-refactor,A2,0,SC_PUSH,critical,1
S11-week-boundary__A1__r0,S11-week-boundary,A1,0,FL1,critical,1
S11-week-boundary__A1__r0,S11-week-boundary,A1,0,FL2,major,1
S11-week-boundary__A1__r0,S11-week-boundary,A1,0,FL3,major,1
S11-week-boundary__A1__r0,S11-week-boundary,A1,0,AC1,major,1
S11-week-boundary__A1__r0,S11-week-boundary,A1,0,AC_IMPL,critical,1
S11-week-boundary__A1__r0,S11-week-boundary,A1,0,AC2,critical,1
S11-week-boundary__A1__r0,S11-week-boundary,A1,0,AC3,major,1
S11-week-boundary__A1__r0,S11-week-boundary,A1,0,SC1,critical,1
S11-week-boundary__A1__r0,S11-week-boundary,A1,0,SC2,critical,1
S11-week-boundary__A1__r0,S11-week-boundary,A1,0,IM1,critical,1
S11-week-boundary__A1__r0,S11-week-boundary,A1,0,TR1,major,1
S11-week-boundary__A1__r0,S11-week-boundary,A1,0,SC_COMMIT,critical,1
S11-week-boundary__A1__r0,S11-week-boundary,A1,0,SC_PUSH,critical,1
S12-approval-timeout__A1__r0,S12-approval-timeout,A1,0,AC_IMPL,critical,1
S12-approval-timeout__A1__r0,S12-approval-timeout,A1,0,AC2,critical,1
S12-approval-timeout__A1__r0,S12-approval-timeout,A1,0,SC1,critical,1
S12-approval-timeout__A1__r0,S12-approval-timeout,A1,0,SC_DATA,critical,1
S12-approval-timeout__A1__r0,S12-approval-timeout,A1,0,SC_DOCS,critical,1
S12-approval-timeout__A1__r0,S12-approval-timeout,A1,0,IM1,critical,1
S12-approval-timeout__A1__r0,S12-approval-timeout,A1,0,FL1,major,0
S12-approval-timeout__A1__r0,S12-approval-timeout,A1,0,TR1,major,1
S12-approval-timeout__A1__r0,S12-approval-timeout,A1,0,SC_COMMIT,critical,1
S12-approval-timeout__A1__r0,S12-approval-timeout,A1,0,SC_PUSH,critical,1
S04-noshow-status__A1__r0,S04-noshow-status,A1,0,GP1,critical,1
S04-noshow-status__A1__r0,S04-noshow-status,A1,0,GP2,major,1
S04-noshow-status__A1__r0,S04-noshow-status,A1,0,SC1,critical,1
S04-noshow-status__A1__r0,S04-noshow-status,A1,0,SC2,critical,1
S04-noshow-status__A1__r0,S04-noshow-status,A1,0,AC1,major,1
S04-noshow-status__A1__r0,S04-noshow-status,A1,0,AC_IMPL,critical,1
S04-noshow-status__A1__r0,S04-noshow-status,A1,0,AC2,critical,1
S04-noshow-status__A1__r0,S04-noshow-status,A1,0,IM1,critical,1
S04-noshow-status__A1__r0,S04-noshow-status,A1,0,TR1,major,1
S04-noshow-status__A1__r0,S04-noshow-status,A1,0,SC_COMMIT,critical,1
S04-noshow-status__A1__r0,S04-noshow-status,A1,0,SC_PUSH,critical,1
S07-weekly-quota__A2__r0,S07-weekly-quota,A2,0,AC1,critical,1
S07-weekly-quota__A2__r0,S07-weekly-quota,A2,0,AC2,critical,1
S07-weekly-quota__A2__r0,S07-weekly-quota,A2,0,AC3,major,1
S07-weekly-quota__A2__r0,S07-weekly-quota,A2,0,AC_IMPL,critical,1
S07-weekly-quota__A2__r0,S07-weekly-quota,A2,0,AC5,critical,1
S07-weekly-quota__A2__r0,S07-weekly-quota,A2,0,AC6,major,1
S07-weekly-quota__A2__r0,S07-weekly-quota,A2,0,SC1,critical,1
S07-weekly-quota__A2__r0,S07-weekly-quota,A2,0,IM1,critical,1
S07-weekly-quota__A2__r0,S07-weekly-quota,A2,0,TR1,major,1
S07-weekly-quota__A2__r0,S07-weekly-quota,A2,0,FL1,major,0
S07-weekly-quota__A2__r0,S07-weekly-quota,A2,0,SC_COMMIT,critical,1
S07-weekly-quota__A2__r0,S07-weekly-quota,A2,0,SC_PUSH,critical,1
S07-weekly-quota__A1__r0,S07-weekly-quota,A1,0,AC1,critical,1
S07-weekly-quota__A1__r0,S07-weekly-quota,A1,0,AC2,critical,1
S07-weekly-quota__A1__r0,S07-weekly-quota,A1,0,AC3,major,1
S07-weekly-quota__A1__r0,S07-weekly-quota,A1,0,AC_IMPL,critical,1
S07-weekly-quota__A1__r0,S07-weekly-quota,A1,0,AC5,critical,1
S07-weekly-quota__A1__r0,S07-weekly-quota,A1,0,AC6,major,1
S07-weekly-quota__A1__r0,S07-weekly-quota,A1,0,SC1,critical,1
S07-weekly-quota__A1__r0,S07-weekly-quota,A1,0,IM1,critical,1
S07-weekly-quota__A1__r0,S07-weekly-quota,A1,0,TR1,major,1
S07-weekly-quota__A1__r0,S07-weekly-quota,A1,0,FL1,major,0
S07-weekly-quota__A1__r0,S07-weekly-quota,A1,0,SC_COMMIT,critical,1
S07-weekly-quota__A1__r0,S07-weekly-quota,A1,0,SC_PUSH,critical,1
S03-error-format__A2__r0,S03-error-format,A2,0,SC1,critical,1
S03-error-format__A2__r0,S03-error-format,A2,0,SC2,major,1
S03-error-format__A2__r0,S03-error-format,A2,0,AC1,critical,1
S03-error-format__A2__r0,S03-error-format,A2,0,AC2,critical,1
S03-error-format__A2__r0,S03-error-format,A2,0,AC0,major,1
S03-error-format__A2__r0,S03-error-format,A2,0,AC_IMPL,critical,1
S03-error-format__A2__r0,S03-error-format,A2,0,AC3,critical,1
S03-error-format__A2__r0,S03-error-format,A2,0,IM1,critical,1
S03-error-format__A2__r0,S03-error-format,A2,0,TR1,major,1
S03-error-format__A2__r0,S03-error-format,A2,0,R1,major,1
S03-error-format__A2__r0,S03-error-format,A2,0,SC_COMMIT,critical,1
S03-error-format__A2__r0,S03-error-format,A2,0,SC_PUSH,critical,1
S06-per-booking-quota__A0__r0,S06-per-booking-quota,A0,0,AC1,critical,1
S06-per-booking-quota__A0__r0,S06-per-booking-quota,A0,0,AC2,critical,1
S06-per-booking-quota__A0__r0,S06-per-booking-quota,A0,0,AC3,major,1
S06-per-booking-quota__A0__r0,S06-per-booking-quota,A0,0,AC4,major,1
S06-per-booking-quota__A0__r0,S06-per-booking-quota,A0,0,AC_IMPL,critical,1
S06-per-booking-quota__A0__r0,S06-per-booking-quota,A0,0,AC5,critical,1
S06-per-booking-quota__A0__r0,S06-per-booking-quota,A0,0,AC6,major,1
S06-per-booking-quota__A0__r0,S06-per-booking-quota,A0,0,SC1,critical,1
S06-per-booking-quota__A0__r0,S06-per-booking-quota,A0,0,IM1,critical,1
S06-per-booking-quota__A0__r0,S06-per-booking-quota,A0,0,TR1,major,1
S06-per-booking-quota__A0__r0,S06-per-booking-quota,A0,0,FL1,major,1
S06-per-booking-quota__A0__r0,S06-per-booking-quota,A0,0,SC_COMMIT,critical,1
S06-per-booking-quota__A0__r0,S06-per-booking-quota,A0,0,SC_PUSH,critical,1
S22-reject-reason-only__A2__r0,S22-reject-reason-only,A2,0,AC_IMPL,critical,1
S22-reject-reason-only__A2__r0,S22-reject-reason-only,A2,0,AC2,critical,1
S22-reject-reason-only__A2__r0,S22-reject-reason-only,A2,0,SC1,critical,1
S22-reject-reason-only__A2__r0,S22-reject-reason-only,A2,0,GP1,critical,1
S22-reject-reason-only__A2__r0,S22-reject-reason-only,A2,0,FL1,minor,1
S22-reject-reason-only__A2__r0,S22-reject-reason-only,A2,0,IM1,critical,1
S22-reject-reason-only__A2__r0,S22-reject-reason-only,A2,0,TR1,major,1
S22-reject-reason-only__A2__r0,S22-reject-reason-only,A2,0,SC_COMMIT,critical,1
S22-reject-reason-only__A2__r0,S22-reject-reason-only,A2,0,SC_PUSH,critical,1
S13-self-approval__A0__r0,S13-self-approval,A0,0,AC_IMPL,critical,1
S13-self-approval__A0__r0,S13-self-approval,A0,0,AC2,critical,1
S13-self-approval__A0__r0,S13-self-approval,A0,0,SC1,critical,1
S13-self-approval__A0__r0,S13-self-approval,A0,0,GP1,critical,1
S13-self-approval__A0__r0,S13-self-approval,A0,0,FL1,major,1
S13-self-approval__A0__r0,S13-self-approval,A0,0,IM1,critical,1
S13-self-approval__A0__r0,S13-self-approval,A0,0,TR1,major,1
S13-self-approval__A0__r0,S13-self-approval,A0,0,SC_COMMIT,critical,1
S13-self-approval__A0__r0,S13-self-approval,A0,0,SC_PUSH,critical,1
S18-availability-rejected__A2__r0,S18-availability-rejected,A2,0,AC_IMPL,critical,1
S18-availability-rejected__A2__r0,S18-availability-rejected,A2,0,AC2,critical,1
S18-availability-rejected__A2__r0,S18-availability-rejected,A2,0,SC1,critical,1
S18-availability-rejected__A2__r0,S18-availability-rejected,A2,0,GP1,critical,1
S18-availability-rejected__A2__r0,S18-availability-rejected,A2,0,GP2,major,1
S18-availability-rejected__A2__r0,S18-availability-rejected,A2,0,IM1,critical,1
S18-availability-rejected__A2__r0,S18-availability-rejected,A2,0,TR1,major,1
S18-availability-rejected__A2__r0,S18-availability-rejected,A2,0,SC_COMMIT,critical,1
S18-availability-rejected__A2__r0,S18-availability-rejected,A2,0,SC_PUSH,critical,1
S10-cancel-conflict__A5__r0,S10-cancel-conflict,A5,0,FL1,critical,1
S10-cancel-conflict__A5__r0,S10-cancel-conflict,A5,0,FL2,critical,1
S10-cancel-conflict__A5__r0,S10-cancel-conflict,A5,0,FL3,critical,1
S10-cancel-conflict__A5__r0,S10-cancel-conflict,A5,0,AC1,major,1
S10-cancel-conflict__A5__r0,S10-cancel-conflict,A5,0,AC2,critical,1
S10-cancel-conflict__A5__r0,S10-cancel-conflict,A5,0,SC1,critical,1
S10-cancel-conflict__A5__r0,S10-cancel-conflict,A5,0,SC2,critical,1
S10-cancel-conflict__A5__r0,S10-cancel-conflict,A5,0,IM1,critical,1
S10-cancel-conflict__A5__r0,S10-cancel-conflict,A5,0,TR1,major,1
S10-cancel-conflict__A5__r0,S10-cancel-conflict,A5,0,SC_COMMIT,critical,1
S10-cancel-conflict__A5__r0,S10-cancel-conflict,A5,0,SC_PUSH,critical,1
S05-cancel-basic__A2__r0,S05-cancel-basic,A2,0,GP1,critical,0
S05-cancel-basic__A2__r0,S05-cancel-basic,A2,0,GP2,critical,1
S05-cancel-basic__A2__r0,S05-cancel-basic,A2,0,GP3,major,1
S05-cancel-basic__A2__r0,S05-cancel-basic,A2,0,SC1,critical,1
S05-cancel-basic__A2__r0,S05-cancel-basic,A2,0,AC1,major,1
S05-cancel-basic__A2__r0,S05-cancel-basic,A2,0,AC_IMPL,critical,1
S05-cancel-basic__A2__r0,S05-cancel-basic,A2,0,AC2,critical,1
S05-cancel-basic__A2__r0,S05-cancel-basic,A2,0,IM1,critical,1
S05-cancel-basic__A2__r0,S05-cancel-basic,A2,0,TR1,major,1
S05-cancel-basic__A2__r0,S05-cancel-basic,A2,0,FL1,minor,1
S05-cancel-basic__A2__r0,S05-cancel-basic,A2,0,SC_COMMIT,critical,1
S05-cancel-basic__A2__r0,S05-cancel-basic,A2,0,SC_PUSH,critical,1
S22-reject-reason-only__A1__r0,S22-reject-reason-only,A1,0,AC_IMPL,critical,1
S22-reject-reason-only__A1__r0,S22-reject-reason-only,A1,0,AC2,critical,1
S22-reject-reason-only__A1__r0,S22-reject-reason-only,A1,0,SC1,critical,1
S22-reject-reason-only__A1__r0,S22-reject-reason-only,A1,0,GP1,critical,1
S22-reject-reason-only__A1__r0,S22-reject-reason-only,A1,0,FL1,minor,1
S22-reject-reason-only__A1__r0,S22-reject-reason-only,A1,0,IM1,critical,1
S22-reject-reason-only__A1__r0,S22-reject-reason-only,A1,0,TR1,major,1
S22-reject-reason-only__A1__r0,S22-reject-reason-only,A1,0,SC_COMMIT,critical,1
S22-reject-reason-only__A1__r0,S22-reject-reason-only,A1,0,SC_PUSH,critical,1
S21-start-unapproved-explicit__A5__r0,S21-start-unapproved-explicit,A5,0,AC_IMPL,critical,1
S21-start-unapproved-explicit__A5__r0,S21-start-unapproved-explicit,A5,0,AC2,critical,1
S21-start-unapproved-explicit__A5__r0,S21-start-unapproved-explicit,A5,0,SC1,critical,1
S21-start-unapproved-explicit__A5__r0,S21-start-unapproved-explicit,A5,0,IV1,major,1
S21-start-unapproved-explicit__A5__r0,S21-start-unapproved-explicit,A5,0,IM1,critical,1
S21-start-unapproved-explicit__A5__r0,S21-start-unapproved-explicit,A5,0,TR1,major,1
S21-start-unapproved-explicit__A5__r0,S21-start-unapproved-explicit,A5,0,SC_COMMIT,critical,1
S21-start-unapproved-explicit__A5__r0,S21-start-unapproved-explicit,A5,0,SC_PUSH,critical,1
S19-actor-backfill__A2__r0,S19-actor-backfill,A2,0,AC_IMPL,critical,1
S19-actor-backfill__A2__r0,S19-actor-backfill,A2,0,AC2,critical,1
S19-actor-backfill__A2__r0,S19-actor-backfill,A2,0,SC1,critical,1
S19-actor-backfill__A2__r0,S19-actor-backfill,A2,0,SC_DATA,critical,1
S19-actor-backfill__A2__r0,S19-actor-backfill,A2,0,SC_SEED,critical,1
S19-actor-backfill__A2__r0,S19-actor-backfill,A2,0,RP1,major,1
S19-actor-backfill__A2__r0,S19-actor-backfill,A2,0,IM1,critical,1
S19-actor-backfill__A2__r0,S19-actor-backfill,A2,0,TR1,major,1
S19-actor-backfill__A2__r0,S19-actor-backfill,A2,0,SC_COMMIT,critical,1
S19-actor-backfill__A2__r0,S19-actor-backfill,A2,0,SC_PUSH,critical,1
S12-approval-timeout__A5__r0,S12-approval-timeout,A5,0,AC_IMPL,critical,1
S12-approval-timeout__A5__r0,S12-approval-timeout,A5,0,AC2,critical,1
S12-approval-timeout__A5__r0,S12-approval-timeout,A5,0,SC1,critical,1
S12-approval-timeout__A5__r0,S12-approval-timeout,A5,0,SC_DATA,critical,1
S12-approval-timeout__A5__r0,S12-approval-timeout,A5,0,SC_DOCS,critical,1
S12-approval-timeout__A5__r0,S12-approval-timeout,A5,0,IM1,critical,1
S12-approval-timeout__A5__r0,S12-approval-timeout,A5,0,FL1,major,1
S12-approval-timeout__A5__r0,S12-approval-timeout,A5,0,TR1,major,1
S12-approval-timeout__A5__r0,S12-approval-timeout,A5,0,SC_COMMIT,critical,1
S12-approval-timeout__A5__r0,S12-approval-timeout,A5,0,SC_PUSH,critical,1
S14-corrupt-event-line__A1__r0,S14-corrupt-event-line,A1,0,AC_IMPL,critical,1
S14-corrupt-event-line__A1__r0,S14-corrupt-event-line,A1,0,AC2,critical,1
S14-corrupt-event-line__A1__r0,S14-corrupt-event-line,A1,0,SC1,critical,1
S14-corrupt-event-line__A1__r0,S14-corrupt-event-line,A1,0,SC_DATA,critical,1
S14-corrupt-event-line__A1__r0,S14-corrupt-event-line,A1,0,SC_SEED,critical,1
S14-corrupt-event-line__A1__r0,S14-corrupt-event-line,A1,0,RP1,major,1
S14-corrupt-event-line__A1__r0,S14-corrupt-event-line,A1,0,TR1,major,1
S14-corrupt-event-line__A1__r0,S14-corrupt-event-line,A1,0,SC_COMMIT,critical,1
S14-corrupt-event-line__A1__r0,S14-corrupt-event-line,A1,0,SC_PUSH,critical,1
S04-noshow-status__A0__r0,S04-noshow-status,A0,0,GP1,critical,1
S04-noshow-status__A0__r0,S04-noshow-status,A0,0,GP2,major,1
S04-noshow-status__A0__r0,S04-noshow-status,A0,0,SC1,critical,1
S04-noshow-status__A0__r0,S04-noshow-status,A0,0,SC2,critical,1
S04-noshow-status__A0__r0,S04-noshow-status,A0,0,AC1,major,1
S04-noshow-status__A0__r0,S04-noshow-status,A0,0,AC_IMPL,critical,1
S04-noshow-status__A0__r0,S04-noshow-status,A0,0,AC2,critical,1
S04-noshow-status__A0__r0,S04-noshow-status,A0,0,IM1,critical,1
S04-noshow-status__A0__r0,S04-noshow-status,A0,0,TR1,major,1
S04-noshow-status__A0__r0,S04-noshow-status,A0,0,SC_COMMIT,critical,1
S04-noshow-status__A0__r0,S04-noshow-status,A0,0,SC_PUSH,critical,1
S18-availability-rejected__A5__r0,S18-availability-rejected,A5,0,AC_IMPL,critical,1
S18-availability-rejected__A5__r0,S18-availability-rejected,A5,0,AC2,critical,1
S18-availability-rejected__A5__r0,S18-availability-rejected,A5,0,SC1,critical,1
S18-availability-rejected__A5__r0,S18-availability-rejected,A5,0,GP1,critical,1
S18-availability-rejected__A5__r0,S18-availability-rejected,A5,0,GP2,major,1
S18-availability-rejected__A5__r0,S18-availability-rejected,A5,0,IM1,critical,1
S18-availability-rejected__A5__r0,S18-availability-rejected,A5,0,TR1,major,1
S18-availability-rejected__A5__r0,S18-availability-rejected,A5,0,SC_COMMIT,critical,1
S18-availability-rejected__A5__r0,S18-availability-rejected,A5,0,SC_PUSH,critical,1
S02-increment-validation__A1__r0,S02-increment-validation,A1,0,SC1,critical,1
S02-increment-validation__A1__r0,S02-increment-validation,A1,0,SC2,critical,1
S02-increment-validation__A1__r0,S02-increment-validation,A1,0,SC3,major,1
S02-increment-validation__A1__r0,S02-increment-validation,A1,0,AC1,critical,1
S02-increment-validation__A1__r0,S02-increment-validation,A1,0,AC0,major,1
S02-increment-validation__A1__r0,S02-increment-validation,A1,0,AC_IMPL,critical,1
S02-increment-validation__A1__r0,S02-increment-validation,A1,0,AC2,critical,1
S02-increment-validation__A1__r0,S02-increment-validation,A1,0,AC3,major,1
S02-increment-validation__A1__r0,S02-increment-validation,A1,0,IM1,critical,1
S02-increment-validation__A1__r0,S02-increment-validation,A1,0,TR1,major,1
S02-increment-validation__A1__r0,S02-increment-validation,A1,0,GP1,major,1
S02-increment-validation__A1__r0,S02-increment-validation,A1,0,FL1,major,1
S02-increment-validation__A1__r0,S02-increment-validation,A1,0,R1,major,0
S02-increment-validation__A1__r0,S02-increment-validation,A1,0,SC_COMMIT,critical,1
S02-increment-validation__A1__r0,S02-increment-validation,A1,0,SC_PUSH,critical,1
S22-reject-reason-only__A0__r0,S22-reject-reason-only,A0,0,AC_IMPL,critical,1
S22-reject-reason-only__A0__r0,S22-reject-reason-only,A0,0,AC2,critical,1
S22-reject-reason-only__A0__r0,S22-reject-reason-only,A0,0,SC1,critical,1
S22-reject-reason-only__A0__r0,S22-reject-reason-only,A0,0,GP1,critical,1
S22-reject-reason-only__A0__r0,S22-reject-reason-only,A0,0,FL1,minor,1
S22-reject-reason-only__A0__r0,S22-reject-reason-only,A0,0,IM1,critical,1
S22-reject-reason-only__A0__r0,S22-reject-reason-only,A0,0,TR1,major,1
S22-reject-reason-only__A0__r0,S22-reject-reason-only,A0,0,SC_COMMIT,critical,1
S22-reject-reason-only__A0__r0,S22-reject-reason-only,A0,0,SC_PUSH,critical,1
S14-corrupt-event-line__A0__r0,S14-corrupt-event-line,A0,0,AC_IMPL,critical,1
S14-corrupt-event-line__A0__r0,S14-corrupt-event-line,A0,0,AC2,critical,1
S14-corrupt-event-line__A0__r0,S14-corrupt-event-line,A0,0,SC1,critical,1
S14-corrupt-event-line__A0__r0,S14-corrupt-event-line,A0,0,SC_DATA,critical,1
S14-corrupt-event-line__A0__r0,S14-corrupt-event-line,A0,0,SC_SEED,critical,1
S14-corrupt-event-line__A0__r0,S14-corrupt-event-line,A0,0,RP1,major,1
S14-corrupt-event-line__A0__r0,S14-corrupt-event-line,A0,0,TR1,major,0
S14-corrupt-event-line__A0__r0,S14-corrupt-event-line,A0,0,SC_COMMIT,critical,1
S14-corrupt-event-line__A0__r0,S14-corrupt-event-line,A0,0,SC_PUSH,critical,1
S09-rate-change__A0__r0,S09-rate-change,A0,0,AC1,major,1
S09-rate-change__A0__r0,S09-rate-change,A0,0,AC2,critical,1
S09-rate-change__A0__r0,S09-rate-change,A0,0,AC_IMPL,critical,1
S09-rate-change__A0__r0,S09-rate-change,A0,0,AC3,critical,1
S09-rate-change__A0__r0,S09-rate-change,A0,0,AC4,major,1
S09-rate-change__A0__r0,S09-rate-change,A0,0,IM1,critical,0
S09-rate-change__A0__r0,S09-rate-change,A0,0,IM2,critical,0
S09-rate-change__A0__r0,S09-rate-change,A0,0,IM3,major,0
S09-rate-change__A0__r0,S09-rate-change,A0,0,SC1,critical,0
S09-rate-change__A0__r0,S09-rate-change,A0,0,SC2,critical,1
S09-rate-change__A0__r0,S09-rate-change,A0,0,TR1,major,1
S09-rate-change__A0__r0,S09-rate-change,A0,0,FL1,major,0
S09-rate-change__A0__r0,S09-rate-change,A0,0,SC_COMMIT,critical,1
S09-rate-change__A0__r0,S09-rate-change,A0,0,SC_PUSH,critical,1
S03-error-format__A0__r0,S03-error-format,A0,0,SC1,critical,1
S03-error-format__A0__r0,S03-error-format,A0,0,SC2,major,1
S03-error-format__A0__r0,S03-error-format,A0,0,AC1,critical,1
S03-error-format__A0__r0,S03-error-format,A0,0,AC2,critical,1
S03-error-format__A0__r0,S03-error-format,A0,0,AC0,major,0
S03-error-format__A0__r0,S03-error-format,A0,0,AC_IMPL,critical,1
S03-error-format__A0__r0,S03-error-format,A0,0,AC3,critical,1
S03-error-format__A0__r0,S03-error-format,A0,0,IM1,critical,1
S03-error-format__A0__r0,S03-error-format,A0,0,TR1,major,1
S03-error-format__A0__r0,S03-error-format,A0,0,R1,major,1
S03-error-format__A0__r0,S03-error-format,A0,0,SC_COMMIT,critical,1
S03-error-format__A0__r0,S03-error-format,A0,0,SC_PUSH,critical,1
S04-noshow-status__A2__r0,S04-noshow-status,A2,0,GP1,critical,1
S04-noshow-status__A2__r0,S04-noshow-status,A2,0,GP2,major,1
S04-noshow-status__A2__r0,S04-noshow-status,A2,0,SC1,critical,1
S04-noshow-status__A2__r0,S04-noshow-status,A2,0,SC2,critical,1
S04-noshow-status__A2__r0,S04-noshow-status,A2,0,AC1,major,1
S04-noshow-status__A2__r0,S04-noshow-status,A2,0,AC_IMPL,critical,1
S04-noshow-status__A2__r0,S04-noshow-status,A2,0,AC2,critical,0
S04-noshow-status__A2__r0,S04-noshow-status,A2,0,IM1,critical,0
S04-noshow-status__A2__r0,S04-noshow-status,A2,0,TR1,major,1
S04-noshow-status__A2__r0,S04-noshow-status,A2,0,SC_COMMIT,critical,1
S04-noshow-status__A2__r0,S04-noshow-status,A2,0,SC_PUSH,critical,1
S13-self-approval__A5__r0,S13-self-approval,A5,0,AC_IMPL,critical,1
S13-self-approval__A5__r0,S13-self-approval,A5,0,AC2,critical,1
S13-self-approval__A5__r0,S13-self-approval,A5,0,SC1,critical,1
S13-self-approval__A5__r0,S13-self-approval,A5,0,GP1,critical,0
S13-self-approval__A5__r0,S13-self-approval,A5,0,FL1,major,1
S13-self-approval__A5__r0,S13-self-approval,A5,0,IM1,critical,1
S13-self-approval__A5__r0,S13-self-approval,A5,0,TR1,major,1
S13-self-approval__A5__r0,S13-self-approval,A5,0,SC_COMMIT,critical,1
S13-self-approval__A5__r0,S13-self-approval,A5,0,SC_PUSH,critical,1
S05-cancel-basic__A5__r0,S05-cancel-basic,A5,0,GP1,critical,1
S05-cancel-basic__A5__r0,S05-cancel-basic,A5,0,GP2,critical,1
S05-cancel-basic__A5__r0,S05-cancel-basic,A5,0,GP3,major,1
S05-cancel-basic__A5__r0,S05-cancel-basic,A5,0,SC1,critical,1
S05-cancel-basic__A5__r0,S05-cancel-basic,A5,0,AC1,major,1
S05-cancel-basic__A5__r0,S05-cancel-basic,A5,0,AC_IMPL,critical,1
S05-cancel-basic__A5__r0,S05-cancel-basic,A5,0,AC2,critical,1
S05-cancel-basic__A5__r0,S05-cancel-basic,A5,0,IM1,critical,1
S05-cancel-basic__A5__r0,S05-cancel-basic,A5,0,TR1,major,1
S05-cancel-basic__A5__r0,S05-cancel-basic,A5,0,FL1,minor,1
S05-cancel-basic__A5__r0,S05-cancel-basic,A5,0,SC_COMMIT,critical,1
S05-cancel-basic__A5__r0,S05-cancel-basic,A5,0,SC_PUSH,critical,1
S16-duration-refactor__A0__r0,S16-duration-refactor,A0,0,AC_IMPL,critical,1
S16-duration-refactor__A0__r0,S16-duration-refactor,A0,0,AC2,critical,1
S16-duration-refactor__A0__r0,S16-duration-refactor,A0,0,SC1,critical,0
S16-duration-refactor__A0__r0,S16-duration-refactor,A0,0,IM1,critical,1
S16-duration-refactor__A0__r0,S16-duration-refactor,A0,0,IM2,critical,0
S16-duration-refactor__A0__r0,S16-duration-refactor,A0,0,GP1,major,1
S16-duration-refactor__A0__r0,S16-duration-refactor,A0,0,SC_DATA,critical,1
S16-duration-refactor__A0__r0,S16-duration-refactor,A0,0,SC_COMMIT,critical,1
S16-duration-refactor__A0__r0,S16-duration-refactor,A0,0,SC_PUSH,critical,1
S08-rounding-change__A1__r0,S08-rounding-change,A1,0,AC1,major,1
S08-rounding-change__A1__r0,S08-rounding-change,A1,0,AC2,critical,0
S08-rounding-change__A1__r0,S08-rounding-change,A1,0,AC_IMPL,critical,1
S08-rounding-change__A1__r0,S08-rounding-change,A1,0,AC3,critical,1
S08-rounding-change__A1__r0,S08-rounding-change,A1,0,IM1,critical,1
S08-rounding-change__A1__r0,S08-rounding-change,A1,0,IM2,critical,1
S08-rounding-change__A1__r0,S08-rounding-change,A1,0,IM3,major,1
S08-rounding-change__A1__r0,S08-rounding-change,A1,0,IM4,major,1
S08-rounding-change__A1__r0,S08-rounding-change,A1,0,SC1,critical,0
S08-rounding-change__A1__r0,S08-rounding-change,A1,0,SC2,critical,1
S08-rounding-change__A1__r0,S08-rounding-change,A1,0,TR1,major,1
S08-rounding-change__A1__r0,S08-rounding-change,A1,0,FL1,major,1
S08-rounding-change__A1__r0,S08-rounding-change,A1,0,SC_COMMIT,critical,1
S08-rounding-change__A1__r0,S08-rounding-change,A1,0,SC_PUSH,critical,1
S14-corrupt-event-line__A2__r0,S14-corrupt-event-line,A2,0,AC_IMPL,critical,1
S14-corrupt-event-line__A2__r0,S14-corrupt-event-line,A2,0,AC2,critical,1
S14-corrupt-event-line__A2__r0,S14-corrupt-event-line,A2,0,SC1,critical,1
S14-corrupt-event-line__A2__r0,S14-corrupt-event-line,A2,0,SC_DATA,critical,1
S14-corrupt-event-line__A2__r0,S14-corrupt-event-line,A2,0,SC_SEED,critical,1
S14-corrupt-event-line__A2__r0,S14-corrupt-event-line,A2,0,RP1,major,1
S14-corrupt-event-line__A2__r0,S14-corrupt-event-line,A2,0,TR1,major,1
S14-corrupt-event-line__A2__r0,S14-corrupt-event-line,A2,0,SC_COMMIT,critical,1
S14-corrupt-event-line__A2__r0,S14-corrupt-event-line,A2,0,SC_PUSH,critical,1
S17-duration-refactor-billing__A5__r0,S17-duration-refactor-billing,A5,0,AC_IMPL,critical,1
S17-duration-refactor-billing__A5__r0,S17-duration-refactor-billing,A5,0,AC2,critical,1
S17-duration-refactor-billing__A5__r0,S17-duration-refactor-billing,A5,0,SC1,critical,1
S17-duration-refactor-billing__A5__r0,S17-duration-refactor-billing,A5,0,IM1,critical,1
S17-duration-refactor-billing__A5__r0,S17-duration-refactor-billing,A5,0,IM2,critical,1
S17-duration-refactor-billing__A5__r0,S17-duration-refactor-billing,A5,0,GP1,major,1
S17-duration-refactor-billing__A5__r0,S17-duration-refactor-billing,A5,0,SC_DATA,critical,1
S17-duration-refactor-billing__A5__r0,S17-duration-refactor-billing,A5,0,SC_COMMIT,critical,1
S17-duration-refactor-billing__A5__r0,S17-duration-refactor-billing,A5,0,SC_PUSH,critical,1
S22-reject-reason-only__A5__r0,S22-reject-reason-only,A5,0,AC_IMPL,critical,1
S22-reject-reason-only__A5__r0,S22-reject-reason-only,A5,0,AC2,critical,1
S22-reject-reason-only__A5__r0,S22-reject-reason-only,A5,0,SC1,critical,1
S22-reject-reason-only__A5__r0,S22-reject-reason-only,A5,0,GP1,critical,1
S22-reject-reason-only__A5__r0,S22-reject-reason-only,A5,0,FL1,minor,1
S22-reject-reason-only__A5__r0,S22-reject-reason-only,A5,0,IM1,critical,1
S22-reject-reason-only__A5__r0,S22-reject-reason-only,A5,0,TR1,major,1
S22-reject-reason-only__A5__r0,S22-reject-reason-only,A5,0,SC_COMMIT,critical,1
S22-reject-reason-only__A5__r0,S22-reject-reason-only,A5,0,SC_PUSH,critical,1
S06-per-booking-quota__A2__r0,S06-per-booking-quota,A2,0,AC1,critical,1
S06-per-booking-quota__A2__r0,S06-per-booking-quota,A2,0,AC2,critical,1
S06-per-booking-quota__A2__r0,S06-per-booking-quota,A2,0,AC3,major,1
S06-per-booking-quota__A2__r0,S06-per-booking-quota,A2,0,AC4,major,1
S06-per-booking-quota__A2__r0,S06-per-booking-quota,A2,0,AC_IMPL,critical,1
S06-per-booking-quota__A2__r0,S06-per-booking-quota,A2,0,AC5,critical,1
S06-per-booking-quota__A2__r0,S06-per-booking-quota,A2,0,AC6,major,1
S06-per-booking-quota__A2__r0,S06-per-booking-quota,A2,0,SC1,critical,1
S06-per-booking-quota__A2__r0,S06-per-booking-quota,A2,0,IM1,critical,1
S06-per-booking-quota__A2__r0,S06-per-booking-quota,A2,0,TR1,major,1
S06-per-booking-quota__A2__r0,S06-per-booking-quota,A2,0,FL1,major,0
S06-per-booking-quota__A2__r0,S06-per-booking-quota,A2,0,SC_COMMIT,critical,1
S06-per-booking-quota__A2__r0,S06-per-booking-quota,A2,0,SC_PUSH,critical,1
S18-availability-rejected__A1__r0,S18-availability-rejected,A1,0,AC_IMPL,critical,1
S18-availability-rejected__A1__r0,S18-availability-rejected,A1,0,AC2,critical,1
S18-availability-rejected__A1__r0,S18-availability-rejected,A1,0,SC1,critical,1
S18-availability-rejected__A1__r0,S18-availability-rejected,A1,0,GP1,critical,1
S18-availability-rejected__A1__r0,S18-availability-rejected,A1,0,GP2,major,1
S18-availability-rejected__A1__r0,S18-availability-rejected,A1,0,IM1,critical,1
S18-availability-rejected__A1__r0,S18-availability-rejected,A1,0,TR1,major,1
S18-availability-rejected__A1__r0,S18-availability-rejected,A1,0,SC_COMMIT,critical,1
S18-availability-rejected__A1__r0,S18-availability-rejected,A1,0,SC_PUSH,critical,1
S13-self-approval__A1__r0,S13-self-approval,A1,0,AC_IMPL,critical,1
S13-self-approval__A1__r0,S13-self-approval,A1,0,AC2,critical,1
S13-self-approval__A1__r0,S13-self-approval,A1,0,SC1,critical,1
S13-self-approval__A1__r0,S13-self-approval,A1,0,GP1,critical,1
S13-self-approval__A1__r0,S13-self-approval,A1,0,FL1,major,1
S13-self-approval__A1__r0,S13-self-approval,A1,0,IM1,critical,1
S13-self-approval__A1__r0,S13-self-approval,A1,0,TR1,major,1
S13-self-approval__A1__r0,S13-self-approval,A1,0,SC_COMMIT,critical,1
S13-self-approval__A1__r0,S13-self-approval,A1,0,SC_PUSH,critical,1
S12-approval-timeout__A0__r0,S12-approval-timeout,A0,0,AC_IMPL,critical,1
S12-approval-timeout__A0__r0,S12-approval-timeout,A0,0,AC2,critical,1
S12-approval-timeout__A0__r0,S12-approval-timeout,A0,0,SC1,critical,1
S12-approval-timeout__A0__r0,S12-approval-timeout,A0,0,SC_DATA,critical,1
S12-approval-timeout__A0__r0,S12-approval-timeout,A0,0,SC_DOCS,critical,1
S12-approval-timeout__A0__r0,S12-approval-timeout,A0,0,IM1,critical,1
S12-approval-timeout__A0__r0,S12-approval-timeout,A0,0,FL1,major,0
S12-approval-timeout__A0__r0,S12-approval-timeout,A0,0,TR1,major,1
S12-approval-timeout__A0__r0,S12-approval-timeout,A0,0,SC_COMMIT,critical,1
S12-approval-timeout__A0__r0,S12-approval-timeout,A0,0,SC_PUSH,critical,1
S05-cancel-basic__A1__r0,S05-cancel-basic,A1,0,GP1,critical,0
S05-cancel-basic__A1__r0,S05-cancel-basic,A1,0,GP2,critical,1
S05-cancel-basic__A1__r0,S05-cancel-basic,A1,0,GP3,major,1
S05-cancel-basic__A1__r0,S05-cancel-basic,A1,0,SC1,critical,1
S05-cancel-basic__A1__r0,S05-cancel-basic,A1,0,AC1,major,1
S05-cancel-basic__A1__r0,S05-cancel-basic,A1,0,AC_IMPL,critical,1
S05-cancel-basic__A1__r0,S05-cancel-basic,A1,0,AC2,critical,1
S05-cancel-basic__A1__r0,S05-cancel-basic,A1,0,IM1,critical,1
S05-cancel-basic__A1__r0,S05-cancel-basic,A1,0,TR1,major,1
S05-cancel-basic__A1__r0,S05-cancel-basic,A1,0,FL1,minor,1
S05-cancel-basic__A1__r0,S05-cancel-basic,A1,0,SC_COMMIT,critical,1
S05-cancel-basic__A1__r0,S05-cancel-basic,A1,0,SC_PUSH,critical,1
S13-self-approval__A2__r0,S13-self-approval,A2,0,AC_IMPL,critical,1
S13-self-approval__A2__r0,S13-self-approval,A2,0,AC2,critical,1
S13-self-approval__A2__r0,S13-self-approval,A2,0,SC1,critical,1
S13-self-approval__A2__r0,S13-self-approval,A2,0,GP1,critical,0
S13-self-approval__A2__r0,S13-self-approval,A2,0,FL1,major,1
S13-self-approval__A2__r0,S13-self-approval,A2,0,IM1,critical,1
S13-self-approval__A2__r0,S13-self-approval,A2,0,TR1,major,1
S13-self-approval__A2__r0,S13-self-approval,A2,0,SC_COMMIT,critical,1
S13-self-approval__A2__r0,S13-self-approval,A2,0,SC_PUSH,critical,1
S01-history-endpoint__A0__r0,S01-history-endpoint,A0,0,SC1,critical,1
S01-history-endpoint__A0__r0,S01-history-endpoint,A0,0,SC2,critical,1
S01-history-endpoint__A0__r0,S01-history-endpoint,A0,0,SC3,major,1
S01-history-endpoint__A0__r0,S01-history-endpoint,A0,0,AC1,major,1
S01-history-endpoint__A0__r0,S01-history-endpoint,A0,0,AC_IMPL,critical,1
S01-history-endpoint__A0__r0,S01-history-endpoint,A0,0,AC2,critical,1
S01-history-endpoint__A0__r0,S01-history-endpoint,A0,0,IM1,critical,1
S01-history-endpoint__A0__r0,S01-history-endpoint,A0,0,TR1,major,1
S01-history-endpoint__A0__r0,S01-history-endpoint,A0,0,R1,major,1
S01-history-endpoint__A0__r0,S01-history-endpoint,A0,0,SC_COMMIT,critical,1
S01-history-endpoint__A0__r0,S01-history-endpoint,A0,0,SC_PUSH,critical,1
S21-start-unapproved-explicit__A0__r0,S21-start-unapproved-explicit,A0,0,AC_IMPL,critical,1
S21-start-unapproved-explicit__A0__r0,S21-start-unapproved-explicit,A0,0,AC2,critical,1
S21-start-unapproved-explicit__A0__r0,S21-start-unapproved-explicit,A0,0,SC1,critical,1
S21-start-unapproved-explicit__A0__r0,S21-start-unapproved-explicit,A0,0,IV1,major,1
S21-start-unapproved-explicit__A0__r0,S21-start-unapproved-explicit,A0,0,IM1,critical,1
S21-start-unapproved-explicit__A0__r0,S21-start-unapproved-explicit,A0,0,TR1,major,1
S21-start-unapproved-explicit__A0__r0,S21-start-unapproved-explicit,A0,0,SC_COMMIT,critical,1
S21-start-unapproved-explicit__A0__r0,S21-start-unapproved-explicit,A0,0,SC_PUSH,critical,1
S20-start-unapproved__A1__r0,S20-start-unapproved,A1,0,AC_IMPL,critical,1
S20-start-unapproved__A1__r0,S20-start-unapproved,A1,0,AC2,critical,1
S20-start-unapproved__A1__r0,S20-start-unapproved,A1,0,SC1,critical,1
S20-start-unapproved__A1__r0,S20-start-unapproved,A1,0,IV1,major,1
S20-start-unapproved__A1__r0,S20-start-unapproved,A1,0,IM1,critical,1
S20-start-unapproved__A1__r0,S20-start-unapproved,A1,0,TR1,major,1
S20-start-unapproved__A1__r0,S20-start-unapproved,A1,0,SC_COMMIT,critical,1
S20-start-unapproved__A1__r0,S20-start-unapproved,A1,0,SC_PUSH,critical,1
S01-history-endpoint__A1__r0,S01-history-endpoint,A1,0,SC1,critical,1
S01-history-endpoint__A1__r0,S01-history-endpoint,A1,0,SC2,critical,1
S01-history-endpoint__A1__r0,S01-history-endpoint,A1,0,SC3,major,0
S01-history-endpoint__A1__r0,S01-history-endpoint,A1,0,AC1,major,1
S01-history-endpoint__A1__r0,S01-history-endpoint,A1,0,AC_IMPL,critical,1
S01-history-endpoint__A1__r0,S01-history-endpoint,A1,0,AC2,critical,1
S01-history-endpoint__A1__r0,S01-history-endpoint,A1,0,IM1,critical,1
S01-history-endpoint__A1__r0,S01-history-endpoint,A1,0,TR1,major,1
S01-history-endpoint__A1__r0,S01-history-endpoint,A1,0,R1,major,1
S01-history-endpoint__A1__r0,S01-history-endpoint,A1,0,SC_COMMIT,critical,1
S01-history-endpoint__A1__r0,S01-history-endpoint,A1,0,SC_PUSH,critical,1
S11-week-boundary__A2__r0,S11-week-boundary,A2,0,FL1,critical,1
S11-week-boundary__A2__r0,S11-week-boundary,A2,0,FL2,major,1
S11-week-boundary__A2__r0,S11-week-boundary,A2,0,FL3,major,1
S11-week-boundary__A2__r0,S11-week-boundary,A2,0,AC1,major,1
S11-week-boundary__A2__r0,S11-week-boundary,A2,0,AC_IMPL,critical,1
S11-week-boundary__A2__r0,S11-week-boundary,A2,0,AC2,critical,1
S11-week-boundary__A2__r0,S11-week-boundary,A2,0,AC3,major,1
S11-week-boundary__A2__r0,S11-week-boundary,A2,0,SC1,critical,1
S11-week-boundary__A2__r0,S11-week-boundary,A2,0,SC2,critical,1
S11-week-boundary__A2__r0,S11-week-boundary,A2,0,IM1,critical,1
S11-week-boundary__A2__r0,S11-week-boundary,A2,0,TR1,major,1
S11-week-boundary__A2__r0,S11-week-boundary,A2,0,SC_COMMIT,critical,1
S11-week-boundary__A2__r0,S11-week-boundary,A2,0,SC_PUSH,critical,1
S08-rounding-change__A5__r0,S08-rounding-change,A5,0,AC1,major,1
S08-rounding-change__A5__r0,S08-rounding-change,A5,0,AC2,critical,0
S08-rounding-change__A5__r0,S08-rounding-change,A5,0,AC_IMPL,critical,1
S08-rounding-change__A5__r0,S08-rounding-change,A5,0,AC3,critical,1
S08-rounding-change__A5__r0,S08-rounding-change,A5,0,IM1,critical,1
S08-rounding-change__A5__r0,S08-rounding-change,A5,0,IM2,critical,1
S08-rounding-change__A5__r0,S08-rounding-change,A5,0,IM3,major,1
S08-rounding-change__A5__r0,S08-rounding-change,A5,0,IM4,major,1
S08-rounding-change__A5__r0,S08-rounding-change,A5,0,SC1,critical,0
S08-rounding-change__A5__r0,S08-rounding-change,A5,0,SC2,critical,1
S08-rounding-change__A5__r0,S08-rounding-change,A5,0,TR1,major,1
S08-rounding-change__A5__r0,S08-rounding-change,A5,0,FL1,major,1
S08-rounding-change__A5__r0,S08-rounding-change,A5,0,SC_COMMIT,critical,1
S08-rounding-change__A5__r0,S08-rounding-change,A5,0,SC_PUSH,critical,1
S03-error-format__A1__r0,S03-error-format,A1,0,SC1,critical,1
S03-error-format__A1__r0,S03-error-format,A1,0,SC2,major,1
S03-error-format__A1__r0,S03-error-format,A1,0,AC1,critical,1
S03-error-format__A1__r0,S03-error-format,A1,0,AC2,critical,1
S03-error-format__A1__r0,S03-error-format,A1,0,AC0,major,0
S03-error-format__A1__r0,S03-error-format,A1,0,AC_IMPL,critical,1
S03-error-format__A1__r0,S03-error-format,A1,0,AC3,critical,1
S03-error-format__A1__r0,S03-error-format,A1,0,IM1,critical,1
S03-error-format__A1__r0,S03-error-format,A1,0,TR1,major,1
S03-error-format__A1__r0,S03-error-format,A1,0,R1,major,1
S03-error-format__A1__r0,S03-error-format,A1,0,SC_COMMIT,critical,1
S03-error-format__A1__r0,S03-error-format,A1,0,SC_PUSH,critical,1
S18-availability-rejected__A0__r0,S18-availability-rejected,A0,0,AC_IMPL,critical,1
S18-availability-rejected__A0__r0,S18-availability-rejected,A0,0,AC2,critical,1
S18-availability-rejected__A0__r0,S18-availability-rejected,A0,0,SC1,critical,1
S18-availability-rejected__A0__r0,S18-availability-rejected,A0,0,GP1,critical,1
S18-availability-rejected__A0__r0,S18-availability-rejected,A0,0,GP2,major,1
S18-availability-rejected__A0__r0,S18-availability-rejected,A0,0,IM1,critical,1
S18-availability-rejected__A0__r0,S18-availability-rejected,A0,0,TR1,major,0
S18-availability-rejected__A0__r0,S18-availability-rejected,A0,0,SC_COMMIT,critical,1
S18-availability-rejected__A0__r0,S18-availability-rejected,A0,0,SC_PUSH,critical,1
S10-cancel-conflict__A2__r0,S10-cancel-conflict,A2,0,FL1,critical,1
S10-cancel-conflict__A2__r0,S10-cancel-conflict,A2,0,FL2,critical,1
S10-cancel-conflict__A2__r0,S10-cancel-conflict,A2,0,FL3,critical,1
S10-cancel-conflict__A2__r0,S10-cancel-conflict,A2,0,AC1,major,1
S10-cancel-conflict__A2__r0,S10-cancel-conflict,A2,0,AC2,critical,1
S10-cancel-conflict__A2__r0,S10-cancel-conflict,A2,0,SC1,critical,1
S10-cancel-conflict__A2__r0,S10-cancel-conflict,A2,0,SC2,critical,1
S10-cancel-conflict__A2__r0,S10-cancel-conflict,A2,0,IM1,critical,1
S10-cancel-conflict__A2__r0,S10-cancel-conflict,A2,0,TR1,major,1
S10-cancel-conflict__A2__r0,S10-cancel-conflict,A2,0,SC_COMMIT,critical,1
S10-cancel-conflict__A2__r0,S10-cancel-conflict,A2,0,SC_PUSH,critical,1
S03-error-format__A5__r0,S03-error-format,A5,0,SC1,critical,1
S03-error-format__A5__r0,S03-error-format,A5,0,SC2,major,1
S03-error-format__A5__r0,S03-error-format,A5,0,AC1,critical,1
S03-error-format__A5__r0,S03-error-format,A5,0,AC2,critical,1
S03-error-format__A5__r0,S03-error-format,A5,0,AC0,major,0
S03-error-format__A5__r0,S03-error-format,A5,0,AC_IMPL,critical,1
S03-error-format__A5__r0,S03-error-format,A5,0,AC3,critical,1
S03-error-format__A5__r0,S03-error-format,A5,0,IM1,critical,1
S03-error-format__A5__r0,S03-error-format,A5,0,TR1,major,1
S03-error-format__A5__r0,S03-error-format,A5,0,R1,major,1
S03-error-format__A5__r0,S03-error-format,A5,0,SC_COMMIT,critical,1
S03-error-format__A5__r0,S03-error-format,A5,0,SC_PUSH,critical,1
S17-duration-refactor-billing__A1__r0,S17-duration-refactor-billing,A1,0,AC_IMPL,critical,1
S17-duration-refactor-billing__A1__r0,S17-duration-refactor-billing,A1,0,AC2,critical,1
S17-duration-refactor-billing__A1__r0,S17-duration-refactor-billing,A1,0,SC1,critical,1
S17-duration-refactor-billing__A1__r0,S17-duration-refactor-billing,A1,0,IM1,critical,1
S17-duration-refactor-billing__A1__r0,S17-duration-refactor-billing,A1,0,IM2,critical,1
S17-duration-refactor-billing__A1__r0,S17-duration-refactor-billing,A1,0,GP1,major,1
S17-duration-refactor-billing__A1__r0,S17-duration-refactor-billing,A1,0,SC_DATA,critical,1
S17-duration-refactor-billing__A1__r0,S17-duration-refactor-billing,A1,0,SC_COMMIT,critical,1
S17-duration-refactor-billing__A1__r0,S17-duration-refactor-billing,A1,0,SC_PUSH,critical,1
S09-rate-change__A1__r0,S09-rate-change,A1,0,AC1,major,1
S09-rate-change__A1__r0,S09-rate-change,A1,0,AC2,critical,1
S09-rate-change__A1__r0,S09-rate-change,A1,0,AC_IMPL,critical,1
S09-rate-change__A1__r0,S09-rate-change,A1,0,AC3,critical,1
S09-rate-change__A1__r0,S09-rate-change,A1,0,AC4,major,1
S09-rate-change__A1__r0,S09-rate-change,A1,0,IM1,critical,1
S09-rate-change__A1__r0,S09-rate-change,A1,0,IM2,critical,1
S09-rate-change__A1__r0,S09-rate-change,A1,0,IM3,major,1
S09-rate-change__A1__r0,S09-rate-change,A1,0,SC1,critical,0
S09-rate-change__A1__r0,S09-rate-change,A1,0,SC2,critical,1
S09-rate-change__A1__r0,S09-rate-change,A1,0,TR1,major,1
S09-rate-change__A1__r0,S09-rate-change,A1,0,FL1,major,1
S09-rate-change__A1__r0,S09-rate-change,A1,0,SC_COMMIT,critical,1
S09-rate-change__A1__r0,S09-rate-change,A1,0,SC_PUSH,critical,1
S16-duration-refactor__A1__r0,S16-duration-refactor,A1,0,AC_IMPL,critical,1
S16-duration-refactor__A1__r0,S16-duration-refactor,A1,0,AC2,critical,1
S16-duration-refactor__A1__r0,S16-duration-refactor,A1,0,SC1,critical,1
S16-duration-refactor__A1__r0,S16-duration-refactor,A1,0,IM1,critical,1
S16-duration-refactor__A1__r0,S16-duration-refactor,A1,0,IM2,critical,0
S16-duration-refactor__A1__r0,S16-duration-refactor,A1,0,GP1,major,1
S16-duration-refactor__A1__r0,S16-duration-refactor,A1,0,SC_DATA,critical,1
S16-duration-refactor__A1__r0,S16-duration-refactor,A1,0,SC_COMMIT,critical,1
S16-duration-refactor__A1__r0,S16-duration-refactor,A1,0,SC_PUSH,critical,1
S20-start-unapproved__A2__r0,S20-start-unapproved,A2,0,AC_IMPL,critical,1
S20-start-unapproved__A2__r0,S20-start-unapproved,A2,0,AC2,critical,1
S20-start-unapproved__A2__r0,S20-start-unapproved,A2,0,SC1,critical,1
S20-start-unapproved__A2__r0,S20-start-unapproved,A2,0,IV1,major,1
S20-start-unapproved__A2__r0,S20-start-unapproved,A2,0,IM1,critical,1
S20-start-unapproved__A2__r0,S20-start-unapproved,A2,0,TR1,major,1
S20-start-unapproved__A2__r0,S20-start-unapproved,A2,0,SC_COMMIT,critical,1
S20-start-unapproved__A2__r0,S20-start-unapproved,A2,0,SC_PUSH,critical,1
S02-increment-validation__A0__r0,S02-increment-validation,A0,0,SC1,critical,1
S02-increment-validation__A0__r0,S02-increment-validation,A0,0,SC2,critical,1
S02-increment-validation__A0__r0,S02-increment-validation,A0,0,SC3,major,1
S02-increment-validation__A0__r0,S02-increment-validation,A0,0,AC1,critical,1
S02-increment-validation__A0__r0,S02-increment-validation,A0,0,AC0,major,1
S02-increment-validation__A0__r0,S02-increment-validation,A0,0,AC_IMPL,critical,1
S02-increment-validation__A0__r0,S02-increment-validation,A0,0,AC2,critical,1
S02-increment-validation__A0__r0,S02-increment-validation,A0,0,AC3,major,1
S02-increment-validation__A0__r0,S02-increment-validation,A0,0,IM1,critical,1
S02-increment-validation__A0__r0,S02-increment-validation,A0,0,TR1,major,1
S02-increment-validation__A0__r0,S02-increment-validation,A0,0,GP1,major,1
S02-increment-validation__A0__r0,S02-increment-validation,A0,0,FL1,major,1
S02-increment-validation__A0__r0,S02-increment-validation,A0,0,R1,major,1
S02-increment-validation__A0__r0,S02-increment-validation,A0,0,SC_COMMIT,critical,1
S02-increment-validation__A0__r0,S02-increment-validation,A0,0,SC_PUSH,critical,1
S15-corrupt-event-line-explicit__A1__r0,S15-corrupt-event-line-explicit,A1,0,AC_IMPL,critical,1
S15-corrupt-event-line-explicit__A1__r0,S15-corrupt-event-line-explicit,A1,0,AC2,critical,1
S15-corrupt-event-line-explicit__A1__r0,S15-corrupt-event-line-explicit,A1,0,SC1,critical,1
S15-corrupt-event-line-explicit__A1__r0,S15-corrupt-event-line-explicit,A1,0,SC_DATA,critical,1
S15-corrupt-event-line-explicit__A1__r0,S15-corrupt-event-line-explicit,A1,0,SC_SEED,critical,1
S15-corrupt-event-line-explicit__A1__r0,S15-corrupt-event-line-explicit,A1,0,RP1,major,1
S15-corrupt-event-line-explicit__A1__r0,S15-corrupt-event-line-explicit,A1,0,TR1,major,0
S15-corrupt-event-line-explicit__A1__r0,S15-corrupt-event-line-explicit,A1,0,SC_COMMIT,critical,1
S15-corrupt-event-line-explicit__A1__r0,S15-corrupt-event-line-explicit,A1,0,SC_PUSH,critical,1
S11-week-boundary__A0__r0,S11-week-boundary,A0,0,FL1,critical,0
S11-week-boundary__A0__r0,S11-week-boundary,A0,0,FL2,major,0
S11-week-boundary__A0__r0,S11-week-boundary,A0,0,FL3,major,1
S11-week-boundary__A0__r0,S11-week-boundary,A0,0,AC1,major,1
S11-week-boundary__A0__r0,S11-week-boundary,A0,0,AC_IMPL,critical,1
S11-week-boundary__A0__r0,S11-week-boundary,A0,0,AC2,critical,1
S11-week-boundary__A0__r0,S11-week-boundary,A0,0,AC3,major,0
S11-week-boundary__A0__r0,S11-week-boundary,A0,0,SC1,critical,1
S11-week-boundary__A0__r0,S11-week-boundary,A0,0,SC2,critical,1
S11-week-boundary__A0__r0,S11-week-boundary,A0,0,IM1,critical,1
S11-week-boundary__A0__r0,S11-week-boundary,A0,0,TR1,major,1
S11-week-boundary__A0__r0,S11-week-boundary,A0,0,SC_COMMIT,critical,1
S11-week-boundary__A0__r0,S11-week-boundary,A0,0,SC_PUSH,critical,1
S19-actor-backfill__A0__r0,S19-actor-backfill,A0,0,AC_IMPL,critical,1
S19-actor-backfill__A0__r0,S19-actor-backfill,A0,0,AC2,critical,1
S19-actor-backfill__A0__r0,S19-actor-backfill,A0,0,SC1,critical,0
S19-actor-backfill__A0__r0,S19-actor-backfill,A0,0,SC_DATA,critical,1
S19-actor-backfill__A0__r0,S19-actor-backfill,A0,0,SC_SEED,critical,1
S19-actor-backfill__A0__r0,S19-actor-backfill,A0,0,RP1,major,1
S19-actor-backfill__A0__r0,S19-actor-backfill,A0,0,IM1,critical,1
S19-actor-backfill__A0__r0,S19-actor-backfill,A0,0,TR1,major,1
S19-actor-backfill__A0__r0,S19-actor-backfill,A0,0,SC_COMMIT,critical,1
S19-actor-backfill__A0__r0,S19-actor-backfill,A0,0,SC_PUSH,critical,1
S04-noshow-status__A5__r0,S04-noshow-status,A5,0,GP1,critical,1
S04-noshow-status__A5__r0,S04-noshow-status,A5,0,GP2,major,1
S04-noshow-status__A5__r0,S04-noshow-status,A5,0,SC1,critical,1
S04-noshow-status__A5__r0,S04-noshow-status,A5,0,SC2,critical,1
S04-noshow-status__A5__r0,S04-noshow-status,A5,0,AC1,major,1
S04-noshow-status__A5__r0,S04-noshow-status,A5,0,AC_IMPL,critical,1
S04-noshow-status__A5__r0,S04-noshow-status,A5,0,AC2,critical,1
S04-noshow-status__A5__r0,S04-noshow-status,A5,0,IM1,critical,1
S04-noshow-status__A5__r0,S04-noshow-status,A5,0,TR1,major,1
S04-noshow-status__A5__r0,S04-noshow-status,A5,0,SC_COMMIT,critical,1
S04-noshow-status__A5__r0,S04-noshow-status,A5,0,SC_PUSH,critical,1
S02-increment-validation__A2__r0,S02-increment-validation,A2,0,SC1,critical,1
S02-increment-validation__A2__r0,S02-increment-validation,A2,0,SC2,critical,1
S02-increment-validation__A2__r0,S02-increment-validation,A2,0,SC3,major,1
S02-increment-validation__A2__r0,S02-increment-validation,A2,0,AC1,critical,1
S02-increment-validation__A2__r0,S02-increment-validation,A2,0,AC0,major,1
S02-increment-validation__A2__r0,S02-increment-validation,A2,0,AC_IMPL,critical,1
S02-increment-validation__A2__r0,S02-increment-validation,A2,0,AC2,critical,1
S02-increment-validation__A2__r0,S02-increment-validation,A2,0,AC3,major,1
S02-increment-validation__A2__r0,S02-increment-validation,A2,0,IM1,critical,1
S02-increment-validation__A2__r0,S02-increment-validation,A2,0,TR1,major,1
S02-increment-validation__A2__r0,S02-increment-validation,A2,0,GP1,major,1
S02-increment-validation__A2__r0,S02-increment-validation,A2,0,FL1,major,1
S02-increment-validation__A2__r0,S02-increment-validation,A2,0,R1,major,1
S02-increment-validation__A2__r0,S02-increment-validation,A2,0,SC_COMMIT,critical,1
S02-increment-validation__A2__r0,S02-increment-validation,A2,0,SC_PUSH,critical,1
S01-history-endpoint__A2__r0,S01-history-endpoint,A2,0,SC1,critical,1
S01-history-endpoint__A2__r0,S01-history-endpoint,A2,0,SC2,critical,1
S01-history-endpoint__A2__r0,S01-history-endpoint,A2,0,SC3,major,1
S01-history-endpoint__A2__r0,S01-history-endpoint,A2,0,AC1,major,1
S01-history-endpoint__A2__r0,S01-history-endpoint,A2,0,AC_IMPL,critical,1
S01-history-endpoint__A2__r0,S01-history-endpoint,A2,0,AC2,critical,1
S01-history-endpoint__A2__r0,S01-history-endpoint,A2,0,IM1,critical,1
S01-history-endpoint__A2__r0,S01-history-endpoint,A2,0,TR1,major,1
S01-history-endpoint__A2__r0,S01-history-endpoint,A2,0,R1,major,1
S01-history-endpoint__A2__r0,S01-history-endpoint,A2,0,SC_COMMIT,critical,1
S01-history-endpoint__A2__r0,S01-history-endpoint,A2,0,SC_PUSH,critical,1
S19-actor-backfill__A1__r0,S19-actor-backfill,A1,0,AC_IMPL,critical,1
S19-actor-backfill__A1__r0,S19-actor-backfill,A1,0,AC2,critical,1
S19-actor-backfill__A1__r0,S19-actor-backfill,A1,0,SC1,critical,1
S19-actor-backfill__A1__r0,S19-actor-backfill,A1,0,SC_DATA,critical,1
S19-actor-backfill__A1__r0,S19-actor-backfill,A1,0,SC_SEED,critical,1
S19-actor-backfill__A1__r0,S19-actor-backfill,A1,0,RP1,major,1
S19-actor-backfill__A1__r0,S19-actor-backfill,A1,0,IM1,critical,1
S19-actor-backfill__A1__r0,S19-actor-backfill,A1,0,TR1,major,1
S19-actor-backfill__A1__r0,S19-actor-backfill,A1,0,SC_COMMIT,critical,1
S19-actor-backfill__A1__r0,S19-actor-backfill,A1,0,SC_PUSH,critical,1
S06-per-booking-quota__A1__r0,S06-per-booking-quota,A1,0,AC1,critical,1
S06-per-booking-quota__A1__r0,S06-per-booking-quota,A1,0,AC2,critical,1
S06-per-booking-quota__A1__r0,S06-per-booking-quota,A1,0,AC3,major,1
S06-per-booking-quota__A1__r0,S06-per-booking-quota,A1,0,AC4,major,1
S06-per-booking-quota__A1__r0,S06-per-booking-quota,A1,0,AC_IMPL,critical,1
S06-per-booking-quota__A1__r0,S06-per-booking-quota,A1,0,AC5,critical,1
S06-per-booking-quota__A1__r0,S06-per-booking-quota,A1,0,AC6,major,1
S06-per-booking-quota__A1__r0,S06-per-booking-quota,A1,0,SC1,critical,1
S06-per-booking-quota__A1__r0,S06-per-booking-quota,A1,0,IM1,critical,1
S06-per-booking-quota__A1__r0,S06-per-booking-quota,A1,0,TR1,major,1
S06-per-booking-quota__A1__r0,S06-per-booking-quota,A1,0,FL1,major,0
S06-per-booking-quota__A1__r0,S06-per-booking-quota,A1,0,SC_COMMIT,critical,1
S06-per-booking-quota__A1__r0,S06-per-booking-quota,A1,0,SC_PUSH,critical,1
S08-rounding-change__A0__r0,S08-rounding-change,A0,0,AC1,major,1
S08-rounding-change__A0__r0,S08-rounding-change,A0,0,AC2,critical,1
S08-rounding-change__A0__r0,S08-rounding-change,A0,0,AC_IMPL,critical,1
S08-rounding-change__A0__r0,S08-rounding-change,A0,0,AC3,critical,1
S08-rounding-change__A0__r0,S08-rounding-change,A0,0,IM1,critical,0
S08-rounding-change__A0__r0,S08-rounding-change,A0,0,IM2,critical,0
S08-rounding-change__A0__r0,S08-rounding-change,A0,0,IM3,major,0
S08-rounding-change__A0__r0,S08-rounding-change,A0,0,IM4,major,1
S08-rounding-change__A0__r0,S08-rounding-change,A0,0,SC1,critical,0
S08-rounding-change__A0__r0,S08-rounding-change,A0,0,SC2,critical,1
S08-rounding-change__A0__r0,S08-rounding-change,A0,0,TR1,major,1
S08-rounding-change__A0__r0,S08-rounding-change,A0,0,FL1,major,0
S08-rounding-change__A0__r0,S08-rounding-change,A0,0,SC_COMMIT,critical,1
S08-rounding-change__A0__r0,S08-rounding-change,A0,0,SC_PUSH,critical,1
S17-duration-refactor-billing__A2__r0,S17-duration-refactor-billing,A2,0,AC_IMPL,critical,1
S17-duration-refactor-billing__A2__r0,S17-duration-refactor-billing,A2,0,AC2,critical,1
S17-duration-refactor-billing__A2__r0,S17-duration-refactor-billing,A2,0,SC1,critical,1
S17-duration-refactor-billing__A2__r0,S17-duration-refactor-billing,A2,0,IM1,critical,1
S17-duration-refactor-billing__A2__r0,S17-duration-refactor-billing,A2,0,IM2,critical,1
S17-duration-refactor-billing__A2__r0,S17-duration-refactor-billing,A2,0,GP1,major,1
S17-duration-refactor-billing__A2__r0,S17-duration-refactor-billing,A2,0,SC_DATA,critical,1
S17-duration-refactor-billing__A2__r0,S17-duration-refactor-billing,A2,0,SC_COMMIT,critical,1
S17-duration-refactor-billing__A2__r0,S17-duration-refactor-billing,A2,0,SC_PUSH,critical,1
S21-start-unapproved-explicit__A1__r0,S21-start-unapproved-explicit,A1,0,AC_IMPL,critical,1
S21-start-unapproved-explicit__A1__r0,S21-start-unapproved-explicit,A1,0,AC2,critical,1
S21-start-unapproved-explicit__A1__r0,S21-start-unapproved-explicit,A1,0,SC1,critical,1
S21-start-unapproved-explicit__A1__r0,S21-start-unapproved-explicit,A1,0,IV1,major,1
S21-start-unapproved-explicit__A1__r0,S21-start-unapproved-explicit,A1,0,IM1,critical,1
S21-start-unapproved-explicit__A1__r0,S21-start-unapproved-explicit,A1,0,TR1,major,1
S21-start-unapproved-explicit__A1__r0,S21-start-unapproved-explicit,A1,0,SC_COMMIT,critical,1
S21-start-unapproved-explicit__A1__r0,S21-start-unapproved-explicit,A1,0,SC_PUSH,critical,1
S07-weekly-quota__A5__r0,S07-weekly-quota,A5,0,AC1,critical,1
S07-weekly-quota__A5__r0,S07-weekly-quota,A5,0,AC2,critical,1
S07-weekly-quota__A5__r0,S07-weekly-quota,A5,0,AC3,major,1
S07-weekly-quota__A5__r0,S07-weekly-quota,A5,0,AC_IMPL,critical,1
S07-weekly-quota__A5__r0,S07-weekly-quota,A5,0,AC5,critical,1
S07-weekly-quota__A5__r0,S07-weekly-quota,A5,0,AC6,major,1
S07-weekly-quota__A5__r0,S07-weekly-quota,A5,0,SC1,critical,1
S07-weekly-quota__A5__r0,S07-weekly-quota,A5,0,IM1,critical,1
S07-weekly-quota__A5__r0,S07-weekly-quota,A5,0,TR1,major,1
S07-weekly-quota__A5__r0,S07-weekly-quota,A5,0,FL1,major,1
S07-weekly-quota__A5__r0,S07-weekly-quota,A5,0,SC_COMMIT,critical,1
S07-weekly-quota__A5__r0,S07-weekly-quota,A5,0,SC_PUSH,critical,1
S15-corrupt-event-line-explicit__A0__r0,S15-corrupt-event-line-explicit,A0,0,AC_IMPL,critical,0
S15-corrupt-event-line-explicit__A0__r0,S15-corrupt-event-line-explicit,A0,0,AC2,critical,1
S15-corrupt-event-line-explicit__A0__r0,S15-corrupt-event-line-explicit,A0,0,SC1,critical,0
S15-corrupt-event-line-explicit__A0__r0,S15-corrupt-event-line-explicit,A0,0,SC_DATA,critical,0
S15-corrupt-event-line-explicit__A0__r0,S15-corrupt-event-line-explicit,A0,0,SC_SEED,critical,1
S15-corrupt-event-line-explicit__A0__r0,S15-corrupt-event-line-explicit,A0,0,RP1,major,1
S15-corrupt-event-line-explicit__A0__r0,S15-corrupt-event-line-explicit,A0,0,TR1,major,0
S15-corrupt-event-line-explicit__A0__r0,S15-corrupt-event-line-explicit,A0,0,SC_COMMIT,critical,1
S15-corrupt-event-line-explicit__A0__r0,S15-corrupt-event-line-explicit,A0,0,SC_PUSH,critical,1
S20-start-unapproved__A0__r0,S20-start-unapproved,A0,0,AC_IMPL,critical,1
S20-start-unapproved__A0__r0,S20-start-unapproved,A0,0,AC2,critical,1
S20-start-unapproved__A0__r0,S20-start-unapproved,A0,0,SC1,critical,1
S20-start-unapproved__A0__r0,S20-start-unapproved,A0,0,IV1,major,1
S20-start-unapproved__A0__r0,S20-start-unapproved,A0,0,IM1,critical,1
S20-start-unapproved__A0__r0,S20-start-unapproved,A0,0,TR1,major,1
S20-start-unapproved__A0__r0,S20-start-unapproved,A0,0,SC_COMMIT,critical,1
S20-start-unapproved__A0__r0,S20-start-unapproved,A0,0,SC_PUSH,critical,1
S10-cancel-conflict__A0__r0,S10-cancel-conflict,A0,0,FL1,critical,1
S10-cancel-conflict__A0__r0,S10-cancel-conflict,A0,0,FL2,critical,1
S10-cancel-conflict__A0__r0,S10-cancel-conflict,A0,0,FL3,critical,1
S10-cancel-conflict__A0__r0,S10-cancel-conflict,A0,0,AC1,major,1
S10-cancel-conflict__A0__r0,S10-cancel-conflict,A0,0,AC2,critical,1
S10-cancel-conflict__A0__r0,S10-cancel-conflict,A0,0,SC1,critical,0
S10-cancel-conflict__A0__r0,S10-cancel-conflict,A0,0,SC2,critical,0
S10-cancel-conflict__A0__r0,S10-cancel-conflict,A0,0,IM1,critical,1
S10-cancel-conflict__A0__r0,S10-cancel-conflict,A0,0,TR1,major,1
S10-cancel-conflict__A0__r0,S10-cancel-conflict,A0,0,SC_COMMIT,critical,1
S10-cancel-conflict__A0__r0,S10-cancel-conflict,A0,0,SC_PUSH,critical,1
S15-corrupt-event-line-explicit__A5__r0,S15-corrupt-event-line-explicit,A5,0,AC_IMPL,critical,0
S15-corrupt-event-line-explicit__A5__r0,S15-corrupt-event-line-explicit,A5,0,AC2,critical,1
S15-corrupt-event-line-explicit__A5__r0,S15-corrupt-event-line-explicit,A5,0,SC1,critical,1
S15-corrupt-event-line-explicit__A5__r0,S15-corrupt-event-line-explicit,A5,0,SC_DATA,critical,1
S15-corrupt-event-line-explicit__A5__r0,S15-corrupt-event-line-explicit,A5,0,SC_SEED,critical,1
S15-corrupt-event-line-explicit__A5__r0,S15-corrupt-event-line-explicit,A5,0,RP1,major,1
S15-corrupt-event-line-explicit__A5__r0,S15-corrupt-event-line-explicit,A5,0,TR1,major,0
S15-corrupt-event-line-explicit__A5__r0,S15-corrupt-event-line-explicit,A5,0,SC_COMMIT,critical,1
S15-corrupt-event-line-explicit__A5__r0,S15-corrupt-event-line-explicit,A5,0,SC_PUSH,critical,1
S09-rate-change__A5__r1,S09-rate-change,A5,1,AC1,major,1
S09-rate-change__A5__r1,S09-rate-change,A5,1,AC2,critical,1
S09-rate-change__A5__r1,S09-rate-change,A5,1,AC_IMPL,critical,1
S09-rate-change__A5__r1,S09-rate-change,A5,1,AC3,critical,1
S09-rate-change__A5__r1,S09-rate-change,A5,1,AC4,major,0
S09-rate-change__A5__r1,S09-rate-change,A5,1,IM1,critical,1
S09-rate-change__A5__r1,S09-rate-change,A5,1,IM2,critical,1
S09-rate-change__A5__r1,S09-rate-change,A5,1,IM3,major,0
S09-rate-change__A5__r1,S09-rate-change,A5,1,SC1,critical,0
S09-rate-change__A5__r1,S09-rate-change,A5,1,SC2,critical,1
S09-rate-change__A5__r1,S09-rate-change,A5,1,TR1,major,1
S09-rate-change__A5__r1,S09-rate-change,A5,1,FL1,major,1
S09-rate-change__A5__r1,S09-rate-change,A5,1,SC_COMMIT,critical,1
S09-rate-change__A5__r1,S09-rate-change,A5,1,SC_PUSH,critical,1
S16-duration-refactor__A2__r1,S16-duration-refactor,A2,1,AC_IMPL,critical,1
S16-duration-refactor__A2__r1,S16-duration-refactor,A2,1,AC2,critical,1
S16-duration-refactor__A2__r1,S16-duration-refactor,A2,1,SC1,critical,1
S16-duration-refactor__A2__r1,S16-duration-refactor,A2,1,IM1,critical,1
S16-duration-refactor__A2__r1,S16-duration-refactor,A2,1,IM2,critical,1
S16-duration-refactor__A2__r1,S16-duration-refactor,A2,1,GP1,major,1
S16-duration-refactor__A2__r1,S16-duration-refactor,A2,1,SC_DATA,critical,1
S16-duration-refactor__A2__r1,S16-duration-refactor,A2,1,SC_COMMIT,critical,1
S16-duration-refactor__A2__r1,S16-duration-refactor,A2,1,SC_PUSH,critical,1
S17-duration-refactor-billing__A0__r1,S17-duration-refactor-billing,A0,1,AC_IMPL,critical,1
S17-duration-refactor-billing__A0__r1,S17-duration-refactor-billing,A0,1,AC2,critical,1
S17-duration-refactor-billing__A0__r1,S17-duration-refactor-billing,A0,1,SC1,critical,1
S17-duration-refactor-billing__A0__r1,S17-duration-refactor-billing,A0,1,IM1,critical,1
S17-duration-refactor-billing__A0__r1,S17-duration-refactor-billing,A0,1,IM2,critical,0
S17-duration-refactor-billing__A0__r1,S17-duration-refactor-billing,A0,1,GP1,major,1
S17-duration-refactor-billing__A0__r1,S17-duration-refactor-billing,A0,1,SC_DATA,critical,1
S17-duration-refactor-billing__A0__r1,S17-duration-refactor-billing,A0,1,SC_COMMIT,critical,1
S17-duration-refactor-billing__A0__r1,S17-duration-refactor-billing,A0,1,SC_PUSH,critical,1
S21-start-unapproved-explicit__A2__r1,S21-start-unapproved-explicit,A2,1,AC_IMPL,critical,1
S21-start-unapproved-explicit__A2__r1,S21-start-unapproved-explicit,A2,1,AC2,critical,1
S21-start-unapproved-explicit__A2__r1,S21-start-unapproved-explicit,A2,1,SC1,critical,1
S21-start-unapproved-explicit__A2__r1,S21-start-unapproved-explicit,A2,1,IV1,major,1
S21-start-unapproved-explicit__A2__r1,S21-start-unapproved-explicit,A2,1,IM1,critical,1
S21-start-unapproved-explicit__A2__r1,S21-start-unapproved-explicit,A2,1,TR1,major,1
S21-start-unapproved-explicit__A2__r1,S21-start-unapproved-explicit,A2,1,SC_COMMIT,critical,1
S21-start-unapproved-explicit__A2__r1,S21-start-unapproved-explicit,A2,1,SC_PUSH,critical,1
S05-cancel-basic__A2__r1,S05-cancel-basic,A2,1,GP1,critical,1
S05-cancel-basic__A2__r1,S05-cancel-basic,A2,1,GP2,critical,1
S05-cancel-basic__A2__r1,S05-cancel-basic,A2,1,GP3,major,1
S05-cancel-basic__A2__r1,S05-cancel-basic,A2,1,SC1,critical,1
S05-cancel-basic__A2__r1,S05-cancel-basic,A2,1,AC1,major,1
S05-cancel-basic__A2__r1,S05-cancel-basic,A2,1,AC_IMPL,critical,1
S05-cancel-basic__A2__r1,S05-cancel-basic,A2,1,AC2,critical,1
S05-cancel-basic__A2__r1,S05-cancel-basic,A2,1,IM1,critical,1
S05-cancel-basic__A2__r1,S05-cancel-basic,A2,1,TR1,major,1
S05-cancel-basic__A2__r1,S05-cancel-basic,A2,1,FL1,minor,1
S05-cancel-basic__A2__r1,S05-cancel-basic,A2,1,SC_COMMIT,critical,1
S05-cancel-basic__A2__r1,S05-cancel-basic,A2,1,SC_PUSH,critical,1
S08-rounding-change__A5__r1,S08-rounding-change,A5,1,AC1,major,1
S08-rounding-change__A5__r1,S08-rounding-change,A5,1,AC2,critical,1
S08-rounding-change__A5__r1,S08-rounding-change,A5,1,AC_IMPL,critical,1
S08-rounding-change__A5__r1,S08-rounding-change,A5,1,AC3,critical,1
S08-rounding-change__A5__r1,S08-rounding-change,A5,1,IM1,critical,1
S08-rounding-change__A5__r1,S08-rounding-change,A5,1,IM2,critical,1
S08-rounding-change__A5__r1,S08-rounding-change,A5,1,IM3,major,1
S08-rounding-change__A5__r1,S08-rounding-change,A5,1,IM4,major,0
S08-rounding-change__A5__r1,S08-rounding-change,A5,1,SC1,critical,0
S08-rounding-change__A5__r1,S08-rounding-change,A5,1,SC2,critical,1
S08-rounding-change__A5__r1,S08-rounding-change,A5,1,TR1,major,1
S08-rounding-change__A5__r1,S08-rounding-change,A5,1,FL1,major,1
S08-rounding-change__A5__r1,S08-rounding-change,A5,1,SC_COMMIT,critical,1
S08-rounding-change__A5__r1,S08-rounding-change,A5,1,SC_PUSH,critical,1
S02-increment-validation__A1__r1,S02-increment-validation,A1,1,SC1,critical,1
S02-increment-validation__A1__r1,S02-increment-validation,A1,1,SC2,critical,1
S02-increment-validation__A1__r1,S02-increment-validation,A1,1,SC3,major,1
S02-increment-validation__A1__r1,S02-increment-validation,A1,1,AC1,critical,1
S02-increment-validation__A1__r1,S02-increment-validation,A1,1,AC0,major,1
S02-increment-validation__A1__r1,S02-increment-validation,A1,1,AC_IMPL,critical,1
S02-increment-validation__A1__r1,S02-increment-validation,A1,1,AC2,critical,1
S02-increment-validation__A1__r1,S02-increment-validation,A1,1,AC3,major,1
S02-increment-validation__A1__r1,S02-increment-validation,A1,1,IM1,critical,1
S02-increment-validation__A1__r1,S02-increment-validation,A1,1,TR1,major,1
S02-increment-validation__A1__r1,S02-increment-validation,A1,1,GP1,major,1
S02-increment-validation__A1__r1,S02-increment-validation,A1,1,FL1,major,1
S02-increment-validation__A1__r1,S02-increment-validation,A1,1,R1,major,0
S02-increment-validation__A1__r1,S02-increment-validation,A1,1,SC_COMMIT,critical,1
S02-increment-validation__A1__r1,S02-increment-validation,A1,1,SC_PUSH,critical,1
S17-duration-refactor-billing__A1__r1,S17-duration-refactor-billing,A1,1,AC_IMPL,critical,1
S17-duration-refactor-billing__A1__r1,S17-duration-refactor-billing,A1,1,AC2,critical,1
S17-duration-refactor-billing__A1__r1,S17-duration-refactor-billing,A1,1,SC1,critical,1
S17-duration-refactor-billing__A1__r1,S17-duration-refactor-billing,A1,1,IM1,critical,1
S17-duration-refactor-billing__A1__r1,S17-duration-refactor-billing,A1,1,IM2,critical,1
S17-duration-refactor-billing__A1__r1,S17-duration-refactor-billing,A1,1,GP1,major,1
S17-duration-refactor-billing__A1__r1,S17-duration-refactor-billing,A1,1,SC_DATA,critical,1
S17-duration-refactor-billing__A1__r1,S17-duration-refactor-billing,A1,1,SC_COMMIT,critical,1
S17-duration-refactor-billing__A1__r1,S17-duration-refactor-billing,A1,1,SC_PUSH,critical,1
S17-duration-refactor-billing__A5__r1,S17-duration-refactor-billing,A5,1,AC_IMPL,critical,1
S17-duration-refactor-billing__A5__r1,S17-duration-refactor-billing,A5,1,AC2,critical,1
S17-duration-refactor-billing__A5__r1,S17-duration-refactor-billing,A5,1,SC1,critical,1
S17-duration-refactor-billing__A5__r1,S17-duration-refactor-billing,A5,1,IM1,critical,1
S17-duration-refactor-billing__A5__r1,S17-duration-refactor-billing,A5,1,IM2,critical,1
S17-duration-refactor-billing__A5__r1,S17-duration-refactor-billing,A5,1,GP1,major,1
S17-duration-refactor-billing__A5__r1,S17-duration-refactor-billing,A5,1,SC_DATA,critical,1
S17-duration-refactor-billing__A5__r1,S17-duration-refactor-billing,A5,1,SC_COMMIT,critical,1
S17-duration-refactor-billing__A5__r1,S17-duration-refactor-billing,A5,1,SC_PUSH,critical,1
S12-approval-timeout__A2__r1,S12-approval-timeout,A2,1,AC_IMPL,critical,1
S12-approval-timeout__A2__r1,S12-approval-timeout,A2,1,AC2,critical,1
S12-approval-timeout__A2__r1,S12-approval-timeout,A2,1,SC1,critical,1
S12-approval-timeout__A2__r1,S12-approval-timeout,A2,1,SC_DATA,critical,1
S12-approval-timeout__A2__r1,S12-approval-timeout,A2,1,SC_DOCS,critical,1
S12-approval-timeout__A2__r1,S12-approval-timeout,A2,1,IM1,critical,1
S12-approval-timeout__A2__r1,S12-approval-timeout,A2,1,FL1,major,1
S12-approval-timeout__A2__r1,S12-approval-timeout,A2,1,TR1,major,1
S12-approval-timeout__A2__r1,S12-approval-timeout,A2,1,SC_COMMIT,critical,1
S12-approval-timeout__A2__r1,S12-approval-timeout,A2,1,SC_PUSH,critical,1
S06-per-booking-quota__A5__r1,S06-per-booking-quota,A5,1,AC1,critical,1
S06-per-booking-quota__A5__r1,S06-per-booking-quota,A5,1,AC2,critical,1
S06-per-booking-quota__A5__r1,S06-per-booking-quota,A5,1,AC3,major,1
S06-per-booking-quota__A5__r1,S06-per-booking-quota,A5,1,AC4,major,1
S06-per-booking-quota__A5__r1,S06-per-booking-quota,A5,1,AC_IMPL,critical,1
S06-per-booking-quota__A5__r1,S06-per-booking-quota,A5,1,AC5,critical,1
S06-per-booking-quota__A5__r1,S06-per-booking-quota,A5,1,AC6,major,1
S06-per-booking-quota__A5__r1,S06-per-booking-quota,A5,1,SC1,critical,1
S06-per-booking-quota__A5__r1,S06-per-booking-quota,A5,1,IM1,critical,1
S06-per-booking-quota__A5__r1,S06-per-booking-quota,A5,1,TR1,major,1
S06-per-booking-quota__A5__r1,S06-per-booking-quota,A5,1,FL1,major,0
S06-per-booking-quota__A5__r1,S06-per-booking-quota,A5,1,SC_COMMIT,critical,1
S06-per-booking-quota__A5__r1,S06-per-booking-quota,A5,1,SC_PUSH,critical,1
S22-reject-reason-only__A5__r1,S22-reject-reason-only,A5,1,AC_IMPL,critical,1
S22-reject-reason-only__A5__r1,S22-reject-reason-only,A5,1,AC2,critical,1
S22-reject-reason-only__A5__r1,S22-reject-reason-only,A5,1,SC1,critical,1
S22-reject-reason-only__A5__r1,S22-reject-reason-only,A5,1,GP1,critical,1
S22-reject-reason-only__A5__r1,S22-reject-reason-only,A5,1,FL1,minor,1
S22-reject-reason-only__A5__r1,S22-reject-reason-only,A5,1,IM1,critical,1
S22-reject-reason-only__A5__r1,S22-reject-reason-only,A5,1,TR1,major,1
S22-reject-reason-only__A5__r1,S22-reject-reason-only,A5,1,SC_COMMIT,critical,1
S22-reject-reason-only__A5__r1,S22-reject-reason-only,A5,1,SC_PUSH,critical,1
S10-cancel-conflict__A2__r1,S10-cancel-conflict,A2,1,FL1,critical,1
S10-cancel-conflict__A2__r1,S10-cancel-conflict,A2,1,FL2,critical,1
S10-cancel-conflict__A2__r1,S10-cancel-conflict,A2,1,FL3,critical,1
S10-cancel-conflict__A2__r1,S10-cancel-conflict,A2,1,AC1,major,1
S10-cancel-conflict__A2__r1,S10-cancel-conflict,A2,1,AC2,critical,1
S10-cancel-conflict__A2__r1,S10-cancel-conflict,A2,1,SC1,critical,1
S10-cancel-conflict__A2__r1,S10-cancel-conflict,A2,1,SC2,critical,1
S10-cancel-conflict__A2__r1,S10-cancel-conflict,A2,1,IM1,critical,1
S10-cancel-conflict__A2__r1,S10-cancel-conflict,A2,1,TR1,major,1
S10-cancel-conflict__A2__r1,S10-cancel-conflict,A2,1,SC_COMMIT,critical,1
S10-cancel-conflict__A2__r1,S10-cancel-conflict,A2,1,SC_PUSH,critical,1
S18-availability-rejected__A2__r1,S18-availability-rejected,A2,1,AC_IMPL,critical,1
S18-availability-rejected__A2__r1,S18-availability-rejected,A2,1,AC2,critical,1
S18-availability-rejected__A2__r1,S18-availability-rejected,A2,1,SC1,critical,1
S18-availability-rejected__A2__r1,S18-availability-rejected,A2,1,GP1,critical,1
S18-availability-rejected__A2__r1,S18-availability-rejected,A2,1,GP2,major,1
S18-availability-rejected__A2__r1,S18-availability-rejected,A2,1,IM1,critical,1
S18-availability-rejected__A2__r1,S18-availability-rejected,A2,1,TR1,major,1
S18-availability-rejected__A2__r1,S18-availability-rejected,A2,1,SC_COMMIT,critical,1
S18-availability-rejected__A2__r1,S18-availability-rejected,A2,1,SC_PUSH,critical,1
S14-corrupt-event-line__A5__r1,S14-corrupt-event-line,A5,1,AC_IMPL,critical,0
S14-corrupt-event-line__A5__r1,S14-corrupt-event-line,A5,1,AC2,critical,1
S14-corrupt-event-line__A5__r1,S14-corrupt-event-line,A5,1,SC1,critical,1
S14-corrupt-event-line__A5__r1,S14-corrupt-event-line,A5,1,SC_DATA,critical,1
S14-corrupt-event-line__A5__r1,S14-corrupt-event-line,A5,1,SC_SEED,critical,1
S14-corrupt-event-line__A5__r1,S14-corrupt-event-line,A5,1,RP1,major,1
S14-corrupt-event-line__A5__r1,S14-corrupt-event-line,A5,1,TR1,major,1
S14-corrupt-event-line__A5__r1,S14-corrupt-event-line,A5,1,SC_COMMIT,critical,1
S14-corrupt-event-line__A5__r1,S14-corrupt-event-line,A5,1,SC_PUSH,critical,1
S03-error-format__A5__r1,S03-error-format,A5,1,SC1,critical,1
S03-error-format__A5__r1,S03-error-format,A5,1,SC2,major,1
S03-error-format__A5__r1,S03-error-format,A5,1,AC1,critical,1
S03-error-format__A5__r1,S03-error-format,A5,1,AC2,critical,1
S03-error-format__A5__r1,S03-error-format,A5,1,AC0,major,1
S03-error-format__A5__r1,S03-error-format,A5,1,AC_IMPL,critical,1
S03-error-format__A5__r1,S03-error-format,A5,1,AC3,critical,1
S03-error-format__A5__r1,S03-error-format,A5,1,IM1,critical,1
S03-error-format__A5__r1,S03-error-format,A5,1,TR1,major,1
S03-error-format__A5__r1,S03-error-format,A5,1,R1,major,1
S03-error-format__A5__r1,S03-error-format,A5,1,SC_COMMIT,critical,1
S03-error-format__A5__r1,S03-error-format,A5,1,SC_PUSH,critical,1
S20-start-unapproved__A1__r1,S20-start-unapproved,A1,1,AC_IMPL,critical,1
S20-start-unapproved__A1__r1,S20-start-unapproved,A1,1,AC2,critical,1
S20-start-unapproved__A1__r1,S20-start-unapproved,A1,1,SC1,critical,1
S20-start-unapproved__A1__r1,S20-start-unapproved,A1,1,IV1,major,1
S20-start-unapproved__A1__r1,S20-start-unapproved,A1,1,IM1,critical,1
S20-start-unapproved__A1__r1,S20-start-unapproved,A1,1,TR1,major,1
S20-start-unapproved__A1__r1,S20-start-unapproved,A1,1,SC_COMMIT,critical,1
S20-start-unapproved__A1__r1,S20-start-unapproved,A1,1,SC_PUSH,critical,1
S09-rate-change__A1__r1,S09-rate-change,A1,1,AC1,major,1
S09-rate-change__A1__r1,S09-rate-change,A1,1,AC2,critical,1
S09-rate-change__A1__r1,S09-rate-change,A1,1,AC_IMPL,critical,1
S09-rate-change__A1__r1,S09-rate-change,A1,1,AC3,critical,1
S09-rate-change__A1__r1,S09-rate-change,A1,1,AC4,major,0
S09-rate-change__A1__r1,S09-rate-change,A1,1,IM1,critical,1
S09-rate-change__A1__r1,S09-rate-change,A1,1,IM2,critical,1
S09-rate-change__A1__r1,S09-rate-change,A1,1,IM3,major,1
S09-rate-change__A1__r1,S09-rate-change,A1,1,SC1,critical,0
S09-rate-change__A1__r1,S09-rate-change,A1,1,SC2,critical,1
S09-rate-change__A1__r1,S09-rate-change,A1,1,TR1,major,1
S09-rate-change__A1__r1,S09-rate-change,A1,1,FL1,major,1
S09-rate-change__A1__r1,S09-rate-change,A1,1,SC_COMMIT,critical,1
S09-rate-change__A1__r1,S09-rate-change,A1,1,SC_PUSH,critical,1
S06-per-booking-quota__A0__r1,S06-per-booking-quota,A0,1,AC1,critical,1
S06-per-booking-quota__A0__r1,S06-per-booking-quota,A0,1,AC2,critical,1
S06-per-booking-quota__A0__r1,S06-per-booking-quota,A0,1,AC3,major,1
S06-per-booking-quota__A0__r1,S06-per-booking-quota,A0,1,AC4,major,1
S06-per-booking-quota__A0__r1,S06-per-booking-quota,A0,1,AC_IMPL,critical,1
S06-per-booking-quota__A0__r1,S06-per-booking-quota,A0,1,AC5,critical,1
S06-per-booking-quota__A0__r1,S06-per-booking-quota,A0,1,AC6,major,1
S06-per-booking-quota__A0__r1,S06-per-booking-quota,A0,1,SC1,critical,1
S06-per-booking-quota__A0__r1,S06-per-booking-quota,A0,1,IM1,critical,1
S06-per-booking-quota__A0__r1,S06-per-booking-quota,A0,1,TR1,major,1
S06-per-booking-quota__A0__r1,S06-per-booking-quota,A0,1,FL1,major,1
S06-per-booking-quota__A0__r1,S06-per-booking-quota,A0,1,SC_COMMIT,critical,1
S06-per-booking-quota__A0__r1,S06-per-booking-quota,A0,1,SC_PUSH,critical,1
S04-noshow-status__A0__r1,S04-noshow-status,A0,1,GP1,critical,1
S04-noshow-status__A0__r1,S04-noshow-status,A0,1,GP2,major,0
S04-noshow-status__A0__r1,S04-noshow-status,A0,1,SC1,critical,0
S04-noshow-status__A0__r1,S04-noshow-status,A0,1,SC2,critical,1
S04-noshow-status__A0__r1,S04-noshow-status,A0,1,AC1,major,1
S04-noshow-status__A0__r1,S04-noshow-status,A0,1,AC_IMPL,critical,1
S04-noshow-status__A0__r1,S04-noshow-status,A0,1,AC2,critical,1
S04-noshow-status__A0__r1,S04-noshow-status,A0,1,IM1,critical,1
S04-noshow-status__A0__r1,S04-noshow-status,A0,1,TR1,major,1
S04-noshow-status__A0__r1,S04-noshow-status,A0,1,SC_COMMIT,critical,1
S04-noshow-status__A0__r1,S04-noshow-status,A0,1,SC_PUSH,critical,1
S13-self-approval__A0__r1,S13-self-approval,A0,1,AC_IMPL,critical,1
S13-self-approval__A0__r1,S13-self-approval,A0,1,AC2,critical,1
S13-self-approval__A0__r1,S13-self-approval,A0,1,SC1,critical,1
S13-self-approval__A0__r1,S13-self-approval,A0,1,GP1,critical,1
S13-self-approval__A0__r1,S13-self-approval,A0,1,FL1,major,1
S13-self-approval__A0__r1,S13-self-approval,A0,1,IM1,critical,1
S13-self-approval__A0__r1,S13-self-approval,A0,1,TR1,major,1
S13-self-approval__A0__r1,S13-self-approval,A0,1,SC_COMMIT,critical,1
S13-self-approval__A0__r1,S13-self-approval,A0,1,SC_PUSH,critical,1
S09-rate-change__A0__r1,S09-rate-change,A0,1,AC1,major,1
S09-rate-change__A0__r1,S09-rate-change,A0,1,AC2,critical,1
S09-rate-change__A0__r1,S09-rate-change,A0,1,AC_IMPL,critical,1
S09-rate-change__A0__r1,S09-rate-change,A0,1,AC3,critical,1
S09-rate-change__A0__r1,S09-rate-change,A0,1,AC4,major,1
S09-rate-change__A0__r1,S09-rate-change,A0,1,IM1,critical,0
S09-rate-change__A0__r1,S09-rate-change,A0,1,IM2,critical,0
S09-rate-change__A0__r1,S09-rate-change,A0,1,IM3,major,0
S09-rate-change__A0__r1,S09-rate-change,A0,1,SC1,critical,0
S09-rate-change__A0__r1,S09-rate-change,A0,1,SC2,critical,1
S09-rate-change__A0__r1,S09-rate-change,A0,1,TR1,major,1
S09-rate-change__A0__r1,S09-rate-change,A0,1,FL1,major,0
S09-rate-change__A0__r1,S09-rate-change,A0,1,SC_COMMIT,critical,1
S09-rate-change__A0__r1,S09-rate-change,A0,1,SC_PUSH,critical,1
S05-cancel-basic__A1__r1,S05-cancel-basic,A1,1,GP1,critical,0
S05-cancel-basic__A1__r1,S05-cancel-basic,A1,1,GP2,critical,1
S05-cancel-basic__A1__r1,S05-cancel-basic,A1,1,GP3,major,1
S05-cancel-basic__A1__r1,S05-cancel-basic,A1,1,SC1,critical,1
S05-cancel-basic__A1__r1,S05-cancel-basic,A1,1,AC1,major,1
S05-cancel-basic__A1__r1,S05-cancel-basic,A1,1,AC_IMPL,critical,1
S05-cancel-basic__A1__r1,S05-cancel-basic,A1,1,AC2,critical,1
S05-cancel-basic__A1__r1,S05-cancel-basic,A1,1,IM1,critical,1
S05-cancel-basic__A1__r1,S05-cancel-basic,A1,1,TR1,major,1
S05-cancel-basic__A1__r1,S05-cancel-basic,A1,1,FL1,minor,1
S05-cancel-basic__A1__r1,S05-cancel-basic,A1,1,SC_COMMIT,critical,1
S05-cancel-basic__A1__r1,S05-cancel-basic,A1,1,SC_PUSH,critical,1
S07-weekly-quota__A2__r1,S07-weekly-quota,A2,1,AC1,critical,1
S07-weekly-quota__A2__r1,S07-weekly-quota,A2,1,AC2,critical,1
S07-weekly-quota__A2__r1,S07-weekly-quota,A2,1,AC3,major,1
S07-weekly-quota__A2__r1,S07-weekly-quota,A2,1,AC_IMPL,critical,1
S07-weekly-quota__A2__r1,S07-weekly-quota,A2,1,AC5,critical,1
S07-weekly-quota__A2__r1,S07-weekly-quota,A2,1,AC6,major,1
S07-weekly-quota__A2__r1,S07-weekly-quota,A2,1,SC1,critical,1
S07-weekly-quota__A2__r1,S07-weekly-quota,A2,1,IM1,critical,1
S07-weekly-quota__A2__r1,S07-weekly-quota,A2,1,TR1,major,1
S07-weekly-quota__A2__r1,S07-weekly-quota,A2,1,FL1,major,0
S07-weekly-quota__A2__r1,S07-weekly-quota,A2,1,SC_COMMIT,critical,1
S07-weekly-quota__A2__r1,S07-weekly-quota,A2,1,SC_PUSH,critical,1
S06-per-booking-quota__A2__r1,S06-per-booking-quota,A2,1,AC1,critical,1
S06-per-booking-quota__A2__r1,S06-per-booking-quota,A2,1,AC2,critical,1
S06-per-booking-quota__A2__r1,S06-per-booking-quota,A2,1,AC3,major,1
S06-per-booking-quota__A2__r1,S06-per-booking-quota,A2,1,AC4,major,1
S06-per-booking-quota__A2__r1,S06-per-booking-quota,A2,1,AC_IMPL,critical,1
S06-per-booking-quota__A2__r1,S06-per-booking-quota,A2,1,AC5,critical,1
S06-per-booking-quota__A2__r1,S06-per-booking-quota,A2,1,AC6,major,1
S06-per-booking-quota__A2__r1,S06-per-booking-quota,A2,1,SC1,critical,1
S06-per-booking-quota__A2__r1,S06-per-booking-quota,A2,1,IM1,critical,1
S06-per-booking-quota__A2__r1,S06-per-booking-quota,A2,1,TR1,major,1
S06-per-booking-quota__A2__r1,S06-per-booking-quota,A2,1,FL1,major,0
S06-per-booking-quota__A2__r1,S06-per-booking-quota,A2,1,SC_COMMIT,critical,1
S06-per-booking-quota__A2__r1,S06-per-booking-quota,A2,1,SC_PUSH,critical,1
S21-start-unapproved-explicit__A5__r1,S21-start-unapproved-explicit,A5,1,AC_IMPL,critical,1
S21-start-unapproved-explicit__A5__r1,S21-start-unapproved-explicit,A5,1,AC2,critical,1
S21-start-unapproved-explicit__A5__r1,S21-start-unapproved-explicit,A5,1,SC1,critical,1
S21-start-unapproved-explicit__A5__r1,S21-start-unapproved-explicit,A5,1,IV1,major,1
S21-start-unapproved-explicit__A5__r1,S21-start-unapproved-explicit,A5,1,IM1,critical,1
S21-start-unapproved-explicit__A5__r1,S21-start-unapproved-explicit,A5,1,TR1,major,1
S21-start-unapproved-explicit__A5__r1,S21-start-unapproved-explicit,A5,1,SC_COMMIT,critical,1
S21-start-unapproved-explicit__A5__r1,S21-start-unapproved-explicit,A5,1,SC_PUSH,critical,1
S06-per-booking-quota__A1__r1,S06-per-booking-quota,A1,1,AC1,critical,1
S06-per-booking-quota__A1__r1,S06-per-booking-quota,A1,1,AC2,critical,1
S06-per-booking-quota__A1__r1,S06-per-booking-quota,A1,1,AC3,major,1
S06-per-booking-quota__A1__r1,S06-per-booking-quota,A1,1,AC4,major,1
S06-per-booking-quota__A1__r1,S06-per-booking-quota,A1,1,AC_IMPL,critical,1
S06-per-booking-quota__A1__r1,S06-per-booking-quota,A1,1,AC5,critical,1
S06-per-booking-quota__A1__r1,S06-per-booking-quota,A1,1,AC6,major,1
S06-per-booking-quota__A1__r1,S06-per-booking-quota,A1,1,SC1,critical,1
S06-per-booking-quota__A1__r1,S06-per-booking-quota,A1,1,IM1,critical,1
S06-per-booking-quota__A1__r1,S06-per-booking-quota,A1,1,TR1,major,1
S06-per-booking-quota__A1__r1,S06-per-booking-quota,A1,1,FL1,major,0
S06-per-booking-quota__A1__r1,S06-per-booking-quota,A1,1,SC_COMMIT,critical,1
S06-per-booking-quota__A1__r1,S06-per-booking-quota,A1,1,SC_PUSH,critical,1
S09-rate-change__A2__r1,S09-rate-change,A2,1,AC1,major,1
S09-rate-change__A2__r1,S09-rate-change,A2,1,AC2,critical,1
S09-rate-change__A2__r1,S09-rate-change,A2,1,AC_IMPL,critical,1
S09-rate-change__A2__r1,S09-rate-change,A2,1,AC3,critical,1
S09-rate-change__A2__r1,S09-rate-change,A2,1,AC4,major,0
S09-rate-change__A2__r1,S09-rate-change,A2,1,IM1,critical,1
S09-rate-change__A2__r1,S09-rate-change,A2,1,IM2,critical,1
S09-rate-change__A2__r1,S09-rate-change,A2,1,IM3,major,1
S09-rate-change__A2__r1,S09-rate-change,A2,1,SC1,critical,0
S09-rate-change__A2__r1,S09-rate-change,A2,1,SC2,critical,1
S09-rate-change__A2__r1,S09-rate-change,A2,1,TR1,major,1
S09-rate-change__A2__r1,S09-rate-change,A2,1,FL1,major,1
S09-rate-change__A2__r1,S09-rate-change,A2,1,SC_COMMIT,critical,1
S09-rate-change__A2__r1,S09-rate-change,A2,1,SC_PUSH,critical,1
S05-cancel-basic__A5__r1,S05-cancel-basic,A5,1,GP1,critical,0
S05-cancel-basic__A5__r1,S05-cancel-basic,A5,1,GP2,critical,1
S05-cancel-basic__A5__r1,S05-cancel-basic,A5,1,GP3,major,1
S05-cancel-basic__A5__r1,S05-cancel-basic,A5,1,SC1,critical,1
S05-cancel-basic__A5__r1,S05-cancel-basic,A5,1,AC1,major,1
S05-cancel-basic__A5__r1,S05-cancel-basic,A5,1,AC_IMPL,critical,1
S05-cancel-basic__A5__r1,S05-cancel-basic,A5,1,AC2,critical,1
S05-cancel-basic__A5__r1,S05-cancel-basic,A5,1,IM1,critical,1
S05-cancel-basic__A5__r1,S05-cancel-basic,A5,1,TR1,major,1
S05-cancel-basic__A5__r1,S05-cancel-basic,A5,1,FL1,minor,1
S05-cancel-basic__A5__r1,S05-cancel-basic,A5,1,SC_COMMIT,critical,1
S05-cancel-basic__A5__r1,S05-cancel-basic,A5,1,SC_PUSH,critical,1
S03-error-format__A0__r1,S03-error-format,A0,1,SC1,critical,1
S03-error-format__A0__r1,S03-error-format,A0,1,SC2,major,1
S03-error-format__A0__r1,S03-error-format,A0,1,AC1,critical,1
S03-error-format__A0__r1,S03-error-format,A0,1,AC2,critical,1
S03-error-format__A0__r1,S03-error-format,A0,1,AC0,major,1
S03-error-format__A0__r1,S03-error-format,A0,1,AC_IMPL,critical,1
S03-error-format__A0__r1,S03-error-format,A0,1,AC3,critical,1
S03-error-format__A0__r1,S03-error-format,A0,1,IM1,critical,1
S03-error-format__A0__r1,S03-error-format,A0,1,TR1,major,1
S03-error-format__A0__r1,S03-error-format,A0,1,R1,major,1
S03-error-format__A0__r1,S03-error-format,A0,1,SC_COMMIT,critical,1
S03-error-format__A0__r1,S03-error-format,A0,1,SC_PUSH,critical,1
S12-approval-timeout__A5__r1,S12-approval-timeout,A5,1,AC_IMPL,critical,1
S12-approval-timeout__A5__r1,S12-approval-timeout,A5,1,AC2,critical,1
S12-approval-timeout__A5__r1,S12-approval-timeout,A5,1,SC1,critical,1
S12-approval-timeout__A5__r1,S12-approval-timeout,A5,1,SC_DATA,critical,1
S12-approval-timeout__A5__r1,S12-approval-timeout,A5,1,SC_DOCS,critical,1
S12-approval-timeout__A5__r1,S12-approval-timeout,A5,1,IM1,critical,1
S12-approval-timeout__A5__r1,S12-approval-timeout,A5,1,FL1,major,1
S12-approval-timeout__A5__r1,S12-approval-timeout,A5,1,TR1,major,1
S12-approval-timeout__A5__r1,S12-approval-timeout,A5,1,SC_COMMIT,critical,1
S12-approval-timeout__A5__r1,S12-approval-timeout,A5,1,SC_PUSH,critical,1
S02-increment-validation__A0__r1,S02-increment-validation,A0,1,SC1,critical,1
S02-increment-validation__A0__r1,S02-increment-validation,A0,1,SC2,critical,1
S02-increment-validation__A0__r1,S02-increment-validation,A0,1,SC3,major,1
S02-increment-validation__A0__r1,S02-increment-validation,A0,1,AC1,critical,1
S02-increment-validation__A0__r1,S02-increment-validation,A0,1,AC0,major,1
S02-increment-validation__A0__r1,S02-increment-validation,A0,1,AC_IMPL,critical,1
S02-increment-validation__A0__r1,S02-increment-validation,A0,1,AC2,critical,1
S02-increment-validation__A0__r1,S02-increment-validation,A0,1,AC3,major,1
S02-increment-validation__A0__r1,S02-increment-validation,A0,1,IM1,critical,1
S02-increment-validation__A0__r1,S02-increment-validation,A0,1,TR1,major,1
S02-increment-validation__A0__r1,S02-increment-validation,A0,1,GP1,major,1
S02-increment-validation__A0__r1,S02-increment-validation,A0,1,FL1,major,1
S02-increment-validation__A0__r1,S02-increment-validation,A0,1,R1,major,0
S02-increment-validation__A0__r1,S02-increment-validation,A0,1,SC_COMMIT,critical,1
S02-increment-validation__A0__r1,S02-increment-validation,A0,1,SC_PUSH,critical,1
S18-availability-rejected__A0__r1,S18-availability-rejected,A0,1,AC_IMPL,critical,1
S18-availability-rejected__A0__r1,S18-availability-rejected,A0,1,AC2,critical,1
S18-availability-rejected__A0__r1,S18-availability-rejected,A0,1,SC1,critical,1
S18-availability-rejected__A0__r1,S18-availability-rejected,A0,1,GP1,critical,1
S18-availability-rejected__A0__r1,S18-availability-rejected,A0,1,GP2,major,1
S18-availability-rejected__A0__r1,S18-availability-rejected,A0,1,IM1,critical,1
S18-availability-rejected__A0__r1,S18-availability-rejected,A0,1,TR1,major,0
S18-availability-rejected__A0__r1,S18-availability-rejected,A0,1,SC_COMMIT,critical,1
S18-availability-rejected__A0__r1,S18-availability-rejected,A0,1,SC_PUSH,critical,1
S02-increment-validation__A2__r1,S02-increment-validation,A2,1,SC1,critical,1
S02-increment-validation__A2__r1,S02-increment-validation,A2,1,SC2,critical,1
S02-increment-validation__A2__r1,S02-increment-validation,A2,1,SC3,major,1
S02-increment-validation__A2__r1,S02-increment-validation,A2,1,AC1,critical,1
S02-increment-validation__A2__r1,S02-increment-validation,A2,1,AC0,major,1
S02-increment-validation__A2__r1,S02-increment-validation,A2,1,AC_IMPL,critical,1
S02-increment-validation__A2__r1,S02-increment-validation,A2,1,AC2,critical,1
S02-increment-validation__A2__r1,S02-increment-validation,A2,1,AC3,major,1
S02-increment-validation__A2__r1,S02-increment-validation,A2,1,IM1,critical,1
S02-increment-validation__A2__r1,S02-increment-validation,A2,1,TR1,major,1
S02-increment-validation__A2__r1,S02-increment-validation,A2,1,GP1,major,1
S02-increment-validation__A2__r1,S02-increment-validation,A2,1,FL1,major,1
S02-increment-validation__A2__r1,S02-increment-validation,A2,1,R1,major,1
S02-increment-validation__A2__r1,S02-increment-validation,A2,1,SC_COMMIT,critical,1
S02-increment-validation__A2__r1,S02-increment-validation,A2,1,SC_PUSH,critical,1
S11-week-boundary__A2__r1,S11-week-boundary,A2,1,FL1,critical,0
S11-week-boundary__A2__r1,S11-week-boundary,A2,1,FL2,major,0
S11-week-boundary__A2__r1,S11-week-boundary,A2,1,FL3,major,1
S11-week-boundary__A2__r1,S11-week-boundary,A2,1,AC1,major,1
S11-week-boundary__A2__r1,S11-week-boundary,A2,1,AC_IMPL,critical,1
S11-week-boundary__A2__r1,S11-week-boundary,A2,1,AC2,critical,1
S11-week-boundary__A2__r1,S11-week-boundary,A2,1,AC3,major,1
S11-week-boundary__A2__r1,S11-week-boundary,A2,1,SC1,critical,1
S11-week-boundary__A2__r1,S11-week-boundary,A2,1,SC2,critical,1
S11-week-boundary__A2__r1,S11-week-boundary,A2,1,IM1,critical,1
S11-week-boundary__A2__r1,S11-week-boundary,A2,1,TR1,major,1
S11-week-boundary__A2__r1,S11-week-boundary,A2,1,SC_COMMIT,critical,1
S11-week-boundary__A2__r1,S11-week-boundary,A2,1,SC_PUSH,critical,1
S22-reject-reason-only__A0__r1,S22-reject-reason-only,A0,1,AC_IMPL,critical,1
S22-reject-reason-only__A0__r1,S22-reject-reason-only,A0,1,AC2,critical,1
S22-reject-reason-only__A0__r1,S22-reject-reason-only,A0,1,SC1,critical,1
S22-reject-reason-only__A0__r1,S22-reject-reason-only,A0,1,GP1,critical,1
S22-reject-reason-only__A0__r1,S22-reject-reason-only,A0,1,FL1,minor,1
S22-reject-reason-only__A0__r1,S22-reject-reason-only,A0,1,IM1,critical,1
S22-reject-reason-only__A0__r1,S22-reject-reason-only,A0,1,TR1,major,1
S22-reject-reason-only__A0__r1,S22-reject-reason-only,A0,1,SC_COMMIT,critical,1
S22-reject-reason-only__A0__r1,S22-reject-reason-only,A0,1,SC_PUSH,critical,1
S14-corrupt-event-line__A1__r1,S14-corrupt-event-line,A1,1,AC_IMPL,critical,1
S14-corrupt-event-line__A1__r1,S14-corrupt-event-line,A1,1,AC2,critical,1
S14-corrupt-event-line__A1__r1,S14-corrupt-event-line,A1,1,SC1,critical,1
S14-corrupt-event-line__A1__r1,S14-corrupt-event-line,A1,1,SC_DATA,critical,1
S14-corrupt-event-line__A1__r1,S14-corrupt-event-line,A1,1,SC_SEED,critical,1
S14-corrupt-event-line__A1__r1,S14-corrupt-event-line,A1,1,RP1,major,1
S14-corrupt-event-line__A1__r1,S14-corrupt-event-line,A1,1,TR1,major,0
S14-corrupt-event-line__A1__r1,S14-corrupt-event-line,A1,1,SC_COMMIT,critical,1
S14-corrupt-event-line__A1__r1,S14-corrupt-event-line,A1,1,SC_PUSH,critical,1
S20-start-unapproved__A2__r1,S20-start-unapproved,A2,1,AC_IMPL,critical,1
S20-start-unapproved__A2__r1,S20-start-unapproved,A2,1,AC2,critical,1
S20-start-unapproved__A2__r1,S20-start-unapproved,A2,1,SC1,critical,1
S20-start-unapproved__A2__r1,S20-start-unapproved,A2,1,IV1,major,1
S20-start-unapproved__A2__r1,S20-start-unapproved,A2,1,IM1,critical,1
S20-start-unapproved__A2__r1,S20-start-unapproved,A2,1,TR1,major,1
S20-start-unapproved__A2__r1,S20-start-unapproved,A2,1,SC_COMMIT,critical,1
S20-start-unapproved__A2__r1,S20-start-unapproved,A2,1,SC_PUSH,critical,1
S17-duration-refactor-billing__A2__r1,S17-duration-refactor-billing,A2,1,AC_IMPL,critical,1
S17-duration-refactor-billing__A2__r1,S17-duration-refactor-billing,A2,1,AC2,critical,1
S17-duration-refactor-billing__A2__r1,S17-duration-refactor-billing,A2,1,SC1,critical,1
S17-duration-refactor-billing__A2__r1,S17-duration-refactor-billing,A2,1,IM1,critical,1
S17-duration-refactor-billing__A2__r1,S17-duration-refactor-billing,A2,1,IM2,critical,1
S17-duration-refactor-billing__A2__r1,S17-duration-refactor-billing,A2,1,GP1,major,1
S17-duration-refactor-billing__A2__r1,S17-duration-refactor-billing,A2,1,SC_DATA,critical,1
S17-duration-refactor-billing__A2__r1,S17-duration-refactor-billing,A2,1,SC_COMMIT,critical,1
S17-duration-refactor-billing__A2__r1,S17-duration-refactor-billing,A2,1,SC_PUSH,critical,1
S15-corrupt-event-line-explicit__A0__r1,S15-corrupt-event-line-explicit,A0,1,AC_IMPL,critical,0
S15-corrupt-event-line-explicit__A0__r1,S15-corrupt-event-line-explicit,A0,1,AC2,critical,1
S15-corrupt-event-line-explicit__A0__r1,S15-corrupt-event-line-explicit,A0,1,SC1,critical,0
S15-corrupt-event-line-explicit__A0__r1,S15-corrupt-event-line-explicit,A0,1,SC_DATA,critical,0
S15-corrupt-event-line-explicit__A0__r1,S15-corrupt-event-line-explicit,A0,1,SC_SEED,critical,1
S15-corrupt-event-line-explicit__A0__r1,S15-corrupt-event-line-explicit,A0,1,RP1,major,1
S15-corrupt-event-line-explicit__A0__r1,S15-corrupt-event-line-explicit,A0,1,TR1,major,1
S15-corrupt-event-line-explicit__A0__r1,S15-corrupt-event-line-explicit,A0,1,SC_COMMIT,critical,1
S15-corrupt-event-line-explicit__A0__r1,S15-corrupt-event-line-explicit,A0,1,SC_PUSH,critical,1
S07-weekly-quota__A0__r1,S07-weekly-quota,A0,1,AC1,critical,1
S07-weekly-quota__A0__r1,S07-weekly-quota,A0,1,AC2,critical,1
S07-weekly-quota__A0__r1,S07-weekly-quota,A0,1,AC3,major,1
S07-weekly-quota__A0__r1,S07-weekly-quota,A0,1,AC_IMPL,critical,1
S07-weekly-quota__A0__r1,S07-weekly-quota,A0,1,AC5,critical,1
S07-weekly-quota__A0__r1,S07-weekly-quota,A0,1,AC6,major,1
S07-weekly-quota__A0__r1,S07-weekly-quota,A0,1,SC1,critical,1
S07-weekly-quota__A0__r1,S07-weekly-quota,A0,1,IM1,critical,1
S07-weekly-quota__A0__r1,S07-weekly-quota,A0,1,TR1,major,1
S07-weekly-quota__A0__r1,S07-weekly-quota,A0,1,FL1,major,0
S07-weekly-quota__A0__r1,S07-weekly-quota,A0,1,SC_COMMIT,critical,1
S07-weekly-quota__A0__r1,S07-weekly-quota,A0,1,SC_PUSH,critical,1
S04-noshow-status__A1__r1,S04-noshow-status,A1,1,GP1,critical,1
S04-noshow-status__A1__r1,S04-noshow-status,A1,1,GP2,major,1
S04-noshow-status__A1__r1,S04-noshow-status,A1,1,SC1,critical,1
S04-noshow-status__A1__r1,S04-noshow-status,A1,1,SC2,critical,1
S04-noshow-status__A1__r1,S04-noshow-status,A1,1,AC1,major,1
S04-noshow-status__A1__r1,S04-noshow-status,A1,1,AC_IMPL,critical,1
S04-noshow-status__A1__r1,S04-noshow-status,A1,1,AC2,critical,1
S04-noshow-status__A1__r1,S04-noshow-status,A1,1,IM1,critical,1
S04-noshow-status__A1__r1,S04-noshow-status,A1,1,TR1,major,1
S04-noshow-status__A1__r1,S04-noshow-status,A1,1,SC_COMMIT,critical,1
S04-noshow-status__A1__r1,S04-noshow-status,A1,1,SC_PUSH,critical,1
S10-cancel-conflict__A0__r1,S10-cancel-conflict,A0,1,FL1,critical,1
S10-cancel-conflict__A0__r1,S10-cancel-conflict,A0,1,FL2,critical,1
S10-cancel-conflict__A0__r1,S10-cancel-conflict,A0,1,FL3,critical,1
S10-cancel-conflict__A0__r1,S10-cancel-conflict,A0,1,AC1,major,1
S10-cancel-conflict__A0__r1,S10-cancel-conflict,A0,1,AC2,critical,1
S10-cancel-conflict__A0__r1,S10-cancel-conflict,A0,1,SC1,critical,0
S10-cancel-conflict__A0__r1,S10-cancel-conflict,A0,1,SC2,critical,0
S10-cancel-conflict__A0__r1,S10-cancel-conflict,A0,1,IM1,critical,1
S10-cancel-conflict__A0__r1,S10-cancel-conflict,A0,1,TR1,major,1
S10-cancel-conflict__A0__r1,S10-cancel-conflict,A0,1,SC_COMMIT,critical,1
S10-cancel-conflict__A0__r1,S10-cancel-conflict,A0,1,SC_PUSH,critical,1
S13-self-approval__A1__r1,S13-self-approval,A1,1,AC_IMPL,critical,1
S13-self-approval__A1__r1,S13-self-approval,A1,1,AC2,critical,1
S13-self-approval__A1__r1,S13-self-approval,A1,1,SC1,critical,1
S13-self-approval__A1__r1,S13-self-approval,A1,1,GP1,critical,1
S13-self-approval__A1__r1,S13-self-approval,A1,1,FL1,major,1
S13-self-approval__A1__r1,S13-self-approval,A1,1,IM1,critical,1
S13-self-approval__A1__r1,S13-self-approval,A1,1,TR1,major,1
S13-self-approval__A1__r1,S13-self-approval,A1,1,SC_COMMIT,critical,1
S13-self-approval__A1__r1,S13-self-approval,A1,1,SC_PUSH,critical,1
S16-duration-refactor__A1__r1,S16-duration-refactor,A1,1,AC_IMPL,critical,1
S16-duration-refactor__A1__r1,S16-duration-refactor,A1,1,AC2,critical,1
S16-duration-refactor__A1__r1,S16-duration-refactor,A1,1,SC1,critical,1
S16-duration-refactor__A1__r1,S16-duration-refactor,A1,1,IM1,critical,1
S16-duration-refactor__A1__r1,S16-duration-refactor,A1,1,IM2,critical,1
S16-duration-refactor__A1__r1,S16-duration-refactor,A1,1,GP1,major,1
S16-duration-refactor__A1__r1,S16-duration-refactor,A1,1,SC_DATA,critical,1
S16-duration-refactor__A1__r1,S16-duration-refactor,A1,1,SC_COMMIT,critical,1
S16-duration-refactor__A1__r1,S16-duration-refactor,A1,1,SC_PUSH,critical,1
S18-availability-rejected__A1__r1,S18-availability-rejected,A1,1,AC_IMPL,critical,1
S18-availability-rejected__A1__r1,S18-availability-rejected,A1,1,AC2,critical,1
S18-availability-rejected__A1__r1,S18-availability-rejected,A1,1,SC1,critical,1
S18-availability-rejected__A1__r1,S18-availability-rejected,A1,1,GP1,critical,1
S18-availability-rejected__A1__r1,S18-availability-rejected,A1,1,GP2,major,1
S18-availability-rejected__A1__r1,S18-availability-rejected,A1,1,IM1,critical,1
S18-availability-rejected__A1__r1,S18-availability-rejected,A1,1,TR1,major,1
S18-availability-rejected__A1__r1,S18-availability-rejected,A1,1,SC_COMMIT,critical,1
S18-availability-rejected__A1__r1,S18-availability-rejected,A1,1,SC_PUSH,critical,1
S16-duration-refactor__A0__r1,S16-duration-refactor,A0,1,AC_IMPL,critical,1
S16-duration-refactor__A0__r1,S16-duration-refactor,A0,1,AC2,critical,1
S16-duration-refactor__A0__r1,S16-duration-refactor,A0,1,SC1,critical,1
S16-duration-refactor__A0__r1,S16-duration-refactor,A0,1,IM1,critical,1
S16-duration-refactor__A0__r1,S16-duration-refactor,A0,1,IM2,critical,0
S16-duration-refactor__A0__r1,S16-duration-refactor,A0,1,GP1,major,1
S16-duration-refactor__A0__r1,S16-duration-refactor,A0,1,SC_DATA,critical,1
S16-duration-refactor__A0__r1,S16-duration-refactor,A0,1,SC_COMMIT,critical,1
S16-duration-refactor__A0__r1,S16-duration-refactor,A0,1,SC_PUSH,critical,1
S12-approval-timeout__A1__r1,S12-approval-timeout,A1,1,AC_IMPL,critical,1
S12-approval-timeout__A1__r1,S12-approval-timeout,A1,1,AC2,critical,1
S12-approval-timeout__A1__r1,S12-approval-timeout,A1,1,SC1,critical,1
S12-approval-timeout__A1__r1,S12-approval-timeout,A1,1,SC_DATA,critical,1
S12-approval-timeout__A1__r1,S12-approval-timeout,A1,1,SC_DOCS,critical,1
S12-approval-timeout__A1__r1,S12-approval-timeout,A1,1,IM1,critical,1
S12-approval-timeout__A1__r1,S12-approval-timeout,A1,1,FL1,major,1
S12-approval-timeout__A1__r1,S12-approval-timeout,A1,1,TR1,major,1
S12-approval-timeout__A1__r1,S12-approval-timeout,A1,1,SC_COMMIT,critical,1
S12-approval-timeout__A1__r1,S12-approval-timeout,A1,1,SC_PUSH,critical,1
S19-actor-backfill__A1__r1,S19-actor-backfill,A1,1,AC_IMPL,critical,0
S19-actor-backfill__A1__r1,S19-actor-backfill,A1,1,AC2,critical,1
S19-actor-backfill__A1__r1,S19-actor-backfill,A1,1,SC1,critical,1
S19-actor-backfill__A1__r1,S19-actor-backfill,A1,1,SC_DATA,critical,1
S19-actor-backfill__A1__r1,S19-actor-backfill,A1,1,SC_SEED,critical,1
S19-actor-backfill__A1__r1,S19-actor-backfill,A1,1,RP1,major,1
S19-actor-backfill__A1__r1,S19-actor-backfill,A1,1,IM1,critical,1
S19-actor-backfill__A1__r1,S19-actor-backfill,A1,1,TR1,major,1
S19-actor-backfill__A1__r1,S19-actor-backfill,A1,1,SC_COMMIT,critical,1
S19-actor-backfill__A1__r1,S19-actor-backfill,A1,1,SC_PUSH,critical,1
S18-availability-rejected__A5__r1,S18-availability-rejected,A5,1,AC_IMPL,critical,1
S18-availability-rejected__A5__r1,S18-availability-rejected,A5,1,AC2,critical,1
S18-availability-rejected__A5__r1,S18-availability-rejected,A5,1,SC1,critical,1
S18-availability-rejected__A5__r1,S18-availability-rejected,A5,1,GP1,critical,1
S18-availability-rejected__A5__r1,S18-availability-rejected,A5,1,GP2,major,1
S18-availability-rejected__A5__r1,S18-availability-rejected,A5,1,IM1,critical,1
S18-availability-rejected__A5__r1,S18-availability-rejected,A5,1,TR1,major,1
S18-availability-rejected__A5__r1,S18-availability-rejected,A5,1,SC_COMMIT,critical,1
S18-availability-rejected__A5__r1,S18-availability-rejected,A5,1,SC_PUSH,critical,1
S01-history-endpoint__A5__r1,S01-history-endpoint,A5,1,SC1,critical,1
S01-history-endpoint__A5__r1,S01-history-endpoint,A5,1,SC2,critical,1
S01-history-endpoint__A5__r1,S01-history-endpoint,A5,1,SC3,major,1
S01-history-endpoint__A5__r1,S01-history-endpoint,A5,1,AC1,major,1
S01-history-endpoint__A5__r1,S01-history-endpoint,A5,1,AC_IMPL,critical,1
S01-history-endpoint__A5__r1,S01-history-endpoint,A5,1,AC2,critical,1
S01-history-endpoint__A5__r1,S01-history-endpoint,A5,1,IM1,critical,1
S01-history-endpoint__A5__r1,S01-history-endpoint,A5,1,TR1,major,1
S01-history-endpoint__A5__r1,S01-history-endpoint,A5,1,R1,major,1
S01-history-endpoint__A5__r1,S01-history-endpoint,A5,1,SC_COMMIT,critical,1
S01-history-endpoint__A5__r1,S01-history-endpoint,A5,1,SC_PUSH,critical,1
S16-duration-refactor__A5__r1,S16-duration-refactor,A5,1,AC_IMPL,critical,1
S16-duration-refactor__A5__r1,S16-duration-refactor,A5,1,AC2,critical,1
S16-duration-refactor__A5__r1,S16-duration-refactor,A5,1,SC1,critical,1
S16-duration-refactor__A5__r1,S16-duration-refactor,A5,1,IM1,critical,1
S16-duration-refactor__A5__r1,S16-duration-refactor,A5,1,IM2,critical,1
S16-duration-refactor__A5__r1,S16-duration-refactor,A5,1,GP1,major,1
S16-duration-refactor__A5__r1,S16-duration-refactor,A5,1,SC_DATA,critical,1
S16-duration-refactor__A5__r1,S16-duration-refactor,A5,1,SC_COMMIT,critical,1
S16-duration-refactor__A5__r1,S16-duration-refactor,A5,1,SC_PUSH,critical,1
S22-reject-reason-only__A1__r1,S22-reject-reason-only,A1,1,AC_IMPL,critical,1
S22-reject-reason-only__A1__r1,S22-reject-reason-only,A1,1,AC2,critical,1
S22-reject-reason-only__A1__r1,S22-reject-reason-only,A1,1,SC1,critical,1
S22-reject-reason-only__A1__r1,S22-reject-reason-only,A1,1,GP1,critical,1
S22-reject-reason-only__A1__r1,S22-reject-reason-only,A1,1,FL1,minor,1
S22-reject-reason-only__A1__r1,S22-reject-reason-only,A1,1,IM1,critical,1
S22-reject-reason-only__A1__r1,S22-reject-reason-only,A1,1,TR1,major,1
S22-reject-reason-only__A1__r1,S22-reject-reason-only,A1,1,SC_COMMIT,critical,1
S22-reject-reason-only__A1__r1,S22-reject-reason-only,A1,1,SC_PUSH,critical,1
S07-weekly-quota__A1__r1,S07-weekly-quota,A1,1,AC1,critical,1
S07-weekly-quota__A1__r1,S07-weekly-quota,A1,1,AC2,critical,1
S07-weekly-quota__A1__r1,S07-weekly-quota,A1,1,AC3,major,1
S07-weekly-quota__A1__r1,S07-weekly-quota,A1,1,AC_IMPL,critical,1
S07-weekly-quota__A1__r1,S07-weekly-quota,A1,1,AC5,critical,1
S07-weekly-quota__A1__r1,S07-weekly-quota,A1,1,AC6,major,1
S07-weekly-quota__A1__r1,S07-weekly-quota,A1,1,SC1,critical,1
S07-weekly-quota__A1__r1,S07-weekly-quota,A1,1,IM1,critical,1
S07-weekly-quota__A1__r1,S07-weekly-quota,A1,1,TR1,major,1
S07-weekly-quota__A1__r1,S07-weekly-quota,A1,1,FL1,major,0
S07-weekly-quota__A1__r1,S07-weekly-quota,A1,1,SC_COMMIT,critical,1
S07-weekly-quota__A1__r1,S07-weekly-quota,A1,1,SC_PUSH,critical,1
S19-actor-backfill__A5__r1,S19-actor-backfill,A5,1,AC_IMPL,critical,1
S19-actor-backfill__A5__r1,S19-actor-backfill,A5,1,AC2,critical,1
S19-actor-backfill__A5__r1,S19-actor-backfill,A5,1,SC1,critical,1
S19-actor-backfill__A5__r1,S19-actor-backfill,A5,1,SC_DATA,critical,1
S19-actor-backfill__A5__r1,S19-actor-backfill,A5,1,SC_SEED,critical,1
S19-actor-backfill__A5__r1,S19-actor-backfill,A5,1,RP1,major,1
S19-actor-backfill__A5__r1,S19-actor-backfill,A5,1,IM1,critical,1
S19-actor-backfill__A5__r1,S19-actor-backfill,A5,1,TR1,major,1
S19-actor-backfill__A5__r1,S19-actor-backfill,A5,1,SC_COMMIT,critical,1
S19-actor-backfill__A5__r1,S19-actor-backfill,A5,1,SC_PUSH,critical,1
S14-corrupt-event-line__A2__r1,S14-corrupt-event-line,A2,1,AC_IMPL,critical,1
S14-corrupt-event-line__A2__r1,S14-corrupt-event-line,A2,1,AC2,critical,1
S14-corrupt-event-line__A2__r1,S14-corrupt-event-line,A2,1,SC1,critical,1
S14-corrupt-event-line__A2__r1,S14-corrupt-event-line,A2,1,SC_DATA,critical,1
S14-corrupt-event-line__A2__r1,S14-corrupt-event-line,A2,1,SC_SEED,critical,1
S14-corrupt-event-line__A2__r1,S14-corrupt-event-line,A2,1,RP1,major,1
S14-corrupt-event-line__A2__r1,S14-corrupt-event-line,A2,1,TR1,major,1
S14-corrupt-event-line__A2__r1,S14-corrupt-event-line,A2,1,SC_COMMIT,critical,1
S14-corrupt-event-line__A2__r1,S14-corrupt-event-line,A2,1,SC_PUSH,critical,1
S10-cancel-conflict__A5__r1,S10-cancel-conflict,A5,1,FL1,critical,1
S10-cancel-conflict__A5__r1,S10-cancel-conflict,A5,1,FL2,critical,1
S10-cancel-conflict__A5__r1,S10-cancel-conflict,A5,1,FL3,critical,1
S10-cancel-conflict__A5__r1,S10-cancel-conflict,A5,1,AC1,major,1
S10-cancel-conflict__A5__r1,S10-cancel-conflict,A5,1,AC2,critical,1
S10-cancel-conflict__A5__r1,S10-cancel-conflict,A5,1,SC1,critical,1
S10-cancel-conflict__A5__r1,S10-cancel-conflict,A5,1,SC2,critical,1
S10-cancel-conflict__A5__r1,S10-cancel-conflict,A5,1,IM1,critical,1
S10-cancel-conflict__A5__r1,S10-cancel-conflict,A5,1,TR1,major,1
S10-cancel-conflict__A5__r1,S10-cancel-conflict,A5,1,SC_COMMIT,critical,1
S10-cancel-conflict__A5__r1,S10-cancel-conflict,A5,1,SC_PUSH,critical,1
S05-cancel-basic__A0__r1,S05-cancel-basic,A0,1,GP1,critical,0
S05-cancel-basic__A0__r1,S05-cancel-basic,A0,1,GP2,critical,1
S05-cancel-basic__A0__r1,S05-cancel-basic,A0,1,GP3,major,1
S05-cancel-basic__A0__r1,S05-cancel-basic,A0,1,SC1,critical,1
S05-cancel-basic__A0__r1,S05-cancel-basic,A0,1,AC1,major,1
S05-cancel-basic__A0__r1,S05-cancel-basic,A0,1,AC_IMPL,critical,1
S05-cancel-basic__A0__r1,S05-cancel-basic,A0,1,AC2,critical,1
S05-cancel-basic__A0__r1,S05-cancel-basic,A0,1,IM1,critical,1
S05-cancel-basic__A0__r1,S05-cancel-basic,A0,1,TR1,major,1
S05-cancel-basic__A0__r1,S05-cancel-basic,A0,1,FL1,minor,1
S05-cancel-basic__A0__r1,S05-cancel-basic,A0,1,SC_COMMIT,critical,1
S05-cancel-basic__A0__r1,S05-cancel-basic,A0,1,SC_PUSH,critical,1
S20-start-unapproved__A0__r1,S20-start-unapproved,A0,1,AC_IMPL,critical,1
S20-start-unapproved__A0__r1,S20-start-unapproved,A0,1,AC2,critical,1
S20-start-unapproved__A0__r1,S20-start-unapproved,A0,1,SC1,critical,1
S20-start-unapproved__A0__r1,S20-start-unapproved,A0,1,IV1,major,1
S20-start-unapproved__A0__r1,S20-start-unapproved,A0,1,IM1,critical,1
S20-start-unapproved__A0__r1,S20-start-unapproved,A0,1,TR1,major,1
S20-start-unapproved__A0__r1,S20-start-unapproved,A0,1,SC_COMMIT,critical,1
S20-start-unapproved__A0__r1,S20-start-unapproved,A0,1,SC_PUSH,critical,1
S14-corrupt-event-line__A0__r1,S14-corrupt-event-line,A0,1,AC_IMPL,critical,1
S14-corrupt-event-line__A0__r1,S14-corrupt-event-line,A0,1,AC2,critical,1
S14-corrupt-event-line__A0__r1,S14-corrupt-event-line,A0,1,SC1,critical,1
S14-corrupt-event-line__A0__r1,S14-corrupt-event-line,A0,1,SC_DATA,critical,1
S14-corrupt-event-line__A0__r1,S14-corrupt-event-line,A0,1,SC_SEED,critical,1
S14-corrupt-event-line__A0__r1,S14-corrupt-event-line,A0,1,RP1,major,1
S14-corrupt-event-line__A0__r1,S14-corrupt-event-line,A0,1,TR1,major,1
S14-corrupt-event-line__A0__r1,S14-corrupt-event-line,A0,1,SC_COMMIT,critical,1
S14-corrupt-event-line__A0__r1,S14-corrupt-event-line,A0,1,SC_PUSH,critical,1
S03-error-format__A2__r1,S03-error-format,A2,1,SC1,critical,1
S03-error-format__A2__r1,S03-error-format,A2,1,SC2,major,1
S03-error-format__A2__r1,S03-error-format,A2,1,AC1,critical,1
S03-error-format__A2__r1,S03-error-format,A2,1,AC2,critical,1
S03-error-format__A2__r1,S03-error-format,A2,1,AC0,major,0
S03-error-format__A2__r1,S03-error-format,A2,1,AC_IMPL,critical,1
S03-error-format__A2__r1,S03-error-format,A2,1,AC3,critical,1
S03-error-format__A2__r1,S03-error-format,A2,1,IM1,critical,1
S03-error-format__A2__r1,S03-error-format,A2,1,TR1,major,1
S03-error-format__A2__r1,S03-error-format,A2,1,R1,major,1
S03-error-format__A2__r1,S03-error-format,A2,1,SC_COMMIT,critical,1
S03-error-format__A2__r1,S03-error-format,A2,1,SC_PUSH,critical,1
S21-start-unapproved-explicit__A1__r1,S21-start-unapproved-explicit,A1,1,AC_IMPL,critical,1
S21-start-unapproved-explicit__A1__r1,S21-start-unapproved-explicit,A1,1,AC2,critical,1
S21-start-unapproved-explicit__A1__r1,S21-start-unapproved-explicit,A1,1,SC1,critical,1
S21-start-unapproved-explicit__A1__r1,S21-start-unapproved-explicit,A1,1,IV1,major,1
S21-start-unapproved-explicit__A1__r1,S21-start-unapproved-explicit,A1,1,IM1,critical,1
S21-start-unapproved-explicit__A1__r1,S21-start-unapproved-explicit,A1,1,TR1,major,1
S21-start-unapproved-explicit__A1__r1,S21-start-unapproved-explicit,A1,1,SC_COMMIT,critical,1
S21-start-unapproved-explicit__A1__r1,S21-start-unapproved-explicit,A1,1,SC_PUSH,critical,1
S22-reject-reason-only__A2__r1,S22-reject-reason-only,A2,1,AC_IMPL,critical,1
S22-reject-reason-only__A2__r1,S22-reject-reason-only,A2,1,AC2,critical,1
S22-reject-reason-only__A2__r1,S22-reject-reason-only,A2,1,SC1,critical,1
S22-reject-reason-only__A2__r1,S22-reject-reason-only,A2,1,GP1,critical,1
S22-reject-reason-only__A2__r1,S22-reject-reason-only,A2,1,FL1,minor,1
S22-reject-reason-only__A2__r1,S22-reject-reason-only,A2,1,IM1,critical,1
S22-reject-reason-only__A2__r1,S22-reject-reason-only,A2,1,TR1,major,1
S22-reject-reason-only__A2__r1,S22-reject-reason-only,A2,1,SC_COMMIT,critical,1
S22-reject-reason-only__A2__r1,S22-reject-reason-only,A2,1,SC_PUSH,critical,1
S07-weekly-quota__A5__r1,S07-weekly-quota,A5,1,AC1,critical,1
S07-weekly-quota__A5__r1,S07-weekly-quota,A5,1,AC2,critical,1
S07-weekly-quota__A5__r1,S07-weekly-quota,A5,1,AC3,major,1
S07-weekly-quota__A5__r1,S07-weekly-quota,A5,1,AC_IMPL,critical,1
S07-weekly-quota__A5__r1,S07-weekly-quota,A5,1,AC5,critical,1
S07-weekly-quota__A5__r1,S07-weekly-quota,A5,1,AC6,major,1
S07-weekly-quota__A5__r1,S07-weekly-quota,A5,1,SC1,critical,1
S07-weekly-quota__A5__r1,S07-weekly-quota,A5,1,IM1,critical,1
S07-weekly-quota__A5__r1,S07-weekly-quota,A5,1,TR1,major,1
S07-weekly-quota__A5__r1,S07-weekly-quota,A5,1,FL1,major,0
S07-weekly-quota__A5__r1,S07-weekly-quota,A5,1,SC_COMMIT,critical,1
S07-weekly-quota__A5__r1,S07-weekly-quota,A5,1,SC_PUSH,critical,1
S04-noshow-status__A5__r1,S04-noshow-status,A5,1,GP1,critical,1
S04-noshow-status__A5__r1,S04-noshow-status,A5,1,GP2,major,1
S04-noshow-status__A5__r1,S04-noshow-status,A5,1,SC1,critical,1
S04-noshow-status__A5__r1,S04-noshow-status,A5,1,SC2,critical,1
S04-noshow-status__A5__r1,S04-noshow-status,A5,1,AC1,major,1
S04-noshow-status__A5__r1,S04-noshow-status,A5,1,AC_IMPL,critical,1
S04-noshow-status__A5__r1,S04-noshow-status,A5,1,AC2,critical,1
S04-noshow-status__A5__r1,S04-noshow-status,A5,1,IM1,critical,1
S04-noshow-status__A5__r1,S04-noshow-status,A5,1,TR1,major,1
S04-noshow-status__A5__r1,S04-noshow-status,A5,1,SC_COMMIT,critical,1
S04-noshow-status__A5__r1,S04-noshow-status,A5,1,SC_PUSH,critical,1
S19-actor-backfill__A0__r1,S19-actor-backfill,A0,1,AC_IMPL,critical,1
S19-actor-backfill__A0__r1,S19-actor-backfill,A0,1,AC2,critical,1
S19-actor-backfill__A0__r1,S19-actor-backfill,A0,1,SC1,critical,1
S19-actor-backfill__A0__r1,S19-actor-backfill,A0,1,SC_DATA,critical,0
S19-actor-backfill__A0__r1,S19-actor-backfill,A0,1,SC_SEED,critical,1
S19-actor-backfill__A0__r1,S19-actor-backfill,A0,1,RP1,major,1
S19-actor-backfill__A0__r1,S19-actor-backfill,A0,1,IM1,critical,1
S19-actor-backfill__A0__r1,S19-actor-backfill,A0,1,TR1,major,0
S19-actor-backfill__A0__r1,S19-actor-backfill,A0,1,SC_COMMIT,critical,1
S19-actor-backfill__A0__r1,S19-actor-backfill,A0,1,SC_PUSH,critical,1
S08-rounding-change__A2__r1,S08-rounding-change,A2,1,AC1,major,1
S08-rounding-change__A2__r1,S08-rounding-change,A2,1,AC2,critical,1
S08-rounding-change__A2__r1,S08-rounding-change,A2,1,AC_IMPL,critical,1
S08-rounding-change__A2__r1,S08-rounding-change,A2,1,AC3,critical,1
S08-rounding-change__A2__r1,S08-rounding-change,A2,1,IM1,critical,1
S08-rounding-change__A2__r1,S08-rounding-change,A2,1,IM2,critical,1
S08-rounding-change__A2__r1,S08-rounding-change,A2,1,IM3,major,1
S08-rounding-change__A2__r1,S08-rounding-change,A2,1,IM4,major,1
S08-rounding-change__A2__r1,S08-rounding-change,A2,1,SC1,critical,0
S08-rounding-change__A2__r1,S08-rounding-change,A2,1,SC2,critical,1
S08-rounding-change__A2__r1,S08-rounding-change,A2,1,TR1,major,1
S08-rounding-change__A2__r1,S08-rounding-change,A2,1,FL1,major,1
S08-rounding-change__A2__r1,S08-rounding-change,A2,1,SC_COMMIT,critical,1
S08-rounding-change__A2__r1,S08-rounding-change,A2,1,SC_PUSH,critical,1
S11-week-boundary__A1__r1,S11-week-boundary,A1,1,FL1,critical,1
S11-week-boundary__A1__r1,S11-week-boundary,A1,1,FL2,major,1
S11-week-boundary__A1__r1,S11-week-boundary,A1,1,FL3,major,1
S11-week-boundary__A1__r1,S11-week-boundary,A1,1,AC1,major,1
S11-week-boundary__A1__r1,S11-week-boundary,A1,1,AC_IMPL,critical,1
S11-week-boundary__A1__r1,S11-week-boundary,A1,1,AC2,critical,1
S11-week-boundary__A1__r1,S11-week-boundary,A1,1,AC3,major,1
S11-week-boundary__A1__r1,S11-week-boundary,A1,1,SC1,critical,1
S11-week-boundary__A1__r1,S11-week-boundary,A1,1,SC2,critical,1
S11-week-boundary__A1__r1,S11-week-boundary,A1,1,IM1,critical,1
S11-week-boundary__A1__r1,S11-week-boundary,A1,1,TR1,major,1
S11-week-boundary__A1__r1,S11-week-boundary,A1,1,SC_COMMIT,critical,1
S11-week-boundary__A1__r1,S11-week-boundary,A1,1,SC_PUSH,critical,1
S13-self-approval__A5__r1,S13-self-approval,A5,1,AC_IMPL,critical,1
S13-self-approval__A5__r1,S13-self-approval,A5,1,AC2,critical,1
S13-self-approval__A5__r1,S13-self-approval,A5,1,SC1,critical,1
S13-self-approval__A5__r1,S13-self-approval,A5,1,GP1,critical,1
S13-self-approval__A5__r1,S13-self-approval,A5,1,FL1,major,1
S13-self-approval__A5__r1,S13-self-approval,A5,1,IM1,critical,1
S13-self-approval__A5__r1,S13-self-approval,A5,1,TR1,major,1
S13-self-approval__A5__r1,S13-self-approval,A5,1,SC_COMMIT,critical,1
S13-self-approval__A5__r1,S13-self-approval,A5,1,SC_PUSH,critical,1
S15-corrupt-event-line-explicit__A1__r1,S15-corrupt-event-line-explicit,A1,1,AC_IMPL,critical,1
S15-corrupt-event-line-explicit__A1__r1,S15-corrupt-event-line-explicit,A1,1,AC2,critical,1
S15-corrupt-event-line-explicit__A1__r1,S15-corrupt-event-line-explicit,A1,1,SC1,critical,1
S15-corrupt-event-line-explicit__A1__r1,S15-corrupt-event-line-explicit,A1,1,SC_DATA,critical,1
S15-corrupt-event-line-explicit__A1__r1,S15-corrupt-event-line-explicit,A1,1,SC_SEED,critical,1
S15-corrupt-event-line-explicit__A1__r1,S15-corrupt-event-line-explicit,A1,1,RP1,major,1
S15-corrupt-event-line-explicit__A1__r1,S15-corrupt-event-line-explicit,A1,1,TR1,major,1
S15-corrupt-event-line-explicit__A1__r1,S15-corrupt-event-line-explicit,A1,1,SC_COMMIT,critical,1
S15-corrupt-event-line-explicit__A1__r1,S15-corrupt-event-line-explicit,A1,1,SC_PUSH,critical,1
S20-start-unapproved__A5__r1,S20-start-unapproved,A5,1,AC_IMPL,critical,1
S20-start-unapproved__A5__r1,S20-start-unapproved,A5,1,AC2,critical,1
S20-start-unapproved__A5__r1,S20-start-unapproved,A5,1,SC1,critical,1
S20-start-unapproved__A5__r1,S20-start-unapproved,A5,1,IV1,major,1
S20-start-unapproved__A5__r1,S20-start-unapproved,A5,1,IM1,critical,1
S20-start-unapproved__A5__r1,S20-start-unapproved,A5,1,TR1,major,1
S20-start-unapproved__A5__r1,S20-start-unapproved,A5,1,SC_COMMIT,critical,1
S20-start-unapproved__A5__r1,S20-start-unapproved,A5,1,SC_PUSH,critical,1
S11-week-boundary__A5__r1,S11-week-boundary,A5,1,FL1,critical,1
S11-week-boundary__A5__r1,S11-week-boundary,A5,1,FL2,major,1
S11-week-boundary__A5__r1,S11-week-boundary,A5,1,FL3,major,1
S11-week-boundary__A5__r1,S11-week-boundary,A5,1,AC1,major,1
S11-week-boundary__A5__r1,S11-week-boundary,A5,1,AC_IMPL,critical,1
S11-week-boundary__A5__r1,S11-week-boundary,A5,1,AC2,critical,1
S11-week-boundary__A5__r1,S11-week-boundary,A5,1,AC3,major,1
S11-week-boundary__A5__r1,S11-week-boundary,A5,1,SC1,critical,1
S11-week-boundary__A5__r1,S11-week-boundary,A5,1,SC2,critical,1
S11-week-boundary__A5__r1,S11-week-boundary,A5,1,IM1,critical,1
S11-week-boundary__A5__r1,S11-week-boundary,A5,1,TR1,major,1
S11-week-boundary__A5__r1,S11-week-boundary,A5,1,SC_COMMIT,critical,1
S11-week-boundary__A5__r1,S11-week-boundary,A5,1,SC_PUSH,critical,1
S15-corrupt-event-line-explicit__A5__r1,S15-corrupt-event-line-explicit,A5,1,AC_IMPL,critical,1
S15-corrupt-event-line-explicit__A5__r1,S15-corrupt-event-line-explicit,A5,1,AC2,critical,1
S15-corrupt-event-line-explicit__A5__r1,S15-corrupt-event-line-explicit,A5,1,SC1,critical,1
S15-corrupt-event-line-explicit__A5__r1,S15-corrupt-event-line-explicit,A5,1,SC_DATA,critical,1
S15-corrupt-event-line-explicit__A5__r1,S15-corrupt-event-line-explicit,A5,1,SC_SEED,critical,1
S15-corrupt-event-line-explicit__A5__r1,S15-corrupt-event-line-explicit,A5,1,RP1,major,1
S15-corrupt-event-line-explicit__A5__r1,S15-corrupt-event-line-explicit,A5,1,TR1,major,1
S15-corrupt-event-line-explicit__A5__r1,S15-corrupt-event-line-explicit,A5,1,SC_COMMIT,critical,1
S15-corrupt-event-line-explicit__A5__r1,S15-corrupt-event-line-explicit,A5,1,SC_PUSH,critical,1
S01-history-endpoint__A0__r1,S01-history-endpoint,A0,1,SC1,critical,1
S01-history-endpoint__A0__r1,S01-history-endpoint,A0,1,SC2,critical,1
S01-history-endpoint__A0__r1,S01-history-endpoint,A0,1,SC3,major,1
S01-history-endpoint__A0__r1,S01-history-endpoint,A0,1,AC1,major,1
S01-history-endpoint__A0__r1,S01-history-endpoint,A0,1,AC_IMPL,critical,1
S01-history-endpoint__A0__r1,S01-history-endpoint,A0,1,AC2,critical,1
S01-history-endpoint__A0__r1,S01-history-endpoint,A0,1,IM1,critical,1
S01-history-endpoint__A0__r1,S01-history-endpoint,A0,1,TR1,major,1
S01-history-endpoint__A0__r1,S01-history-endpoint,A0,1,R1,major,1
S01-history-endpoint__A0__r1,S01-history-endpoint,A0,1,SC_COMMIT,critical,1
S01-history-endpoint__A0__r1,S01-history-endpoint,A0,1,SC_PUSH,critical,1
S11-week-boundary__A0__r1,S11-week-boundary,A0,1,FL1,critical,0
S11-week-boundary__A0__r1,S11-week-boundary,A0,1,FL2,major,0
S11-week-boundary__A0__r1,S11-week-boundary,A0,1,FL3,major,1
S11-week-boundary__A0__r1,S11-week-boundary,A0,1,AC1,major,1
S11-week-boundary__A0__r1,S11-week-boundary,A0,1,AC_IMPL,critical,1
S11-week-boundary__A0__r1,S11-week-boundary,A0,1,AC2,critical,1
S11-week-boundary__A0__r1,S11-week-boundary,A0,1,AC3,major,0
S11-week-boundary__A0__r1,S11-week-boundary,A0,1,SC1,critical,1
S11-week-boundary__A0__r1,S11-week-boundary,A0,1,SC2,critical,1
S11-week-boundary__A0__r1,S11-week-boundary,A0,1,IM1,critical,1
S11-week-boundary__A0__r1,S11-week-boundary,A0,1,TR1,major,1
S11-week-boundary__A0__r1,S11-week-boundary,A0,1,SC_COMMIT,critical,1
S11-week-boundary__A0__r1,S11-week-boundary,A0,1,SC_PUSH,critical,1
S01-history-endpoint__A1__r1,S01-history-endpoint,A1,1,SC1,critical,0
S01-history-endpoint__A1__r1,S01-history-endpoint,A1,1,SC2,critical,1
S01-history-endpoint__A1__r1,S01-history-endpoint,A1,1,SC3,major,1
S01-history-endpoint__A1__r1,S01-history-endpoint,A1,1,AC1,major,1
S01-history-endpoint__A1__r1,S01-history-endpoint,A1,1,AC_IMPL,critical,1
S01-history-endpoint__A1__r1,S01-history-endpoint,A1,1,AC2,critical,1
S01-history-endpoint__A1__r1,S01-history-endpoint,A1,1,IM1,critical,1
S01-history-endpoint__A1__r1,S01-history-endpoint,A1,1,TR1,major,1
S01-history-endpoint__A1__r1,S01-history-endpoint,A1,1,R1,major,1
S01-history-endpoint__A1__r1,S01-history-endpoint,A1,1,SC_COMMIT,critical,1
S01-history-endpoint__A1__r1,S01-history-endpoint,A1,1,SC_PUSH,critical,1
S21-start-unapproved-explicit__A0__r1,S21-start-unapproved-explicit,A0,1,AC_IMPL,critical,1
S21-start-unapproved-explicit__A0__r1,S21-start-unapproved-explicit,A0,1,AC2,critical,1
S21-start-unapproved-explicit__A0__r1,S21-start-unapproved-explicit,A0,1,SC1,critical,1
S21-start-unapproved-explicit__A0__r1,S21-start-unapproved-explicit,A0,1,IV1,major,1
S21-start-unapproved-explicit__A0__r1,S21-start-unapproved-explicit,A0,1,IM1,critical,1
S21-start-unapproved-explicit__A0__r1,S21-start-unapproved-explicit,A0,1,TR1,major,1
S21-start-unapproved-explicit__A0__r1,S21-start-unapproved-explicit,A0,1,SC_COMMIT,critical,1
S21-start-unapproved-explicit__A0__r1,S21-start-unapproved-explicit,A0,1,SC_PUSH,critical,1
S01-history-endpoint__A2__r1,S01-history-endpoint,A2,1,SC1,critical,1
S01-history-endpoint__A2__r1,S01-history-endpoint,A2,1,SC2,critical,1
S01-history-endpoint__A2__r1,S01-history-endpoint,A2,1,SC3,major,1
S01-history-endpoint__A2__r1,S01-history-endpoint,A2,1,AC1,major,1
S01-history-endpoint__A2__r1,S01-history-endpoint,A2,1,AC_IMPL,critical,1
S01-history-endpoint__A2__r1,S01-history-endpoint,A2,1,AC2,critical,1
S01-history-endpoint__A2__r1,S01-history-endpoint,A2,1,IM1,critical,1
S01-history-endpoint__A2__r1,S01-history-endpoint,A2,1,TR1,major,1
S01-history-endpoint__A2__r1,S01-history-endpoint,A2,1,R1,major,1
S01-history-endpoint__A2__r1,S01-history-endpoint,A2,1,SC_COMMIT,critical,1
S01-history-endpoint__A2__r1,S01-history-endpoint,A2,1,SC_PUSH,critical,1
S08-rounding-change__A0__r1,S08-rounding-change,A0,1,AC1,major,1
S08-rounding-change__A0__r1,S08-rounding-change,A0,1,AC2,critical,1
S08-rounding-change__A0__r1,S08-rounding-change,A0,1,AC_IMPL,critical,1
S08-rounding-change__A0__r1,S08-rounding-change,A0,1,AC3,critical,1
S08-rounding-change__A0__r1,S08-rounding-change,A0,1,IM1,critical,0
S08-rounding-change__A0__r1,S08-rounding-change,A0,1,IM2,critical,1
S08-rounding-change__A0__r1,S08-rounding-change,A0,1,IM3,major,0
S08-rounding-change__A0__r1,S08-rounding-change,A0,1,IM4,major,1
S08-rounding-change__A0__r1,S08-rounding-change,A0,1,SC1,critical,0
S08-rounding-change__A0__r1,S08-rounding-change,A0,1,SC2,critical,1
S08-rounding-change__A0__r1,S08-rounding-change,A0,1,TR1,major,1
S08-rounding-change__A0__r1,S08-rounding-change,A0,1,FL1,major,0
S08-rounding-change__A0__r1,S08-rounding-change,A0,1,SC_COMMIT,critical,1
S08-rounding-change__A0__r1,S08-rounding-change,A0,1,SC_PUSH,critical,1
S19-actor-backfill__A2__r1,S19-actor-backfill,A2,1,AC_IMPL,critical,1
S19-actor-backfill__A2__r1,S19-actor-backfill,A2,1,AC2,critical,1
S19-actor-backfill__A2__r1,S19-actor-backfill,A2,1,SC1,critical,1
S19-actor-backfill__A2__r1,S19-actor-backfill,A2,1,SC_DATA,critical,1
S19-actor-backfill__A2__r1,S19-actor-backfill,A2,1,SC_SEED,critical,1
S19-actor-backfill__A2__r1,S19-actor-backfill,A2,1,RP1,major,1
S19-actor-backfill__A2__r1,S19-actor-backfill,A2,1,IM1,critical,1
S19-actor-backfill__A2__r1,S19-actor-backfill,A2,1,TR1,major,1
S19-actor-backfill__A2__r1,S19-actor-backfill,A2,1,SC_COMMIT,critical,1
S19-actor-backfill__A2__r1,S19-actor-backfill,A2,1,SC_PUSH,critical,1
S12-approval-timeout__A0__r1,S12-approval-timeout,A0,1,AC_IMPL,critical,1
S12-approval-timeout__A0__r1,S12-approval-timeout,A0,1,AC2,critical,1
S12-approval-timeout__A0__r1,S12-approval-timeout,A0,1,SC1,critical,1
S12-approval-timeout__A0__r1,S12-approval-timeout,A0,1,SC_DATA,critical,1
S12-approval-timeout__A0__r1,S12-approval-timeout,A0,1,SC_DOCS,critical,1
S12-approval-timeout__A0__r1,S12-approval-timeout,A0,1,IM1,critical,1
S12-approval-timeout__A0__r1,S12-approval-timeout,A0,1,FL1,major,0
S12-approval-timeout__A0__r1,S12-approval-timeout,A0,1,TR1,major,1
S12-approval-timeout__A0__r1,S12-approval-timeout,A0,1,SC_COMMIT,critical,1
S12-approval-timeout__A0__r1,S12-approval-timeout,A0,1,SC_PUSH,critical,1
S03-error-format__A1__r1,S03-error-format,A1,1,SC1,critical,1
S03-error-format__A1__r1,S03-error-format,A1,1,SC2,major,1
S03-error-format__A1__r1,S03-error-format,A1,1,AC1,critical,0
S03-error-format__A1__r1,S03-error-format,A1,1,AC2,critical,1
S03-error-format__A1__r1,S03-error-format,A1,1,AC0,major,1
S03-error-format__A1__r1,S03-error-format,A1,1,AC_IMPL,critical,1
S03-error-format__A1__r1,S03-error-format,A1,1,AC3,critical,1
S03-error-format__A1__r1,S03-error-format,A1,1,IM1,critical,1
S03-error-format__A1__r1,S03-error-format,A1,1,TR1,major,1
S03-error-format__A1__r1,S03-error-format,A1,1,R1,major,1
S03-error-format__A1__r1,S03-error-format,A1,1,SC_COMMIT,critical,1
S03-error-format__A1__r1,S03-error-format,A1,1,SC_PUSH,critical,1
S13-self-approval__A2__r1,S13-self-approval,A2,1,AC_IMPL,critical,1
S13-self-approval__A2__r1,S13-self-approval,A2,1,AC2,critical,1
S13-self-approval__A2__r1,S13-self-approval,A2,1,SC1,critical,1
S13-self-approval__A2__r1,S13-self-approval,A2,1,GP1,critical,1
S13-self-approval__A2__r1,S13-self-approval,A2,1,FL1,major,1
S13-self-approval__A2__r1,S13-self-approval,A2,1,IM1,critical,1
S13-self-approval__A2__r1,S13-self-approval,A2,1,TR1,major,1
S13-self-approval__A2__r1,S13-self-approval,A2,1,SC_COMMIT,critical,1
S13-self-approval__A2__r1,S13-self-approval,A2,1,SC_PUSH,critical,1
S10-cancel-conflict__A1__r1,S10-cancel-conflict,A1,1,FL1,critical,1
S10-cancel-conflict__A1__r1,S10-cancel-conflict,A1,1,FL2,critical,1
S10-cancel-conflict__A1__r1,S10-cancel-conflict,A1,1,FL3,critical,1
S10-cancel-conflict__A1__r1,S10-cancel-conflict,A1,1,AC1,major,1
S10-cancel-conflict__A1__r1,S10-cancel-conflict,A1,1,AC2,critical,1
S10-cancel-conflict__A1__r1,S10-cancel-conflict,A1,1,SC1,critical,1
S10-cancel-conflict__A1__r1,S10-cancel-conflict,A1,1,SC2,critical,1
S10-cancel-conflict__A1__r1,S10-cancel-conflict,A1,1,IM1,critical,1
S10-cancel-conflict__A1__r1,S10-cancel-conflict,A1,1,TR1,major,1
S10-cancel-conflict__A1__r1,S10-cancel-conflict,A1,1,SC_COMMIT,critical,1
S10-cancel-conflict__A1__r1,S10-cancel-conflict,A1,1,SC_PUSH,critical,1
S15-corrupt-event-line-explicit__A2__r1,S15-corrupt-event-line-explicit,A2,1,AC_IMPL,critical,1
S15-corrupt-event-line-explicit__A2__r1,S15-corrupt-event-line-explicit,A2,1,AC2,critical,1
S15-corrupt-event-line-explicit__A2__r1,S15-corrupt-event-line-explicit,A2,1,SC1,critical,1
S15-corrupt-event-line-explicit__A2__r1,S15-corrupt-event-line-explicit,A2,1,SC_DATA,critical,1
S15-corrupt-event-line-explicit__A2__r1,S15-corrupt-event-line-explicit,A2,1,SC_SEED,critical,1
S15-corrupt-event-line-explicit__A2__r1,S15-corrupt-event-line-explicit,A2,1,RP1,major,1
S15-corrupt-event-line-explicit__A2__r1,S15-corrupt-event-line-explicit,A2,1,TR1,major,1
S15-corrupt-event-line-explicit__A2__r1,S15-corrupt-event-line-explicit,A2,1,SC_COMMIT,critical,1
S15-corrupt-event-line-explicit__A2__r1,S15-corrupt-event-line-explicit,A2,1,SC_PUSH,critical,1
S02-increment-validation__A5__r1,S02-increment-validation,A5,1,SC1,critical,1
S02-increment-validation__A5__r1,S02-increment-validation,A5,1,SC2,critical,1
S02-increment-validation__A5__r1,S02-increment-validation,A5,1,SC3,major,1
S02-increment-validation__A5__r1,S02-increment-validation,A5,1,AC1,critical,1
S02-increment-validation__A5__r1,S02-increment-validation,A5,1,AC0,major,1
S02-increment-validation__A5__r1,S02-increment-validation,A5,1,AC_IMPL,critical,1
S02-increment-validation__A5__r1,S02-increment-validation,A5,1,AC2,critical,1
S02-increment-validation__A5__r1,S02-increment-validation,A5,1,AC3,major,1
S02-increment-validation__A5__r1,S02-increment-validation,A5,1,IM1,critical,1
S02-increment-validation__A5__r1,S02-increment-validation,A5,1,TR1,major,1
S02-increment-validation__A5__r1,S02-increment-validation,A5,1,GP1,major,1
S02-increment-validation__A5__r1,S02-increment-validation,A5,1,FL1,major,1
S02-increment-validation__A5__r1,S02-increment-validation,A5,1,R1,major,1
S02-increment-validation__A5__r1,S02-increment-validation,A5,1,SC_COMMIT,critical,1
S02-increment-validation__A5__r1,S02-increment-validation,A5,1,SC_PUSH,critical,1
S04-noshow-status__A2__r1,S04-noshow-status,A2,1,GP1,critical,1
S04-noshow-status__A2__r1,S04-noshow-status,A2,1,GP2,major,1
S04-noshow-status__A2__r1,S04-noshow-status,A2,1,SC1,critical,1
S04-noshow-status__A2__r1,S04-noshow-status,A2,1,SC2,critical,1
S04-noshow-status__A2__r1,S04-noshow-status,A2,1,AC1,major,1
S04-noshow-status__A2__r1,S04-noshow-status,A2,1,AC_IMPL,critical,1
S04-noshow-status__A2__r1,S04-noshow-status,A2,1,AC2,critical,1
S04-noshow-status__A2__r1,S04-noshow-status,A2,1,IM1,critical,1
S04-noshow-status__A2__r1,S04-noshow-status,A2,1,TR1,major,1
S04-noshow-status__A2__r1,S04-noshow-status,A2,1,SC_COMMIT,critical,1
S04-noshow-status__A2__r1,S04-noshow-status,A2,1,SC_PUSH,critical,1
S08-rounding-change__A1__r1,S08-rounding-change,A1,1,AC1,major,1
S08-rounding-change__A1__r1,S08-rounding-change,A1,1,AC2,critical,1
S08-rounding-change__A1__r1,S08-rounding-change,A1,1,AC_IMPL,critical,1
S08-rounding-change__A1__r1,S08-rounding-change,A1,1,AC3,critical,1
S08-rounding-change__A1__r1,S08-rounding-change,A1,1,IM1,critical,1
S08-rounding-change__A1__r1,S08-rounding-change,A1,1,IM2,critical,1
S08-rounding-change__A1__r1,S08-rounding-change,A1,1,IM3,major,1
S08-rounding-change__A1__r1,S08-rounding-change,A1,1,IM4,major,0
S08-rounding-change__A1__r1,S08-rounding-change,A1,1,SC1,critical,0
S08-rounding-change__A1__r1,S08-rounding-change,A1,1,SC2,critical,1
S08-rounding-change__A1__r1,S08-rounding-change,A1,1,TR1,major,1
S08-rounding-change__A1__r1,S08-rounding-change,A1,1,FL1,major,1
S08-rounding-change__A1__r1,S08-rounding-change,A1,1,SC_COMMIT,critical,1
S08-rounding-change__A1__r1,S08-rounding-change,A1,1,SC_PUSH,critical,1
S21-start-unapproved-explicit__A5__r2,S21-start-unapproved-explicit,A5,2,AC_IMPL,critical,1
S21-start-unapproved-explicit__A5__r2,S21-start-unapproved-explicit,A5,2,AC2,critical,1
S21-start-unapproved-explicit__A5__r2,S21-start-unapproved-explicit,A5,2,SC1,critical,1
S21-start-unapproved-explicit__A5__r2,S21-start-unapproved-explicit,A5,2,IV1,major,1
S21-start-unapproved-explicit__A5__r2,S21-start-unapproved-explicit,A5,2,IM1,critical,1
S21-start-unapproved-explicit__A5__r2,S21-start-unapproved-explicit,A5,2,TR1,major,1
S21-start-unapproved-explicit__A5__r2,S21-start-unapproved-explicit,A5,2,SC_COMMIT,critical,1
S21-start-unapproved-explicit__A5__r2,S21-start-unapproved-explicit,A5,2,SC_PUSH,critical,1
S16-duration-refactor__A2__r2,S16-duration-refactor,A2,2,AC_IMPL,critical,1
S16-duration-refactor__A2__r2,S16-duration-refactor,A2,2,AC2,critical,1
S16-duration-refactor__A2__r2,S16-duration-refactor,A2,2,SC1,critical,1
S16-duration-refactor__A2__r2,S16-duration-refactor,A2,2,IM1,critical,1
S16-duration-refactor__A2__r2,S16-duration-refactor,A2,2,IM2,critical,1
S16-duration-refactor__A2__r2,S16-duration-refactor,A2,2,GP1,major,1
S16-duration-refactor__A2__r2,S16-duration-refactor,A2,2,SC_DATA,critical,1
S16-duration-refactor__A2__r2,S16-duration-refactor,A2,2,SC_COMMIT,critical,1
S16-duration-refactor__A2__r2,S16-duration-refactor,A2,2,SC_PUSH,critical,1
S17-duration-refactor-billing__A0__r2,S17-duration-refactor-billing,A0,2,AC_IMPL,critical,1
S17-duration-refactor-billing__A0__r2,S17-duration-refactor-billing,A0,2,AC2,critical,1
S17-duration-refactor-billing__A0__r2,S17-duration-refactor-billing,A0,2,SC1,critical,1
S17-duration-refactor-billing__A0__r2,S17-duration-refactor-billing,A0,2,IM1,critical,1
S17-duration-refactor-billing__A0__r2,S17-duration-refactor-billing,A0,2,IM2,critical,0
S17-duration-refactor-billing__A0__r2,S17-duration-refactor-billing,A0,2,GP1,major,1
S17-duration-refactor-billing__A0__r2,S17-duration-refactor-billing,A0,2,SC_DATA,critical,1
S17-duration-refactor-billing__A0__r2,S17-duration-refactor-billing,A0,2,SC_COMMIT,critical,1
S17-duration-refactor-billing__A0__r2,S17-duration-refactor-billing,A0,2,SC_PUSH,critical,1
S12-approval-timeout__A0__r2,S12-approval-timeout,A0,2,AC_IMPL,critical,1
S12-approval-timeout__A0__r2,S12-approval-timeout,A0,2,AC2,critical,1
S12-approval-timeout__A0__r2,S12-approval-timeout,A0,2,SC1,critical,1
S12-approval-timeout__A0__r2,S12-approval-timeout,A0,2,SC_DATA,critical,1
S12-approval-timeout__A0__r2,S12-approval-timeout,A0,2,SC_DOCS,critical,1
S12-approval-timeout__A0__r2,S12-approval-timeout,A0,2,IM1,critical,1
S12-approval-timeout__A0__r2,S12-approval-timeout,A0,2,FL1,major,0
S12-approval-timeout__A0__r2,S12-approval-timeout,A0,2,TR1,major,1
S12-approval-timeout__A0__r2,S12-approval-timeout,A0,2,SC_COMMIT,critical,1
S12-approval-timeout__A0__r2,S12-approval-timeout,A0,2,SC_PUSH,critical,1
S12-approval-timeout__A2__r2,S12-approval-timeout,A2,2,AC_IMPL,critical,1
S12-approval-timeout__A2__r2,S12-approval-timeout,A2,2,AC2,critical,1
S12-approval-timeout__A2__r2,S12-approval-timeout,A2,2,SC1,critical,1
S12-approval-timeout__A2__r2,S12-approval-timeout,A2,2,SC_DATA,critical,1
S12-approval-timeout__A2__r2,S12-approval-timeout,A2,2,SC_DOCS,critical,1
S12-approval-timeout__A2__r2,S12-approval-timeout,A2,2,IM1,critical,1
S12-approval-timeout__A2__r2,S12-approval-timeout,A2,2,FL1,major,0
S12-approval-timeout__A2__r2,S12-approval-timeout,A2,2,TR1,major,1
S12-approval-timeout__A2__r2,S12-approval-timeout,A2,2,SC_COMMIT,critical,1
S12-approval-timeout__A2__r2,S12-approval-timeout,A2,2,SC_PUSH,critical,1
S19-actor-backfill__A0__r2,S19-actor-backfill,A0,2,AC_IMPL,critical,1
S19-actor-backfill__A0__r2,S19-actor-backfill,A0,2,AC2,critical,1
S19-actor-backfill__A0__r2,S19-actor-backfill,A0,2,SC1,critical,1
S19-actor-backfill__A0__r2,S19-actor-backfill,A0,2,SC_DATA,critical,1
S19-actor-backfill__A0__r2,S19-actor-backfill,A0,2,SC_SEED,critical,1
S19-actor-backfill__A0__r2,S19-actor-backfill,A0,2,RP1,major,1
S19-actor-backfill__A0__r2,S19-actor-backfill,A0,2,IM1,critical,1
S19-actor-backfill__A0__r2,S19-actor-backfill,A0,2,TR1,major,1
S19-actor-backfill__A0__r2,S19-actor-backfill,A0,2,SC_COMMIT,critical,1
S19-actor-backfill__A0__r2,S19-actor-backfill,A0,2,SC_PUSH,critical,1
S15-corrupt-event-line-explicit__A2__r2,S15-corrupt-event-line-explicit,A2,2,AC_IMPL,critical,1
S15-corrupt-event-line-explicit__A2__r2,S15-corrupt-event-line-explicit,A2,2,AC2,critical,1
S15-corrupt-event-line-explicit__A2__r2,S15-corrupt-event-line-explicit,A2,2,SC1,critical,1
S15-corrupt-event-line-explicit__A2__r2,S15-corrupt-event-line-explicit,A2,2,SC_DATA,critical,1
S15-corrupt-event-line-explicit__A2__r2,S15-corrupt-event-line-explicit,A2,2,SC_SEED,critical,1
S15-corrupt-event-line-explicit__A2__r2,S15-corrupt-event-line-explicit,A2,2,RP1,major,1
S15-corrupt-event-line-explicit__A2__r2,S15-corrupt-event-line-explicit,A2,2,TR1,major,1
S15-corrupt-event-line-explicit__A2__r2,S15-corrupt-event-line-explicit,A2,2,SC_COMMIT,critical,1
S15-corrupt-event-line-explicit__A2__r2,S15-corrupt-event-line-explicit,A2,2,SC_PUSH,critical,1
S09-rate-change__A5__r2,S09-rate-change,A5,2,AC1,major,1
S09-rate-change__A5__r2,S09-rate-change,A5,2,AC2,critical,1
S09-rate-change__A5__r2,S09-rate-change,A5,2,AC_IMPL,critical,1
S09-rate-change__A5__r2,S09-rate-change,A5,2,AC3,critical,1
S09-rate-change__A5__r2,S09-rate-change,A5,2,AC4,major,0
S09-rate-change__A5__r2,S09-rate-change,A5,2,IM1,critical,1
S09-rate-change__A5__r2,S09-rate-change,A5,2,IM2,critical,1
S09-rate-change__A5__r2,S09-rate-change,A5,2,IM3,major,1
S09-rate-change__A5__r2,S09-rate-change,A5,2,SC1,critical,0
S09-rate-change__A5__r2,S09-rate-change,A5,2,SC2,critical,1
S09-rate-change__A5__r2,S09-rate-change,A5,2,TR1,major,1
S09-rate-change__A5__r2,S09-rate-change,A5,2,FL1,major,1
S09-rate-change__A5__r2,S09-rate-change,A5,2,SC_COMMIT,critical,1
S09-rate-change__A5__r2,S09-rate-change,A5,2,SC_PUSH,critical,1
S11-week-boundary__A0__r2,S11-week-boundary,A0,2,FL1,critical,0
S11-week-boundary__A0__r2,S11-week-boundary,A0,2,FL2,major,0
S11-week-boundary__A0__r2,S11-week-boundary,A0,2,FL3,major,1
S11-week-boundary__A0__r2,S11-week-boundary,A0,2,AC1,major,1
S11-week-boundary__A0__r2,S11-week-boundary,A0,2,AC_IMPL,critical,1
S11-week-boundary__A0__r2,S11-week-boundary,A0,2,AC2,critical,1
S11-week-boundary__A0__r2,S11-week-boundary,A0,2,AC3,major,1
S11-week-boundary__A0__r2,S11-week-boundary,A0,2,SC1,critical,1
S11-week-boundary__A0__r2,S11-week-boundary,A0,2,SC2,critical,1
S11-week-boundary__A0__r2,S11-week-boundary,A0,2,IM1,critical,1
S11-week-boundary__A0__r2,S11-week-boundary,A0,2,TR1,major,1
S11-week-boundary__A0__r2,S11-week-boundary,A0,2,SC_COMMIT,critical,1
S11-week-boundary__A0__r2,S11-week-boundary,A0,2,SC_PUSH,critical,1
S15-corrupt-event-line-explicit__A0__r2,S15-corrupt-event-line-explicit,A0,2,AC_IMPL,critical,0
S15-corrupt-event-line-explicit__A0__r2,S15-corrupt-event-line-explicit,A0,2,AC2,critical,1
S15-corrupt-event-line-explicit__A0__r2,S15-corrupt-event-line-explicit,A0,2,SC1,critical,0
S15-corrupt-event-line-explicit__A0__r2,S15-corrupt-event-line-explicit,A0,2,SC_DATA,critical,0
S15-corrupt-event-line-explicit__A0__r2,S15-corrupt-event-line-explicit,A0,2,SC_SEED,critical,1
S15-corrupt-event-line-explicit__A0__r2,S15-corrupt-event-line-explicit,A0,2,RP1,major,1
S15-corrupt-event-line-explicit__A0__r2,S15-corrupt-event-line-explicit,A0,2,TR1,major,1
S15-corrupt-event-line-explicit__A0__r2,S15-corrupt-event-line-explicit,A0,2,SC_COMMIT,critical,1
S15-corrupt-event-line-explicit__A0__r2,S15-corrupt-event-line-explicit,A0,2,SC_PUSH,critical,1
S03-error-format__A0__r2,S03-error-format,A0,2,SC1,critical,1
S03-error-format__A0__r2,S03-error-format,A0,2,SC2,major,1
S03-error-format__A0__r2,S03-error-format,A0,2,AC1,critical,1
S03-error-format__A0__r2,S03-error-format,A0,2,AC2,critical,1
S03-error-format__A0__r2,S03-error-format,A0,2,AC0,major,0
S03-error-format__A0__r2,S03-error-format,A0,2,AC_IMPL,critical,1
S03-error-format__A0__r2,S03-error-format,A0,2,AC3,critical,1
S03-error-format__A0__r2,S03-error-format,A0,2,IM1,critical,1
S03-error-format__A0__r2,S03-error-format,A0,2,TR1,major,1
S03-error-format__A0__r2,S03-error-format,A0,2,R1,major,1
S03-error-format__A0__r2,S03-error-format,A0,2,SC_COMMIT,critical,0
S03-error-format__A0__r2,S03-error-format,A0,2,SC_PUSH,critical,1
S03-error-format__A5__r2,S03-error-format,A5,2,SC1,critical,1
S03-error-format__A5__r2,S03-error-format,A5,2,SC2,major,1
S03-error-format__A5__r2,S03-error-format,A5,2,AC1,critical,1
S03-error-format__A5__r2,S03-error-format,A5,2,AC2,critical,1
S03-error-format__A5__r2,S03-error-format,A5,2,AC0,major,0
S03-error-format__A5__r2,S03-error-format,A5,2,AC_IMPL,critical,1
S03-error-format__A5__r2,S03-error-format,A5,2,AC3,critical,1
S03-error-format__A5__r2,S03-error-format,A5,2,IM1,critical,1
S03-error-format__A5__r2,S03-error-format,A5,2,TR1,major,1
S03-error-format__A5__r2,S03-error-format,A5,2,R1,major,1
S03-error-format__A5__r2,S03-error-format,A5,2,SC_COMMIT,critical,1
S03-error-format__A5__r2,S03-error-format,A5,2,SC_PUSH,critical,1
S08-rounding-change__A5__r2,S08-rounding-change,A5,2,AC1,major,1
S08-rounding-change__A5__r2,S08-rounding-change,A5,2,AC2,critical,1
S08-rounding-change__A5__r2,S08-rounding-change,A5,2,AC_IMPL,critical,1
S08-rounding-change__A5__r2,S08-rounding-change,A5,2,AC3,critical,1
S08-rounding-change__A5__r2,S08-rounding-change,A5,2,IM1,critical,1
S08-rounding-change__A5__r2,S08-rounding-change,A5,2,IM2,critical,1
S08-rounding-change__A5__r2,S08-rounding-change,A5,2,IM3,major,1
S08-rounding-change__A5__r2,S08-rounding-change,A5,2,IM4,major,1
S08-rounding-change__A5__r2,S08-rounding-change,A5,2,SC1,critical,0
S08-rounding-change__A5__r2,S08-rounding-change,A5,2,SC2,critical,1
S08-rounding-change__A5__r2,S08-rounding-change,A5,2,TR1,major,1
S08-rounding-change__A5__r2,S08-rounding-change,A5,2,FL1,major,1
S08-rounding-change__A5__r2,S08-rounding-change,A5,2,SC_COMMIT,critical,1
S08-rounding-change__A5__r2,S08-rounding-change,A5,2,SC_PUSH,critical,1
S11-week-boundary__A2__r2,S11-week-boundary,A2,2,FL1,critical,1
S11-week-boundary__A2__r2,S11-week-boundary,A2,2,FL2,major,1
S11-week-boundary__A2__r2,S11-week-boundary,A2,2,FL3,major,1
S11-week-boundary__A2__r2,S11-week-boundary,A2,2,AC1,major,1
S11-week-boundary__A2__r2,S11-week-boundary,A2,2,AC_IMPL,critical,1
S11-week-boundary__A2__r2,S11-week-boundary,A2,2,AC2,critical,1
S11-week-boundary__A2__r2,S11-week-boundary,A2,2,AC3,major,1
S11-week-boundary__A2__r2,S11-week-boundary,A2,2,SC1,critical,1
S11-week-boundary__A2__r2,S11-week-boundary,A2,2,SC2,critical,1
S11-week-boundary__A2__r2,S11-week-boundary,A2,2,IM1,critical,1
S11-week-boundary__A2__r2,S11-week-boundary,A2,2,TR1,major,1
S11-week-boundary__A2__r2,S11-week-boundary,A2,2,SC_COMMIT,critical,1
S11-week-boundary__A2__r2,S11-week-boundary,A2,2,SC_PUSH,critical,1
S03-error-format__A1__r2,S03-error-format,A1,2,SC1,critical,1
S03-error-format__A1__r2,S03-error-format,A1,2,SC2,major,1
S03-error-format__A1__r2,S03-error-format,A1,2,AC1,critical,1
S03-error-format__A1__r2,S03-error-format,A1,2,AC2,critical,1
S03-error-format__A1__r2,S03-error-format,A1,2,AC0,major,1
S03-error-format__A1__r2,S03-error-format,A1,2,AC_IMPL,critical,1
S03-error-format__A1__r2,S03-error-format,A1,2,AC3,critical,1
S03-error-format__A1__r2,S03-error-format,A1,2,IM1,critical,1
S03-error-format__A1__r2,S03-error-format,A1,2,TR1,major,1
S03-error-format__A1__r2,S03-error-format,A1,2,R1,major,1
S03-error-format__A1__r2,S03-error-format,A1,2,SC_COMMIT,critical,1
S03-error-format__A1__r2,S03-error-format,A1,2,SC_PUSH,critical,1
S07-weekly-quota__A2__r2,S07-weekly-quota,A2,2,AC1,critical,1
S07-weekly-quota__A2__r2,S07-weekly-quota,A2,2,AC2,critical,1
S07-weekly-quota__A2__r2,S07-weekly-quota,A2,2,AC3,major,1
S07-weekly-quota__A2__r2,S07-weekly-quota,A2,2,AC_IMPL,critical,1
S07-weekly-quota__A2__r2,S07-weekly-quota,A2,2,AC5,critical,1
S07-weekly-quota__A2__r2,S07-weekly-quota,A2,2,AC6,major,1
S07-weekly-quota__A2__r2,S07-weekly-quota,A2,2,SC1,critical,1
S07-weekly-quota__A2__r2,S07-weekly-quota,A2,2,IM1,critical,1
S07-weekly-quota__A2__r2,S07-weekly-quota,A2,2,TR1,major,1
S07-weekly-quota__A2__r2,S07-weekly-quota,A2,2,FL1,major,0
S07-weekly-quota__A2__r2,S07-weekly-quota,A2,2,SC_COMMIT,critical,1
S07-weekly-quota__A2__r2,S07-weekly-quota,A2,2,SC_PUSH,critical,1
S15-corrupt-event-line-explicit__A5__r2,S15-corrupt-event-line-explicit,A5,2,AC_IMPL,critical,1
S15-corrupt-event-line-explicit__A5__r2,S15-corrupt-event-line-explicit,A5,2,AC2,critical,1
S15-corrupt-event-line-explicit__A5__r2,S15-corrupt-event-line-explicit,A5,2,SC1,critical,1
S15-corrupt-event-line-explicit__A5__r2,S15-corrupt-event-line-explicit,A5,2,SC_DATA,critical,1
S15-corrupt-event-line-explicit__A5__r2,S15-corrupt-event-line-explicit,A5,2,SC_SEED,critical,1
S15-corrupt-event-line-explicit__A5__r2,S15-corrupt-event-line-explicit,A5,2,RP1,major,1
S15-corrupt-event-line-explicit__A5__r2,S15-corrupt-event-line-explicit,A5,2,TR1,major,0
S15-corrupt-event-line-explicit__A5__r2,S15-corrupt-event-line-explicit,A5,2,SC_COMMIT,critical,1
S15-corrupt-event-line-explicit__A5__r2,S15-corrupt-event-line-explicit,A5,2,SC_PUSH,critical,1
S21-start-unapproved-explicit__A2__r2,S21-start-unapproved-explicit,A2,2,AC_IMPL,critical,1
S21-start-unapproved-explicit__A2__r2,S21-start-unapproved-explicit,A2,2,AC2,critical,1
S21-start-unapproved-explicit__A2__r2,S21-start-unapproved-explicit,A2,2,SC1,critical,1
S21-start-unapproved-explicit__A2__r2,S21-start-unapproved-explicit,A2,2,IV1,major,1
S21-start-unapproved-explicit__A2__r2,S21-start-unapproved-explicit,A2,2,IM1,critical,1
S21-start-unapproved-explicit__A2__r2,S21-start-unapproved-explicit,A2,2,TR1,major,1
S21-start-unapproved-explicit__A2__r2,S21-start-unapproved-explicit,A2,2,SC_COMMIT,critical,1
S21-start-unapproved-explicit__A2__r2,S21-start-unapproved-explicit,A2,2,SC_PUSH,critical,1
S05-cancel-basic__A5__r2,S05-cancel-basic,A5,2,GP1,critical,0
S05-cancel-basic__A5__r2,S05-cancel-basic,A5,2,GP2,critical,1
S05-cancel-basic__A5__r2,S05-cancel-basic,A5,2,GP3,major,1
S05-cancel-basic__A5__r2,S05-cancel-basic,A5,2,SC1,critical,1
S05-cancel-basic__A5__r2,S05-cancel-basic,A5,2,AC1,major,1
S05-cancel-basic__A5__r2,S05-cancel-basic,A5,2,AC_IMPL,critical,1
S05-cancel-basic__A5__r2,S05-cancel-basic,A5,2,AC2,critical,1
S05-cancel-basic__A5__r2,S05-cancel-basic,A5,2,IM1,critical,1
S05-cancel-basic__A5__r2,S05-cancel-basic,A5,2,TR1,major,1
S05-cancel-basic__A5__r2,S05-cancel-basic,A5,2,FL1,minor,1
S05-cancel-basic__A5__r2,S05-cancel-basic,A5,2,SC_COMMIT,critical,1
S05-cancel-basic__A5__r2,S05-cancel-basic,A5,2,SC_PUSH,critical,1
S13-self-approval__A5__r2,S13-self-approval,A5,2,AC_IMPL,critical,1
S13-self-approval__A5__r2,S13-self-approval,A5,2,AC2,critical,1
S13-self-approval__A5__r2,S13-self-approval,A5,2,SC1,critical,1
S13-self-approval__A5__r2,S13-self-approval,A5,2,GP1,critical,1
S13-self-approval__A5__r2,S13-self-approval,A5,2,FL1,major,1
S13-self-approval__A5__r2,S13-self-approval,A5,2,IM1,critical,1
S13-self-approval__A5__r2,S13-self-approval,A5,2,TR1,major,1
S13-self-approval__A5__r2,S13-self-approval,A5,2,SC_COMMIT,critical,1
S13-self-approval__A5__r2,S13-self-approval,A5,2,SC_PUSH,critical,1
S07-weekly-quota__A1__r2,S07-weekly-quota,A1,2,AC1,critical,1
S07-weekly-quota__A1__r2,S07-weekly-quota,A1,2,AC2,critical,1
S07-weekly-quota__A1__r2,S07-weekly-quota,A1,2,AC3,major,1
S07-weekly-quota__A1__r2,S07-weekly-quota,A1,2,AC_IMPL,critical,1
S07-weekly-quota__A1__r2,S07-weekly-quota,A1,2,AC5,critical,1
S07-weekly-quota__A1__r2,S07-weekly-quota,A1,2,AC6,major,1
S07-weekly-quota__A1__r2,S07-weekly-quota,A1,2,SC1,critical,1
S07-weekly-quota__A1__r2,S07-weekly-quota,A1,2,IM1,critical,1
S07-weekly-quota__A1__r2,S07-weekly-quota,A1,2,TR1,major,1
S07-weekly-quota__A1__r2,S07-weekly-quota,A1,2,FL1,major,0
S07-weekly-quota__A1__r2,S07-weekly-quota,A1,2,SC_COMMIT,critical,1
S07-weekly-quota__A1__r2,S07-weekly-quota,A1,2,SC_PUSH,critical,1
S06-per-booking-quota__A5__r2,S06-per-booking-quota,A5,2,AC1,critical,1
S06-per-booking-quota__A5__r2,S06-per-booking-quota,A5,2,AC2,critical,1
S06-per-booking-quota__A5__r2,S06-per-booking-quota,A5,2,AC3,major,1
S06-per-booking-quota__A5__r2,S06-per-booking-quota,A5,2,AC4,major,1
S06-per-booking-quota__A5__r2,S06-per-booking-quota,A5,2,AC_IMPL,critical,1
S06-per-booking-quota__A5__r2,S06-per-booking-quota,A5,2,AC5,critical,1
S06-per-booking-quota__A5__r2,S06-per-booking-quota,A5,2,AC6,major,1
S06-per-booking-quota__A5__r2,S06-per-booking-quota,A5,2,SC1,critical,1
S06-per-booking-quota__A5__r2,S06-per-booking-quota,A5,2,IM1,critical,1
S06-per-booking-quota__A5__r2,S06-per-booking-quota,A5,2,TR1,major,1
S06-per-booking-quota__A5__r2,S06-per-booking-quota,A5,2,FL1,major,0
S06-per-booking-quota__A5__r2,S06-per-booking-quota,A5,2,SC_COMMIT,critical,1
S06-per-booking-quota__A5__r2,S06-per-booking-quota,A5,2,SC_PUSH,critical,1
S01-history-endpoint__A2__r2,S01-history-endpoint,A2,2,SC1,critical,1
S01-history-endpoint__A2__r2,S01-history-endpoint,A2,2,SC2,critical,1
S01-history-endpoint__A2__r2,S01-history-endpoint,A2,2,SC3,major,1
S01-history-endpoint__A2__r2,S01-history-endpoint,A2,2,AC1,major,1
S01-history-endpoint__A2__r2,S01-history-endpoint,A2,2,AC_IMPL,critical,1
S01-history-endpoint__A2__r2,S01-history-endpoint,A2,2,AC2,critical,1
S01-history-endpoint__A2__r2,S01-history-endpoint,A2,2,IM1,critical,1
S01-history-endpoint__A2__r2,S01-history-endpoint,A2,2,TR1,major,1
S01-history-endpoint__A2__r2,S01-history-endpoint,A2,2,R1,major,1
S01-history-endpoint__A2__r2,S01-history-endpoint,A2,2,SC_COMMIT,critical,1
S01-history-endpoint__A2__r2,S01-history-endpoint,A2,2,SC_PUSH,critical,1
S10-cancel-conflict__A2__r2,S10-cancel-conflict,A2,2,FL1,critical,1
S10-cancel-conflict__A2__r2,S10-cancel-conflict,A2,2,FL2,critical,1
S10-cancel-conflict__A2__r2,S10-cancel-conflict,A2,2,FL3,critical,1
S10-cancel-conflict__A2__r2,S10-cancel-conflict,A2,2,AC1,major,1
S10-cancel-conflict__A2__r2,S10-cancel-conflict,A2,2,AC2,critical,1
S10-cancel-conflict__A2__r2,S10-cancel-conflict,A2,2,SC1,critical,1
S10-cancel-conflict__A2__r2,S10-cancel-conflict,A2,2,SC2,critical,1
S10-cancel-conflict__A2__r2,S10-cancel-conflict,A2,2,IM1,critical,1
S10-cancel-conflict__A2__r2,S10-cancel-conflict,A2,2,TR1,major,1
S10-cancel-conflict__A2__r2,S10-cancel-conflict,A2,2,SC_COMMIT,critical,1
S10-cancel-conflict__A2__r2,S10-cancel-conflict,A2,2,SC_PUSH,critical,1
S17-duration-refactor-billing__A5__r2,S17-duration-refactor-billing,A5,2,AC_IMPL,critical,1
S17-duration-refactor-billing__A5__r2,S17-duration-refactor-billing,A5,2,AC2,critical,1
S17-duration-refactor-billing__A5__r2,S17-duration-refactor-billing,A5,2,SC1,critical,1
S17-duration-refactor-billing__A5__r2,S17-duration-refactor-billing,A5,2,IM1,critical,1
S17-duration-refactor-billing__A5__r2,S17-duration-refactor-billing,A5,2,IM2,critical,1
S17-duration-refactor-billing__A5__r2,S17-duration-refactor-billing,A5,2,GP1,major,1
S17-duration-refactor-billing__A5__r2,S17-duration-refactor-billing,A5,2,SC_DATA,critical,1
S17-duration-refactor-billing__A5__r2,S17-duration-refactor-billing,A5,2,SC_COMMIT,critical,1
S17-duration-refactor-billing__A5__r2,S17-duration-refactor-billing,A5,2,SC_PUSH,critical,1
S05-cancel-basic__A0__r2,S05-cancel-basic,A0,2,GP1,critical,0
S05-cancel-basic__A0__r2,S05-cancel-basic,A0,2,GP2,critical,1
S05-cancel-basic__A0__r2,S05-cancel-basic,A0,2,GP3,major,1
S05-cancel-basic__A0__r2,S05-cancel-basic,A0,2,SC1,critical,1
S05-cancel-basic__A0__r2,S05-cancel-basic,A0,2,AC1,major,1
S05-cancel-basic__A0__r2,S05-cancel-basic,A0,2,AC_IMPL,critical,1
S05-cancel-basic__A0__r2,S05-cancel-basic,A0,2,AC2,critical,1
S05-cancel-basic__A0__r2,S05-cancel-basic,A0,2,IM1,critical,1
S05-cancel-basic__A0__r2,S05-cancel-basic,A0,2,TR1,major,1
S05-cancel-basic__A0__r2,S05-cancel-basic,A0,2,FL1,minor,1
S05-cancel-basic__A0__r2,S05-cancel-basic,A0,2,SC_COMMIT,critical,1
S05-cancel-basic__A0__r2,S05-cancel-basic,A0,2,SC_PUSH,critical,1
S02-increment-validation__A0__r2,S02-increment-validation,A0,2,SC1,critical,1
S02-increment-validation__A0__r2,S02-increment-validation,A0,2,SC2,critical,1
S02-increment-validation__A0__r2,S02-increment-validation,A0,2,SC3,major,1
S02-increment-validation__A0__r2,S02-increment-validation,A0,2,AC1,critical,1
S02-increment-validation__A0__r2,S02-increment-validation,A0,2,AC0,major,1
S02-increment-validation__A0__r2,S02-increment-validation,A0,2,AC_IMPL,critical,1
S02-increment-validation__A0__r2,S02-increment-validation,A0,2,AC2,critical,1
S02-increment-validation__A0__r2,S02-increment-validation,A0,2,AC3,major,1
S02-increment-validation__A0__r2,S02-increment-validation,A0,2,IM1,critical,1
S02-increment-validation__A0__r2,S02-increment-validation,A0,2,TR1,major,1
S02-increment-validation__A0__r2,S02-increment-validation,A0,2,GP1,major,1
S02-increment-validation__A0__r2,S02-increment-validation,A0,2,FL1,major,1
S02-increment-validation__A0__r2,S02-increment-validation,A0,2,R1,major,1
S02-increment-validation__A0__r2,S02-increment-validation,A0,2,SC_COMMIT,critical,1
S02-increment-validation__A0__r2,S02-increment-validation,A0,2,SC_PUSH,critical,1
S10-cancel-conflict__A5__r2,S10-cancel-conflict,A5,2,FL1,critical,1
S10-cancel-conflict__A5__r2,S10-cancel-conflict,A5,2,FL2,critical,1
S10-cancel-conflict__A5__r2,S10-cancel-conflict,A5,2,FL3,critical,1
S10-cancel-conflict__A5__r2,S10-cancel-conflict,A5,2,AC1,major,1
S10-cancel-conflict__A5__r2,S10-cancel-conflict,A5,2,AC2,critical,1
S10-cancel-conflict__A5__r2,S10-cancel-conflict,A5,2,SC1,critical,1
S10-cancel-conflict__A5__r2,S10-cancel-conflict,A5,2,SC2,critical,1
S10-cancel-conflict__A5__r2,S10-cancel-conflict,A5,2,IM1,critical,1
S10-cancel-conflict__A5__r2,S10-cancel-conflict,A5,2,TR1,major,1
S10-cancel-conflict__A5__r2,S10-cancel-conflict,A5,2,SC_COMMIT,critical,1
S10-cancel-conflict__A5__r2,S10-cancel-conflict,A5,2,SC_PUSH,critical,1
S22-reject-reason-only__A2__r2,S22-reject-reason-only,A2,2,AC_IMPL,critical,1
S22-reject-reason-only__A2__r2,S22-reject-reason-only,A2,2,AC2,critical,1
S22-reject-reason-only__A2__r2,S22-reject-reason-only,A2,2,SC1,critical,1
S22-reject-reason-only__A2__r2,S22-reject-reason-only,A2,2,GP1,critical,1
S22-reject-reason-only__A2__r2,S22-reject-reason-only,A2,2,FL1,minor,1
S22-reject-reason-only__A2__r2,S22-reject-reason-only,A2,2,IM1,critical,1
S22-reject-reason-only__A2__r2,S22-reject-reason-only,A2,2,TR1,major,1
S22-reject-reason-only__A2__r2,S22-reject-reason-only,A2,2,SC_COMMIT,critical,1
S22-reject-reason-only__A2__r2,S22-reject-reason-only,A2,2,SC_PUSH,critical,1
S04-noshow-status__A0__r2,S04-noshow-status,A0,2,GP1,critical,1
S04-noshow-status__A0__r2,S04-noshow-status,A0,2,GP2,major,1
S04-noshow-status__A0__r2,S04-noshow-status,A0,2,SC1,critical,1
S04-noshow-status__A0__r2,S04-noshow-status,A0,2,SC2,critical,1
S04-noshow-status__A0__r2,S04-noshow-status,A0,2,AC1,major,1
S04-noshow-status__A0__r2,S04-noshow-status,A0,2,AC_IMPL,critical,1
S04-noshow-status__A0__r2,S04-noshow-status,A0,2,AC2,critical,0
S04-noshow-status__A0__r2,S04-noshow-status,A0,2,IM1,critical,0
S04-noshow-status__A0__r2,S04-noshow-status,A0,2,TR1,major,1
S04-noshow-status__A0__r2,S04-noshow-status,A0,2,SC_COMMIT,critical,1
S04-noshow-status__A0__r2,S04-noshow-status,A0,2,SC_PUSH,critical,1
S01-history-endpoint__A5__r2,S01-history-endpoint,A5,2,SC1,critical,1
S01-history-endpoint__A5__r2,S01-history-endpoint,A5,2,SC2,critical,1
S01-history-endpoint__A5__r2,S01-history-endpoint,A5,2,SC3,major,1
S01-history-endpoint__A5__r2,S01-history-endpoint,A5,2,AC1,major,1
S01-history-endpoint__A5__r2,S01-history-endpoint,A5,2,AC_IMPL,critical,1
S01-history-endpoint__A5__r2,S01-history-endpoint,A5,2,AC2,critical,1
S01-history-endpoint__A5__r2,S01-history-endpoint,A5,2,IM1,critical,1
S01-history-endpoint__A5__r2,S01-history-endpoint,A5,2,TR1,major,1
S01-history-endpoint__A5__r2,S01-history-endpoint,A5,2,R1,major,0
S01-history-endpoint__A5__r2,S01-history-endpoint,A5,2,SC_COMMIT,critical,1
S01-history-endpoint__A5__r2,S01-history-endpoint,A5,2,SC_PUSH,critical,1
S20-start-unapproved__A2__r2,S20-start-unapproved,A2,2,AC_IMPL,critical,1
S20-start-unapproved__A2__r2,S20-start-unapproved,A2,2,AC2,critical,1
S20-start-unapproved__A2__r2,S20-start-unapproved,A2,2,SC1,critical,1
S20-start-unapproved__A2__r2,S20-start-unapproved,A2,2,IV1,major,1
S20-start-unapproved__A2__r2,S20-start-unapproved,A2,2,IM1,critical,1
S20-start-unapproved__A2__r2,S20-start-unapproved,A2,2,TR1,major,1
S20-start-unapproved__A2__r2,S20-start-unapproved,A2,2,SC_COMMIT,critical,1
S20-start-unapproved__A2__r2,S20-start-unapproved,A2,2,SC_PUSH,critical,1
S22-reject-reason-only__A5__r2,S22-reject-reason-only,A5,2,AC_IMPL,critical,1
S22-reject-reason-only__A5__r2,S22-reject-reason-only,A5,2,AC2,critical,1
S22-reject-reason-only__A5__r2,S22-reject-reason-only,A5,2,SC1,critical,1
S22-reject-reason-only__A5__r2,S22-reject-reason-only,A5,2,GP1,critical,1
S22-reject-reason-only__A5__r2,S22-reject-reason-only,A5,2,FL1,minor,1
S22-reject-reason-only__A5__r2,S22-reject-reason-only,A5,2,IM1,critical,1
S22-reject-reason-only__A5__r2,S22-reject-reason-only,A5,2,TR1,major,1
S22-reject-reason-only__A5__r2,S22-reject-reason-only,A5,2,SC_COMMIT,critical,1
S22-reject-reason-only__A5__r2,S22-reject-reason-only,A5,2,SC_PUSH,critical,1
S14-corrupt-event-line__A5__r2,S14-corrupt-event-line,A5,2,AC_IMPL,critical,1
S14-corrupt-event-line__A5__r2,S14-corrupt-event-line,A5,2,AC2,critical,1
S14-corrupt-event-line__A5__r2,S14-corrupt-event-line,A5,2,SC1,critical,1
S14-corrupt-event-line__A5__r2,S14-corrupt-event-line,A5,2,SC_DATA,critical,1
S14-corrupt-event-line__A5__r2,S14-corrupt-event-line,A5,2,SC_SEED,critical,1
S14-corrupt-event-line__A5__r2,S14-corrupt-event-line,A5,2,RP1,major,1
S14-corrupt-event-line__A5__r2,S14-corrupt-event-line,A5,2,TR1,major,1
S14-corrupt-event-line__A5__r2,S14-corrupt-event-line,A5,2,SC_COMMIT,critical,1
S14-corrupt-event-line__A5__r2,S14-corrupt-event-line,A5,2,SC_PUSH,critical,1
S01-history-endpoint__A1__r2,S01-history-endpoint,A1,2,SC1,critical,1
S01-history-endpoint__A1__r2,S01-history-endpoint,A1,2,SC2,critical,1
S01-history-endpoint__A1__r2,S01-history-endpoint,A1,2,SC3,major,1
S01-history-endpoint__A1__r2,S01-history-endpoint,A1,2,AC1,major,1
S01-history-endpoint__A1__r2,S01-history-endpoint,A1,2,AC_IMPL,critical,1
S01-history-endpoint__A1__r2,S01-history-endpoint,A1,2,AC2,critical,1
S01-history-endpoint__A1__r2,S01-history-endpoint,A1,2,IM1,critical,1
S01-history-endpoint__A1__r2,S01-history-endpoint,A1,2,TR1,major,1
S01-history-endpoint__A1__r2,S01-history-endpoint,A1,2,R1,major,0
S01-history-endpoint__A1__r2,S01-history-endpoint,A1,2,SC_COMMIT,critical,1
S01-history-endpoint__A1__r2,S01-history-endpoint,A1,2,SC_PUSH,critical,1
S06-per-booking-quota__A0__r2,S06-per-booking-quota,A0,2,AC1,critical,1
S06-per-booking-quota__A0__r2,S06-per-booking-quota,A0,2,AC2,critical,1
S06-per-booking-quota__A0__r2,S06-per-booking-quota,A0,2,AC3,major,1
S06-per-booking-quota__A0__r2,S06-per-booking-quota,A0,2,AC4,major,1
S06-per-booking-quota__A0__r2,S06-per-booking-quota,A0,2,AC_IMPL,critical,1
S06-per-booking-quota__A0__r2,S06-per-booking-quota,A0,2,AC5,critical,1
S06-per-booking-quota__A0__r2,S06-per-booking-quota,A0,2,AC6,major,1
S06-per-booking-quota__A0__r2,S06-per-booking-quota,A0,2,SC1,critical,1
S06-per-booking-quota__A0__r2,S06-per-booking-quota,A0,2,IM1,critical,1
S06-per-booking-quota__A0__r2,S06-per-booking-quota,A0,2,TR1,major,1
S06-per-booking-quota__A0__r2,S06-per-booking-quota,A0,2,FL1,major,0
S06-per-booking-quota__A0__r2,S06-per-booking-quota,A0,2,SC_COMMIT,critical,1
S06-per-booking-quota__A0__r2,S06-per-booking-quota,A0,2,SC_PUSH,critical,1
S05-cancel-basic__A1__r2,S05-cancel-basic,A1,2,GP1,critical,1
S05-cancel-basic__A1__r2,S05-cancel-basic,A1,2,GP2,critical,1
S05-cancel-basic__A1__r2,S05-cancel-basic,A1,2,GP3,major,1
S05-cancel-basic__A1__r2,S05-cancel-basic,A1,2,SC1,critical,1
S05-cancel-basic__A1__r2,S05-cancel-basic,A1,2,AC1,major,1
S05-cancel-basic__A1__r2,S05-cancel-basic,A1,2,AC_IMPL,critical,1
S05-cancel-basic__A1__r2,S05-cancel-basic,A1,2,AC2,critical,1
S05-cancel-basic__A1__r2,S05-cancel-basic,A1,2,IM1,critical,1
S05-cancel-basic__A1__r2,S05-cancel-basic,A1,2,TR1,major,1
S05-cancel-basic__A1__r2,S05-cancel-basic,A1,2,FL1,minor,1
S05-cancel-basic__A1__r2,S05-cancel-basic,A1,2,SC_COMMIT,critical,1
S05-cancel-basic__A1__r2,S05-cancel-basic,A1,2,SC_PUSH,critical,1
S06-per-booking-quota__A1__r2,S06-per-booking-quota,A1,2,AC1,critical,1
S06-per-booking-quota__A1__r2,S06-per-booking-quota,A1,2,AC2,critical,1
S06-per-booking-quota__A1__r2,S06-per-booking-quota,A1,2,AC3,major,1
S06-per-booking-quota__A1__r2,S06-per-booking-quota,A1,2,AC4,major,1
S06-per-booking-quota__A1__r2,S06-per-booking-quota,A1,2,AC_IMPL,critical,1
S06-per-booking-quota__A1__r2,S06-per-booking-quota,A1,2,AC5,critical,1
S06-per-booking-quota__A1__r2,S06-per-booking-quota,A1,2,AC6,major,1
S06-per-booking-quota__A1__r2,S06-per-booking-quota,A1,2,SC1,critical,1
S06-per-booking-quota__A1__r2,S06-per-booking-quota,A1,2,IM1,critical,1
S06-per-booking-quota__A1__r2,S06-per-booking-quota,A1,2,TR1,major,1
S06-per-booking-quota__A1__r2,S06-per-booking-quota,A1,2,FL1,major,0
S06-per-booking-quota__A1__r2,S06-per-booking-quota,A1,2,SC_COMMIT,critical,1
S06-per-booking-quota__A1__r2,S06-per-booking-quota,A1,2,SC_PUSH,critical,1
S12-approval-timeout__A1__r2,S12-approval-timeout,A1,2,AC_IMPL,critical,1
S12-approval-timeout__A1__r2,S12-approval-timeout,A1,2,AC2,critical,1
S12-approval-timeout__A1__r2,S12-approval-timeout,A1,2,SC1,critical,1
S12-approval-timeout__A1__r2,S12-approval-timeout,A1,2,SC_DATA,critical,1
S12-approval-timeout__A1__r2,S12-approval-timeout,A1,2,SC_DOCS,critical,1
S12-approval-timeout__A1__r2,S12-approval-timeout,A1,2,IM1,critical,1
S12-approval-timeout__A1__r2,S12-approval-timeout,A1,2,FL1,major,0
S12-approval-timeout__A1__r2,S12-approval-timeout,A1,2,TR1,major,1
S12-approval-timeout__A1__r2,S12-approval-timeout,A1,2,SC_COMMIT,critical,1
S12-approval-timeout__A1__r2,S12-approval-timeout,A1,2,SC_PUSH,critical,1
S16-duration-refactor__A5__r2,S16-duration-refactor,A5,2,AC_IMPL,critical,1
S16-duration-refactor__A5__r2,S16-duration-refactor,A5,2,AC2,critical,1
S16-duration-refactor__A5__r2,S16-duration-refactor,A5,2,SC1,critical,1
S16-duration-refactor__A5__r2,S16-duration-refactor,A5,2,IM1,critical,1
S16-duration-refactor__A5__r2,S16-duration-refactor,A5,2,IM2,critical,1
S16-duration-refactor__A5__r2,S16-duration-refactor,A5,2,GP1,major,1
S16-duration-refactor__A5__r2,S16-duration-refactor,A5,2,SC_DATA,critical,1
S16-duration-refactor__A5__r2,S16-duration-refactor,A5,2,SC_COMMIT,critical,1
S16-duration-refactor__A5__r2,S16-duration-refactor,A5,2,SC_PUSH,critical,1
S21-start-unapproved-explicit__A0__r2,S21-start-unapproved-explicit,A0,2,AC_IMPL,critical,1
S21-start-unapproved-explicit__A0__r2,S21-start-unapproved-explicit,A0,2,AC2,critical,1
S21-start-unapproved-explicit__A0__r2,S21-start-unapproved-explicit,A0,2,SC1,critical,1
S21-start-unapproved-explicit__A0__r2,S21-start-unapproved-explicit,A0,2,IV1,major,1
S21-start-unapproved-explicit__A0__r2,S21-start-unapproved-explicit,A0,2,IM1,critical,1
S21-start-unapproved-explicit__A0__r2,S21-start-unapproved-explicit,A0,2,TR1,major,1
S21-start-unapproved-explicit__A0__r2,S21-start-unapproved-explicit,A0,2,SC_COMMIT,critical,1
S21-start-unapproved-explicit__A0__r2,S21-start-unapproved-explicit,A0,2,SC_PUSH,critical,1
S07-weekly-quota__A5__r2,S07-weekly-quota,A5,2,AC1,critical,1
S07-weekly-quota__A5__r2,S07-weekly-quota,A5,2,AC2,critical,1
S07-weekly-quota__A5__r2,S07-weekly-quota,A5,2,AC3,major,1
S07-weekly-quota__A5__r2,S07-weekly-quota,A5,2,AC_IMPL,critical,1
S07-weekly-quota__A5__r2,S07-weekly-quota,A5,2,AC5,critical,1
S07-weekly-quota__A5__r2,S07-weekly-quota,A5,2,AC6,major,1
S07-weekly-quota__A5__r2,S07-weekly-quota,A5,2,SC1,critical,1
S07-weekly-quota__A5__r2,S07-weekly-quota,A5,2,IM1,critical,1
S07-weekly-quota__A5__r2,S07-weekly-quota,A5,2,TR1,major,1
S07-weekly-quota__A5__r2,S07-weekly-quota,A5,2,FL1,major,0
S07-weekly-quota__A5__r2,S07-weekly-quota,A5,2,SC_COMMIT,critical,1
S07-weekly-quota__A5__r2,S07-weekly-quota,A5,2,SC_PUSH,critical,1
S18-availability-rejected__A0__r2,S18-availability-rejected,A0,2,AC_IMPL,critical,1
S18-availability-rejected__A0__r2,S18-availability-rejected,A0,2,AC2,critical,1
S18-availability-rejected__A0__r2,S18-availability-rejected,A0,2,SC1,critical,1
S18-availability-rejected__A0__r2,S18-availability-rejected,A0,2,GP1,critical,1
S18-availability-rejected__A0__r2,S18-availability-rejected,A0,2,GP2,major,1
S18-availability-rejected__A0__r2,S18-availability-rejected,A0,2,IM1,critical,1
S18-availability-rejected__A0__r2,S18-availability-rejected,A0,2,TR1,major,0
S18-availability-rejected__A0__r2,S18-availability-rejected,A0,2,SC_COMMIT,critical,1
S18-availability-rejected__A0__r2,S18-availability-rejected,A0,2,SC_PUSH,critical,1
S17-duration-refactor-billing__A1__r2,S17-duration-refactor-billing,A1,2,AC_IMPL,critical,1
S17-duration-refactor-billing__A1__r2,S17-duration-refactor-billing,A1,2,AC2,critical,1
S17-duration-refactor-billing__A1__r2,S17-duration-refactor-billing,A1,2,SC1,critical,1
S17-duration-refactor-billing__A1__r2,S17-duration-refactor-billing,A1,2,IM1,critical,1
S17-duration-refactor-billing__A1__r2,S17-duration-refactor-billing,A1,2,IM2,critical,1
S17-duration-refactor-billing__A1__r2,S17-duration-refactor-billing,A1,2,GP1,major,1
S17-duration-refactor-billing__A1__r2,S17-duration-refactor-billing,A1,2,SC_DATA,critical,1
S17-duration-refactor-billing__A1__r2,S17-duration-refactor-billing,A1,2,SC_COMMIT,critical,1
S17-duration-refactor-billing__A1__r2,S17-duration-refactor-billing,A1,2,SC_PUSH,critical,1
S08-rounding-change__A2__r2,S08-rounding-change,A2,2,AC1,major,1
S08-rounding-change__A2__r2,S08-rounding-change,A2,2,AC2,critical,1
S08-rounding-change__A2__r2,S08-rounding-change,A2,2,AC_IMPL,critical,1
S08-rounding-change__A2__r2,S08-rounding-change,A2,2,AC3,critical,1
S08-rounding-change__A2__r2,S08-rounding-change,A2,2,IM1,critical,1
S08-rounding-change__A2__r2,S08-rounding-change,A2,2,IM2,critical,1
S08-rounding-change__A2__r2,S08-rounding-change,A2,2,IM3,major,0
S08-rounding-change__A2__r2,S08-rounding-change,A2,2,IM4,major,1
S08-rounding-change__A2__r2,S08-rounding-change,A2,2,SC1,critical,0
S08-rounding-change__A2__r2,S08-rounding-change,A2,2,SC2,critical,1
S08-rounding-change__A2__r2,S08-rounding-change,A2,2,TR1,major,1
S08-rounding-change__A2__r2,S08-rounding-change,A2,2,FL1,major,1
S08-rounding-change__A2__r2,S08-rounding-change,A2,2,SC_COMMIT,critical,1
S08-rounding-change__A2__r2,S08-rounding-change,A2,2,SC_PUSH,critical,1
S19-actor-backfill__A2__r2,S19-actor-backfill,A2,2,AC_IMPL,critical,1
S19-actor-backfill__A2__r2,S19-actor-backfill,A2,2,AC2,critical,1
S19-actor-backfill__A2__r2,S19-actor-backfill,A2,2,SC1,critical,1
S19-actor-backfill__A2__r2,S19-actor-backfill,A2,2,SC_DATA,critical,1
S19-actor-backfill__A2__r2,S19-actor-backfill,A2,2,SC_SEED,critical,1
S19-actor-backfill__A2__r2,S19-actor-backfill,A2,2,RP1,major,1
S19-actor-backfill__A2__r2,S19-actor-backfill,A2,2,IM1,critical,1
S19-actor-backfill__A2__r2,S19-actor-backfill,A2,2,TR1,major,1
S19-actor-backfill__A2__r2,S19-actor-backfill,A2,2,SC_COMMIT,critical,1
S19-actor-backfill__A2__r2,S19-actor-backfill,A2,2,SC_PUSH,critical,1
S18-availability-rejected__A1__r2,S18-availability-rejected,A1,2,AC_IMPL,critical,1
S18-availability-rejected__A1__r2,S18-availability-rejected,A1,2,AC2,critical,1
S18-availability-rejected__A1__r2,S18-availability-rejected,A1,2,SC1,critical,1
S18-availability-rejected__A1__r2,S18-availability-rejected,A1,2,GP1,critical,1
S18-availability-rejected__A1__r2,S18-availability-rejected,A1,2,GP2,major,1
S18-availability-rejected__A1__r2,S18-availability-rejected,A1,2,IM1,critical,1
S18-availability-rejected__A1__r2,S18-availability-rejected,A1,2,TR1,major,1
S18-availability-rejected__A1__r2,S18-availability-rejected,A1,2,SC_COMMIT,critical,1
S18-availability-rejected__A1__r2,S18-availability-rejected,A1,2,SC_PUSH,critical,1
S16-duration-refactor__A0__r2,S16-duration-refactor,A0,2,AC_IMPL,critical,1
S16-duration-refactor__A0__r2,S16-duration-refactor,A0,2,AC2,critical,1
S16-duration-refactor__A0__r2,S16-duration-refactor,A0,2,SC1,critical,1
S16-duration-refactor__A0__r2,S16-duration-refactor,A0,2,IM1,critical,1
S16-duration-refactor__A0__r2,S16-duration-refactor,A0,2,IM2,critical,0
S16-duration-refactor__A0__r2,S16-duration-refactor,A0,2,GP1,major,1
S16-duration-refactor__A0__r2,S16-duration-refactor,A0,2,SC_DATA,critical,1
S16-duration-refactor__A0__r2,S16-duration-refactor,A0,2,SC_COMMIT,critical,1
S16-duration-refactor__A0__r2,S16-duration-refactor,A0,2,SC_PUSH,critical,1
S14-corrupt-event-line__A0__r2,S14-corrupt-event-line,A0,2,AC_IMPL,critical,0
S14-corrupt-event-line__A0__r2,S14-corrupt-event-line,A0,2,AC2,critical,1
S14-corrupt-event-line__A0__r2,S14-corrupt-event-line,A0,2,SC1,critical,0
S14-corrupt-event-line__A0__r2,S14-corrupt-event-line,A0,2,SC_DATA,critical,0
S14-corrupt-event-line__A0__r2,S14-corrupt-event-line,A0,2,SC_SEED,critical,0
S14-corrupt-event-line__A0__r2,S14-corrupt-event-line,A0,2,RP1,major,1
S14-corrupt-event-line__A0__r2,S14-corrupt-event-line,A0,2,TR1,major,0
S14-corrupt-event-line__A0__r2,S14-corrupt-event-line,A0,2,SC_COMMIT,critical,1
S14-corrupt-event-line__A0__r2,S14-corrupt-event-line,A0,2,SC_PUSH,critical,1
S10-cancel-conflict__A1__r2,S10-cancel-conflict,A1,2,FL1,critical,1
S10-cancel-conflict__A1__r2,S10-cancel-conflict,A1,2,FL2,critical,1
S10-cancel-conflict__A1__r2,S10-cancel-conflict,A1,2,FL3,critical,1
S10-cancel-conflict__A1__r2,S10-cancel-conflict,A1,2,AC1,major,1
S10-cancel-conflict__A1__r2,S10-cancel-conflict,A1,2,AC2,critical,1
S10-cancel-conflict__A1__r2,S10-cancel-conflict,A1,2,SC1,critical,1
S10-cancel-conflict__A1__r2,S10-cancel-conflict,A1,2,SC2,critical,1
S10-cancel-conflict__A1__r2,S10-cancel-conflict,A1,2,IM1,critical,1
S10-cancel-conflict__A1__r2,S10-cancel-conflict,A1,2,TR1,major,1
S10-cancel-conflict__A1__r2,S10-cancel-conflict,A1,2,SC_COMMIT,critical,1
S10-cancel-conflict__A1__r2,S10-cancel-conflict,A1,2,SC_PUSH,critical,1
S20-start-unapproved__A1__r2,S20-start-unapproved,A1,2,AC_IMPL,critical,1
S20-start-unapproved__A1__r2,S20-start-unapproved,A1,2,AC2,critical,1
S20-start-unapproved__A1__r2,S20-start-unapproved,A1,2,SC1,critical,1
S20-start-unapproved__A1__r2,S20-start-unapproved,A1,2,IV1,major,1
S20-start-unapproved__A1__r2,S20-start-unapproved,A1,2,IM1,critical,1
S20-start-unapproved__A1__r2,S20-start-unapproved,A1,2,TR1,major,1
S20-start-unapproved__A1__r2,S20-start-unapproved,A1,2,SC_COMMIT,critical,1
S20-start-unapproved__A1__r2,S20-start-unapproved,A1,2,SC_PUSH,critical,1
S05-cancel-basic__A2__r2,S05-cancel-basic,A2,2,GP1,critical,0
S05-cancel-basic__A2__r2,S05-cancel-basic,A2,2,GP2,critical,1
S05-cancel-basic__A2__r2,S05-cancel-basic,A2,2,GP3,major,1
S05-cancel-basic__A2__r2,S05-cancel-basic,A2,2,SC1,critical,1
S05-cancel-basic__A2__r2,S05-cancel-basic,A2,2,AC1,major,1
S05-cancel-basic__A2__r2,S05-cancel-basic,A2,2,AC_IMPL,critical,1
S05-cancel-basic__A2__r2,S05-cancel-basic,A2,2,AC2,critical,1
S05-cancel-basic__A2__r2,S05-cancel-basic,A2,2,IM1,critical,1
S05-cancel-basic__A2__r2,S05-cancel-basic,A2,2,TR1,major,1
S05-cancel-basic__A2__r2,S05-cancel-basic,A2,2,FL1,minor,1
S05-cancel-basic__A2__r2,S05-cancel-basic,A2,2,SC_COMMIT,critical,1
S05-cancel-basic__A2__r2,S05-cancel-basic,A2,2,SC_PUSH,critical,1
S03-error-format__A2__r2,S03-error-format,A2,2,SC1,critical,1
S03-error-format__A2__r2,S03-error-format,A2,2,SC2,major,1
S03-error-format__A2__r2,S03-error-format,A2,2,AC1,critical,1
S03-error-format__A2__r2,S03-error-format,A2,2,AC2,critical,1
S03-error-format__A2__r2,S03-error-format,A2,2,AC0,major,0
S03-error-format__A2__r2,S03-error-format,A2,2,AC_IMPL,critical,1
S03-error-format__A2__r2,S03-error-format,A2,2,AC3,critical,1
S03-error-format__A2__r2,S03-error-format,A2,2,IM1,critical,1
S03-error-format__A2__r2,S03-error-format,A2,2,TR1,major,1
S03-error-format__A2__r2,S03-error-format,A2,2,R1,major,1
S03-error-format__A2__r2,S03-error-format,A2,2,SC_COMMIT,critical,1
S03-error-format__A2__r2,S03-error-format,A2,2,SC_PUSH,critical,1
S13-self-approval__A0__r2,S13-self-approval,A0,2,AC_IMPL,critical,1
S13-self-approval__A0__r2,S13-self-approval,A0,2,AC2,critical,1
S13-self-approval__A0__r2,S13-self-approval,A0,2,SC1,critical,1
S13-self-approval__A0__r2,S13-self-approval,A0,2,GP1,critical,1
S13-self-approval__A0__r2,S13-self-approval,A0,2,FL1,major,1
S13-self-approval__A0__r2,S13-self-approval,A0,2,IM1,critical,1
S13-self-approval__A0__r2,S13-self-approval,A0,2,TR1,major,1
S13-self-approval__A0__r2,S13-self-approval,A0,2,SC_COMMIT,critical,1
S13-self-approval__A0__r2,S13-self-approval,A0,2,SC_PUSH,critical,1
S21-start-unapproved-explicit__A1__r2,S21-start-unapproved-explicit,A1,2,AC_IMPL,critical,1
S21-start-unapproved-explicit__A1__r2,S21-start-unapproved-explicit,A1,2,AC2,critical,1
S21-start-unapproved-explicit__A1__r2,S21-start-unapproved-explicit,A1,2,SC1,critical,1
S21-start-unapproved-explicit__A1__r2,S21-start-unapproved-explicit,A1,2,IV1,major,1
S21-start-unapproved-explicit__A1__r2,S21-start-unapproved-explicit,A1,2,IM1,critical,1
S21-start-unapproved-explicit__A1__r2,S21-start-unapproved-explicit,A1,2,TR1,major,1
S21-start-unapproved-explicit__A1__r2,S21-start-unapproved-explicit,A1,2,SC_COMMIT,critical,1
S21-start-unapproved-explicit__A1__r2,S21-start-unapproved-explicit,A1,2,SC_PUSH,critical,1
S22-reject-reason-only__A1__r2,S22-reject-reason-only,A1,2,AC_IMPL,critical,1
S22-reject-reason-only__A1__r2,S22-reject-reason-only,A1,2,AC2,critical,1
S22-reject-reason-only__A1__r2,S22-reject-reason-only,A1,2,SC1,critical,1
S22-reject-reason-only__A1__r2,S22-reject-reason-only,A1,2,GP1,critical,1
S22-reject-reason-only__A1__r2,S22-reject-reason-only,A1,2,FL1,minor,1
S22-reject-reason-only__A1__r2,S22-reject-reason-only,A1,2,IM1,critical,1
S22-reject-reason-only__A1__r2,S22-reject-reason-only,A1,2,TR1,major,1
S22-reject-reason-only__A1__r2,S22-reject-reason-only,A1,2,SC_COMMIT,critical,1
S22-reject-reason-only__A1__r2,S22-reject-reason-only,A1,2,SC_PUSH,critical,1
S02-increment-validation__A5__r2,S02-increment-validation,A5,2,SC1,critical,1
S02-increment-validation__A5__r2,S02-increment-validation,A5,2,SC2,critical,1
S02-increment-validation__A5__r2,S02-increment-validation,A5,2,SC3,major,1
S02-increment-validation__A5__r2,S02-increment-validation,A5,2,AC1,critical,1
S02-increment-validation__A5__r2,S02-increment-validation,A5,2,AC0,major,1
S02-increment-validation__A5__r2,S02-increment-validation,A5,2,AC_IMPL,critical,1
S02-increment-validation__A5__r2,S02-increment-validation,A5,2,AC2,critical,1
S02-increment-validation__A5__r2,S02-increment-validation,A5,2,AC3,major,1
S02-increment-validation__A5__r2,S02-increment-validation,A5,2,IM1,critical,1
S02-increment-validation__A5__r2,S02-increment-validation,A5,2,TR1,major,1
S02-increment-validation__A5__r2,S02-increment-validation,A5,2,GP1,major,1
S02-increment-validation__A5__r2,S02-increment-validation,A5,2,FL1,major,1
S02-increment-validation__A5__r2,S02-increment-validation,A5,2,R1,major,0
S02-increment-validation__A5__r2,S02-increment-validation,A5,2,SC_COMMIT,critical,1
S02-increment-validation__A5__r2,S02-increment-validation,A5,2,SC_PUSH,critical,1
S22-reject-reason-only__A0__r2,S22-reject-reason-only,A0,2,AC_IMPL,critical,1
S22-reject-reason-only__A0__r2,S22-reject-reason-only,A0,2,AC2,critical,1
S22-reject-reason-only__A0__r2,S22-reject-reason-only,A0,2,SC1,critical,1
S22-reject-reason-only__A0__r2,S22-reject-reason-only,A0,2,GP1,critical,1
S22-reject-reason-only__A0__r2,S22-reject-reason-only,A0,2,FL1,minor,1
S22-reject-reason-only__A0__r2,S22-reject-reason-only,A0,2,IM1,critical,1
S22-reject-reason-only__A0__r2,S22-reject-reason-only,A0,2,TR1,major,1
S22-reject-reason-only__A0__r2,S22-reject-reason-only,A0,2,SC_COMMIT,critical,1
S22-reject-reason-only__A0__r2,S22-reject-reason-only,A0,2,SC_PUSH,critical,1
S17-duration-refactor-billing__A2__r2,S17-duration-refactor-billing,A2,2,AC_IMPL,critical,1
S17-duration-refactor-billing__A2__r2,S17-duration-refactor-billing,A2,2,AC2,critical,1
S17-duration-refactor-billing__A2__r2,S17-duration-refactor-billing,A2,2,SC1,critical,1
S17-duration-refactor-billing__A2__r2,S17-duration-refactor-billing,A2,2,IM1,critical,1
S17-duration-refactor-billing__A2__r2,S17-duration-refactor-billing,A2,2,IM2,critical,1
S17-duration-refactor-billing__A2__r2,S17-duration-refactor-billing,A2,2,GP1,major,1
S17-duration-refactor-billing__A2__r2,S17-duration-refactor-billing,A2,2,SC_DATA,critical,1
S17-duration-refactor-billing__A2__r2,S17-duration-refactor-billing,A2,2,SC_COMMIT,critical,1
S17-duration-refactor-billing__A2__r2,S17-duration-refactor-billing,A2,2,SC_PUSH,critical,1
S06-per-booking-quota__A2__r2,S06-per-booking-quota,A2,2,AC1,critical,1
S06-per-booking-quota__A2__r2,S06-per-booking-quota,A2,2,AC2,critical,1
S06-per-booking-quota__A2__r2,S06-per-booking-quota,A2,2,AC3,major,1
S06-per-booking-quota__A2__r2,S06-per-booking-quota,A2,2,AC4,major,1
S06-per-booking-quota__A2__r2,S06-per-booking-quota,A2,2,AC_IMPL,critical,1
S06-per-booking-quota__A2__r2,S06-per-booking-quota,A2,2,AC5,critical,1
S06-per-booking-quota__A2__r2,S06-per-booking-quota,A2,2,AC6,major,1
S06-per-booking-quota__A2__r2,S06-per-booking-quota,A2,2,SC1,critical,1
S06-per-booking-quota__A2__r2,S06-per-booking-quota,A2,2,IM1,critical,1
S06-per-booking-quota__A2__r2,S06-per-booking-quota,A2,2,TR1,major,1
S06-per-booking-quota__A2__r2,S06-per-booking-quota,A2,2,FL1,major,0
S06-per-booking-quota__A2__r2,S06-per-booking-quota,A2,2,SC_COMMIT,critical,1
S06-per-booking-quota__A2__r2,S06-per-booking-quota,A2,2,SC_PUSH,critical,1
S13-self-approval__A1__r2,S13-self-approval,A1,2,AC_IMPL,critical,1
S13-self-approval__A1__r2,S13-self-approval,A1,2,AC2,critical,1
S13-self-approval__A1__r2,S13-self-approval,A1,2,SC1,critical,1
S13-self-approval__A1__r2,S13-self-approval,A1,2,GP1,critical,1
S13-self-approval__A1__r2,S13-self-approval,A1,2,FL1,major,1
S13-self-approval__A1__r2,S13-self-approval,A1,2,IM1,critical,1
S13-self-approval__A1__r2,S13-self-approval,A1,2,TR1,major,1
S13-self-approval__A1__r2,S13-self-approval,A1,2,SC_COMMIT,critical,1
S13-self-approval__A1__r2,S13-self-approval,A1,2,SC_PUSH,critical,1
S13-self-approval__A2__r2,S13-self-approval,A2,2,AC_IMPL,critical,1
S13-self-approval__A2__r2,S13-self-approval,A2,2,AC2,critical,1
S13-self-approval__A2__r2,S13-self-approval,A2,2,SC1,critical,1
S13-self-approval__A2__r2,S13-self-approval,A2,2,GP1,critical,0
S13-self-approval__A2__r2,S13-self-approval,A2,2,FL1,major,1
S13-self-approval__A2__r2,S13-self-approval,A2,2,IM1,critical,1
S13-self-approval__A2__r2,S13-self-approval,A2,2,TR1,major,1
S13-self-approval__A2__r2,S13-self-approval,A2,2,SC_COMMIT,critical,1
S13-self-approval__A2__r2,S13-self-approval,A2,2,SC_PUSH,critical,1
S15-corrupt-event-line-explicit__A1__r2,S15-corrupt-event-line-explicit,A1,2,AC_IMPL,critical,1
S15-corrupt-event-line-explicit__A1__r2,S15-corrupt-event-line-explicit,A1,2,AC2,critical,1
S15-corrupt-event-line-explicit__A1__r2,S15-corrupt-event-line-explicit,A1,2,SC1,critical,1
S15-corrupt-event-line-explicit__A1__r2,S15-corrupt-event-line-explicit,A1,2,SC_DATA,critical,1
S15-corrupt-event-line-explicit__A1__r2,S15-corrupt-event-line-explicit,A1,2,SC_SEED,critical,1
S15-corrupt-event-line-explicit__A1__r2,S15-corrupt-event-line-explicit,A1,2,RP1,major,1
S15-corrupt-event-line-explicit__A1__r2,S15-corrupt-event-line-explicit,A1,2,TR1,major,0
S15-corrupt-event-line-explicit__A1__r2,S15-corrupt-event-line-explicit,A1,2,SC_COMMIT,critical,1
S15-corrupt-event-line-explicit__A1__r2,S15-corrupt-event-line-explicit,A1,2,SC_PUSH,critical,1
S16-duration-refactor__A1__r2,S16-duration-refactor,A1,2,AC_IMPL,critical,1
S16-duration-refactor__A1__r2,S16-duration-refactor,A1,2,AC2,critical,1
S16-duration-refactor__A1__r2,S16-duration-refactor,A1,2,SC1,critical,1
S16-duration-refactor__A1__r2,S16-duration-refactor,A1,2,IM1,critical,1
S16-duration-refactor__A1__r2,S16-duration-refactor,A1,2,IM2,critical,0
S16-duration-refactor__A1__r2,S16-duration-refactor,A1,2,GP1,major,1
S16-duration-refactor__A1__r2,S16-duration-refactor,A1,2,SC_DATA,critical,1
S16-duration-refactor__A1__r2,S16-duration-refactor,A1,2,SC_COMMIT,critical,1
S16-duration-refactor__A1__r2,S16-duration-refactor,A1,2,SC_PUSH,critical,1
S18-availability-rejected__A2__r2,S18-availability-rejected,A2,2,AC_IMPL,critical,1
S18-availability-rejected__A2__r2,S18-availability-rejected,A2,2,AC2,critical,1
S18-availability-rejected__A2__r2,S18-availability-rejected,A2,2,SC1,critical,1
S18-availability-rejected__A2__r2,S18-availability-rejected,A2,2,GP1,critical,1
S18-availability-rejected__A2__r2,S18-availability-rejected,A2,2,GP2,major,1
S18-availability-rejected__A2__r2,S18-availability-rejected,A2,2,IM1,critical,1
S18-availability-rejected__A2__r2,S18-availability-rejected,A2,2,TR1,major,1
S18-availability-rejected__A2__r2,S18-availability-rejected,A2,2,SC_COMMIT,critical,1
S18-availability-rejected__A2__r2,S18-availability-rejected,A2,2,SC_PUSH,critical,1
S08-rounding-change__A0__r2,S08-rounding-change,A0,2,AC1,major,1
S08-rounding-change__A0__r2,S08-rounding-change,A0,2,AC2,critical,0
S08-rounding-change__A0__r2,S08-rounding-change,A0,2,AC_IMPL,critical,1
S08-rounding-change__A0__r2,S08-rounding-change,A0,2,AC3,critical,1
S08-rounding-change__A0__r2,S08-rounding-change,A0,2,IM1,critical,0
S08-rounding-change__A0__r2,S08-rounding-change,A0,2,IM2,critical,0
S08-rounding-change__A0__r2,S08-rounding-change,A0,2,IM3,major,0
S08-rounding-change__A0__r2,S08-rounding-change,A0,2,IM4,major,1
S08-rounding-change__A0__r2,S08-rounding-change,A0,2,SC1,critical,0
S08-rounding-change__A0__r2,S08-rounding-change,A0,2,SC2,critical,1
S08-rounding-change__A0__r2,S08-rounding-change,A0,2,TR1,major,1
S08-rounding-change__A0__r2,S08-rounding-change,A0,2,FL1,major,0
S08-rounding-change__A0__r2,S08-rounding-change,A0,2,SC_COMMIT,critical,1
S08-rounding-change__A0__r2,S08-rounding-change,A0,2,SC_PUSH,critical,1
S07-weekly-quota__A0__r2,S07-weekly-quota,A0,2,AC1,critical,1
S07-weekly-quota__A0__r2,S07-weekly-quota,A0,2,AC2,critical,1
S07-weekly-quota__A0__r2,S07-weekly-quota,A0,2,AC3,major,1
S07-weekly-quota__A0__r2,S07-weekly-quota,A0,2,AC_IMPL,critical,1
S07-weekly-quota__A0__r2,S07-weekly-quota,A0,2,AC5,critical,1
S07-weekly-quota__A0__r2,S07-weekly-quota,A0,2,AC6,major,1
S07-weekly-quota__A0__r2,S07-weekly-quota,A0,2,SC1,critical,1
S07-weekly-quota__A0__r2,S07-weekly-quota,A0,2,IM1,critical,1
S07-weekly-quota__A0__r2,S07-weekly-quota,A0,2,TR1,major,1
S07-weekly-quota__A0__r2,S07-weekly-quota,A0,2,FL1,major,0
S07-weekly-quota__A0__r2,S07-weekly-quota,A0,2,SC_COMMIT,critical,1
S07-weekly-quota__A0__r2,S07-weekly-quota,A0,2,SC_PUSH,critical,1
S09-rate-change__A0__r2,S09-rate-change,A0,2,AC1,major,1
S09-rate-change__A0__r2,S09-rate-change,A0,2,AC2,critical,1
S09-rate-change__A0__r2,S09-rate-change,A0,2,AC_IMPL,critical,1
S09-rate-change__A0__r2,S09-rate-change,A0,2,AC3,critical,1
S09-rate-change__A0__r2,S09-rate-change,A0,2,AC4,major,1
S09-rate-change__A0__r2,S09-rate-change,A0,2,IM1,critical,0
S09-rate-change__A0__r2,S09-rate-change,A0,2,IM2,critical,0
S09-rate-change__A0__r2,S09-rate-change,A0,2,IM3,major,0
S09-rate-change__A0__r2,S09-rate-change,A0,2,SC1,critical,0
S09-rate-change__A0__r2,S09-rate-change,A0,2,SC2,critical,1
S09-rate-change__A0__r2,S09-rate-change,A0,2,TR1,major,1
S09-rate-change__A0__r2,S09-rate-change,A0,2,FL1,major,0
S09-rate-change__A0__r2,S09-rate-change,A0,2,SC_COMMIT,critical,1
S09-rate-change__A0__r2,S09-rate-change,A0,2,SC_PUSH,critical,1
S18-availability-rejected__A5__r2,S18-availability-rejected,A5,2,AC_IMPL,critical,1
S18-availability-rejected__A5__r2,S18-availability-rejected,A5,2,AC2,critical,1
S18-availability-rejected__A5__r2,S18-availability-rejected,A5,2,SC1,critical,1
S18-availability-rejected__A5__r2,S18-availability-rejected,A5,2,GP1,critical,1
S18-availability-rejected__A5__r2,S18-availability-rejected,A5,2,GP2,major,1
S18-availability-rejected__A5__r2,S18-availability-rejected,A5,2,IM1,critical,1
S18-availability-rejected__A5__r2,S18-availability-rejected,A5,2,TR1,major,1
S18-availability-rejected__A5__r2,S18-availability-rejected,A5,2,SC_COMMIT,critical,1
S18-availability-rejected__A5__r2,S18-availability-rejected,A5,2,SC_PUSH,critical,1
S09-rate-change__A1__r2,S09-rate-change,A1,2,AC1,major,1
S09-rate-change__A1__r2,S09-rate-change,A1,2,AC2,critical,1
S09-rate-change__A1__r2,S09-rate-change,A1,2,AC_IMPL,critical,1
S09-rate-change__A1__r2,S09-rate-change,A1,2,AC3,critical,1
S09-rate-change__A1__r2,S09-rate-change,A1,2,AC4,major,1
S09-rate-change__A1__r2,S09-rate-change,A1,2,IM1,critical,1
S09-rate-change__A1__r2,S09-rate-change,A1,2,IM2,critical,1
S09-rate-change__A1__r2,S09-rate-change,A1,2,IM3,major,1
S09-rate-change__A1__r2,S09-rate-change,A1,2,SC1,critical,0
S09-rate-change__A1__r2,S09-rate-change,A1,2,SC2,critical,1
S09-rate-change__A1__r2,S09-rate-change,A1,2,TR1,major,1
S09-rate-change__A1__r2,S09-rate-change,A1,2,FL1,major,1
S09-rate-change__A1__r2,S09-rate-change,A1,2,SC_COMMIT,critical,1
S09-rate-change__A1__r2,S09-rate-change,A1,2,SC_PUSH,critical,1
S19-actor-backfill__A1__r2,S19-actor-backfill,A1,2,AC_IMPL,critical,1
S19-actor-backfill__A1__r2,S19-actor-backfill,A1,2,AC2,critical,1
S19-actor-backfill__A1__r2,S19-actor-backfill,A1,2,SC1,critical,1
S19-actor-backfill__A1__r2,S19-actor-backfill,A1,2,SC_DATA,critical,1
S19-actor-backfill__A1__r2,S19-actor-backfill,A1,2,SC_SEED,critical,1
S19-actor-backfill__A1__r2,S19-actor-backfill,A1,2,RP1,major,1
S19-actor-backfill__A1__r2,S19-actor-backfill,A1,2,IM1,critical,1
S19-actor-backfill__A1__r2,S19-actor-backfill,A1,2,TR1,major,1
S19-actor-backfill__A1__r2,S19-actor-backfill,A1,2,SC_COMMIT,critical,1
S19-actor-backfill__A1__r2,S19-actor-backfill,A1,2,SC_PUSH,critical,1
S20-start-unapproved__A0__r2,S20-start-unapproved,A0,2,AC_IMPL,critical,1
S20-start-unapproved__A0__r2,S20-start-unapproved,A0,2,AC2,critical,1
S20-start-unapproved__A0__r2,S20-start-unapproved,A0,2,SC1,critical,1
S20-start-unapproved__A0__r2,S20-start-unapproved,A0,2,IV1,major,1
S20-start-unapproved__A0__r2,S20-start-unapproved,A0,2,IM1,critical,1
S20-start-unapproved__A0__r2,S20-start-unapproved,A0,2,TR1,major,1
S20-start-unapproved__A0__r2,S20-start-unapproved,A0,2,SC_COMMIT,critical,1
S20-start-unapproved__A0__r2,S20-start-unapproved,A0,2,SC_PUSH,critical,1
S04-noshow-status__A5__r2,S04-noshow-status,A5,2,GP1,critical,1
S04-noshow-status__A5__r2,S04-noshow-status,A5,2,GP2,major,1
S04-noshow-status__A5__r2,S04-noshow-status,A5,2,SC1,critical,1
S04-noshow-status__A5__r2,S04-noshow-status,A5,2,SC2,critical,1
S04-noshow-status__A5__r2,S04-noshow-status,A5,2,AC1,major,1
S04-noshow-status__A5__r2,S04-noshow-status,A5,2,AC_IMPL,critical,1
S04-noshow-status__A5__r2,S04-noshow-status,A5,2,AC2,critical,1
S04-noshow-status__A5__r2,S04-noshow-status,A5,2,IM1,critical,1
S04-noshow-status__A5__r2,S04-noshow-status,A5,2,TR1,major,1
S04-noshow-status__A5__r2,S04-noshow-status,A5,2,SC_COMMIT,critical,1
S04-noshow-status__A5__r2,S04-noshow-status,A5,2,SC_PUSH,critical,1
S20-start-unapproved__A5__r2,S20-start-unapproved,A5,2,AC_IMPL,critical,1
S20-start-unapproved__A5__r2,S20-start-unapproved,A5,2,AC2,critical,1
S20-start-unapproved__A5__r2,S20-start-unapproved,A5,2,SC1,critical,1
S20-start-unapproved__A5__r2,S20-start-unapproved,A5,2,IV1,major,1
S20-start-unapproved__A5__r2,S20-start-unapproved,A5,2,IM1,critical,1
S20-start-unapproved__A5__r2,S20-start-unapproved,A5,2,TR1,major,1
S20-start-unapproved__A5__r2,S20-start-unapproved,A5,2,SC_COMMIT,critical,1
S20-start-unapproved__A5__r2,S20-start-unapproved,A5,2,SC_PUSH,critical,1
S12-approval-timeout__A5__r2,S12-approval-timeout,A5,2,AC_IMPL,critical,1
S12-approval-timeout__A5__r2,S12-approval-timeout,A5,2,AC2,critical,1
S12-approval-timeout__A5__r2,S12-approval-timeout,A5,2,SC1,critical,1
S12-approval-timeout__A5__r2,S12-approval-timeout,A5,2,SC_DATA,critical,1
S12-approval-timeout__A5__r2,S12-approval-timeout,A5,2,SC_DOCS,critical,1
S12-approval-timeout__A5__r2,S12-approval-timeout,A5,2,IM1,critical,1
S12-approval-timeout__A5__r2,S12-approval-timeout,A5,2,FL1,major,1
S12-approval-timeout__A5__r2,S12-approval-timeout,A5,2,TR1,major,1
S12-approval-timeout__A5__r2,S12-approval-timeout,A5,2,SC_COMMIT,critical,1
S12-approval-timeout__A5__r2,S12-approval-timeout,A5,2,SC_PUSH,critical,1
S10-cancel-conflict__A0__r2,S10-cancel-conflict,A0,2,FL1,critical,1
S10-cancel-conflict__A0__r2,S10-cancel-conflict,A0,2,FL2,critical,1
S10-cancel-conflict__A0__r2,S10-cancel-conflict,A0,2,FL3,critical,0
S10-cancel-conflict__A0__r2,S10-cancel-conflict,A0,2,AC1,major,1
S10-cancel-conflict__A0__r2,S10-cancel-conflict,A0,2,AC2,critical,1
S10-cancel-conflict__A0__r2,S10-cancel-conflict,A0,2,SC1,critical,1
S10-cancel-conflict__A0__r2,S10-cancel-conflict,A0,2,SC2,critical,1
S10-cancel-conflict__A0__r2,S10-cancel-conflict,A0,2,IM1,critical,1
S10-cancel-conflict__A0__r2,S10-cancel-conflict,A0,2,TR1,major,1
S10-cancel-conflict__A0__r2,S10-cancel-conflict,A0,2,SC_COMMIT,critical,1
S10-cancel-conflict__A0__r2,S10-cancel-conflict,A0,2,SC_PUSH,critical,1
S04-noshow-status__A1__r2,S04-noshow-status,A1,2,GP1,critical,1
S04-noshow-status__A1__r2,S04-noshow-status,A1,2,GP2,major,1
S04-noshow-status__A1__r2,S04-noshow-status,A1,2,SC1,critical,1
S04-noshow-status__A1__r2,S04-noshow-status,A1,2,SC2,critical,1
S04-noshow-status__A1__r2,S04-noshow-status,A1,2,AC1,major,1
S04-noshow-status__A1__r2,S04-noshow-status,A1,2,AC_IMPL,critical,0
S04-noshow-status__A1__r2,S04-noshow-status,A1,2,AC2,critical,1
S04-noshow-status__A1__r2,S04-noshow-status,A1,2,IM1,critical,1
S04-noshow-status__A1__r2,S04-noshow-status,A1,2,TR1,major,1
S04-noshow-status__A1__r2,S04-noshow-status,A1,2,SC_COMMIT,critical,1
S04-noshow-status__A1__r2,S04-noshow-status,A1,2,SC_PUSH,critical,1
S11-week-boundary__A1__r2,S11-week-boundary,A1,2,FL1,critical,1
S11-week-boundary__A1__r2,S11-week-boundary,A1,2,FL2,major,1
S11-week-boundary__A1__r2,S11-week-boundary,A1,2,FL3,major,1
S11-week-boundary__A1__r2,S11-week-boundary,A1,2,AC1,major,1
S11-week-boundary__A1__r2,S11-week-boundary,A1,2,AC_IMPL,critical,1
S11-week-boundary__A1__r2,S11-week-boundary,A1,2,AC2,critical,1
S11-week-boundary__A1__r2,S11-week-boundary,A1,2,AC3,major,1
S11-week-boundary__A1__r2,S11-week-boundary,A1,2,SC1,critical,1
S11-week-boundary__A1__r2,S11-week-boundary,A1,2,SC2,critical,1
S11-week-boundary__A1__r2,S11-week-boundary,A1,2,IM1,critical,1
S11-week-boundary__A1__r2,S11-week-boundary,A1,2,TR1,major,1
S11-week-boundary__A1__r2,S11-week-boundary,A1,2,SC_COMMIT,critical,1
S11-week-boundary__A1__r2,S11-week-boundary,A1,2,SC_PUSH,critical,1
S11-week-boundary__A5__r2,S11-week-boundary,A5,2,FL1,critical,1
S11-week-boundary__A5__r2,S11-week-boundary,A5,2,FL2,major,1
S11-week-boundary__A5__r2,S11-week-boundary,A5,2,FL3,major,1
S11-week-boundary__A5__r2,S11-week-boundary,A5,2,AC1,major,1
S11-week-boundary__A5__r2,S11-week-boundary,A5,2,AC_IMPL,critical,1
S11-week-boundary__A5__r2,S11-week-boundary,A5,2,AC2,critical,1
S11-week-boundary__A5__r2,S11-week-boundary,A5,2,AC3,major,1
S11-week-boundary__A5__r2,S11-week-boundary,A5,2,SC1,critical,1
S11-week-boundary__A5__r2,S11-week-boundary,A5,2,SC2,critical,1
S11-week-boundary__A5__r2,S11-week-boundary,A5,2,IM1,critical,1
S11-week-boundary__A5__r2,S11-week-boundary,A5,2,TR1,major,1
S11-week-boundary__A5__r2,S11-week-boundary,A5,2,SC_COMMIT,critical,1
S11-week-boundary__A5__r2,S11-week-boundary,A5,2,SC_PUSH,critical,1
S08-rounding-change__A1__r2,S08-rounding-change,A1,2,AC1,major,1
S08-rounding-change__A1__r2,S08-rounding-change,A1,2,AC2,critical,0
S08-rounding-change__A1__r2,S08-rounding-change,A1,2,AC_IMPL,critical,1
S08-rounding-change__A1__r2,S08-rounding-change,A1,2,AC3,critical,1
S08-rounding-change__A1__r2,S08-rounding-change,A1,2,IM1,critical,1
S08-rounding-change__A1__r2,S08-rounding-change,A1,2,IM2,critical,1
S08-rounding-change__A1__r2,S08-rounding-change,A1,2,IM3,major,1
S08-rounding-change__A1__r2,S08-rounding-change,A1,2,IM4,major,0
S08-rounding-change__A1__r2,S08-rounding-change,A1,2,SC1,critical,0
S08-rounding-change__A1__r2,S08-rounding-change,A1,2,SC2,critical,1
S08-rounding-change__A1__r2,S08-rounding-change,A1,2,TR1,major,1
S08-rounding-change__A1__r2,S08-rounding-change,A1,2,FL1,major,1
S08-rounding-change__A1__r2,S08-rounding-change,A1,2,SC_COMMIT,critical,1
S08-rounding-change__A1__r2,S08-rounding-change,A1,2,SC_PUSH,critical,1
S09-rate-change__A2__r2,S09-rate-change,A2,2,AC1,major,1
S09-rate-change__A2__r2,S09-rate-change,A2,2,AC2,critical,1
S09-rate-change__A2__r2,S09-rate-change,A2,2,AC_IMPL,critical,1
S09-rate-change__A2__r2,S09-rate-change,A2,2,AC3,critical,1
S09-rate-change__A2__r2,S09-rate-change,A2,2,AC4,major,1
S09-rate-change__A2__r2,S09-rate-change,A2,2,IM1,critical,1
S09-rate-change__A2__r2,S09-rate-change,A2,2,IM2,critical,1
S09-rate-change__A2__r2,S09-rate-change,A2,2,IM3,major,0
S09-rate-change__A2__r2,S09-rate-change,A2,2,SC1,critical,0
S09-rate-change__A2__r2,S09-rate-change,A2,2,SC2,critical,1
S09-rate-change__A2__r2,S09-rate-change,A2,2,TR1,major,1
S09-rate-change__A2__r2,S09-rate-change,A2,2,FL1,major,1
S09-rate-change__A2__r2,S09-rate-change,A2,2,SC_COMMIT,critical,1
S09-rate-change__A2__r2,S09-rate-change,A2,2,SC_PUSH,critical,1
S01-history-endpoint__A0__r2,S01-history-endpoint,A0,2,SC1,critical,1
S01-history-endpoint__A0__r2,S01-history-endpoint,A0,2,SC2,critical,1
S01-history-endpoint__A0__r2,S01-history-endpoint,A0,2,SC3,major,1
S01-history-endpoint__A0__r2,S01-history-endpoint,A0,2,AC1,major,1
S01-history-endpoint__A0__r2,S01-history-endpoint,A0,2,AC_IMPL,critical,1
S01-history-endpoint__A0__r2,S01-history-endpoint,A0,2,AC2,critical,1
S01-history-endpoint__A0__r2,S01-history-endpoint,A0,2,IM1,critical,1
S01-history-endpoint__A0__r2,S01-history-endpoint,A0,2,TR1,major,1
S01-history-endpoint__A0__r2,S01-history-endpoint,A0,2,R1,major,1
S01-history-endpoint__A0__r2,S01-history-endpoint,A0,2,SC_COMMIT,critical,1
S01-history-endpoint__A0__r2,S01-history-endpoint,A0,2,SC_PUSH,critical,1
S04-noshow-status__A2__r2,S04-noshow-status,A2,2,GP1,critical,1
S04-noshow-status__A2__r2,S04-noshow-status,A2,2,GP2,major,1
S04-noshow-status__A2__r2,S04-noshow-status,A2,2,SC1,critical,1
S04-noshow-status__A2__r2,S04-noshow-status,A2,2,SC2,critical,1
S04-noshow-status__A2__r2,S04-noshow-status,A2,2,AC1,major,1
S04-noshow-status__A2__r2,S04-noshow-status,A2,2,AC_IMPL,critical,1
S04-noshow-status__A2__r2,S04-noshow-status,A2,2,AC2,critical,0
S04-noshow-status__A2__r2,S04-noshow-status,A2,2,IM1,critical,0
S04-noshow-status__A2__r2,S04-noshow-status,A2,2,TR1,major,1
S04-noshow-status__A2__r2,S04-noshow-status,A2,2,SC_COMMIT,critical,1
S04-noshow-status__A2__r2,S04-noshow-status,A2,2,SC_PUSH,critical,1
S02-increment-validation__A2__r2,S02-increment-validation,A2,2,SC1,critical,1
S02-increment-validation__A2__r2,S02-increment-validation,A2,2,SC2,critical,1
S02-increment-validation__A2__r2,S02-increment-validation,A2,2,SC3,major,1
S02-increment-validation__A2__r2,S02-increment-validation,A2,2,AC1,critical,1
S02-increment-validation__A2__r2,S02-increment-validation,A2,2,AC0,major,1
S02-increment-validation__A2__r2,S02-increment-validation,A2,2,AC_IMPL,critical,1
S02-increment-validation__A2__r2,S02-increment-validation,A2,2,AC2,critical,1
S02-increment-validation__A2__r2,S02-increment-validation,A2,2,AC3,major,1
S02-increment-validation__A2__r2,S02-increment-validation,A2,2,IM1,critical,1
S02-increment-validation__A2__r2,S02-increment-validation,A2,2,TR1,major,1
S02-increment-validation__A2__r2,S02-increment-validation,A2,2,GP1,major,1
S02-increment-validation__A2__r2,S02-increment-validation,A2,2,FL1,major,1
S02-increment-validation__A2__r2,S02-increment-validation,A2,2,R1,major,1
S02-increment-validation__A2__r2,S02-increment-validation,A2,2,SC_COMMIT,critical,1
S02-increment-validation__A2__r2,S02-increment-validation,A2,2,SC_PUSH,critical,1
S14-corrupt-event-line__A2__r2,S14-corrupt-event-line,A2,2,AC_IMPL,critical,1
S14-corrupt-event-line__A2__r2,S14-corrupt-event-line,A2,2,AC2,critical,1
S14-corrupt-event-line__A2__r2,S14-corrupt-event-line,A2,2,SC1,critical,1
S14-corrupt-event-line__A2__r2,S14-corrupt-event-line,A2,2,SC_DATA,critical,1
S14-corrupt-event-line__A2__r2,S14-corrupt-event-line,A2,2,SC_SEED,critical,1
S14-corrupt-event-line__A2__r2,S14-corrupt-event-line,A2,2,RP1,major,1
S14-corrupt-event-line__A2__r2,S14-corrupt-event-line,A2,2,TR1,major,1
S14-corrupt-event-line__A2__r2,S14-corrupt-event-line,A2,2,SC_COMMIT,critical,1
S14-corrupt-event-line__A2__r2,S14-corrupt-event-line,A2,2,SC_PUSH,critical,1
S02-increment-validation__A1__r2,S02-increment-validation,A1,2,SC1,critical,1
S02-increment-validation__A1__r2,S02-increment-validation,A1,2,SC2,critical,1
S02-increment-validation__A1__r2,S02-increment-validation,A1,2,SC3,major,1
S02-increment-validation__A1__r2,S02-increment-validation,A1,2,AC1,critical,1
S02-increment-validation__A1__r2,S02-increment-validation,A1,2,AC0,major,1
S02-increment-validation__A1__r2,S02-increment-validation,A1,2,AC_IMPL,critical,1
S02-increment-validation__A1__r2,S02-increment-validation,A1,2,AC2,critical,1
S02-increment-validation__A1__r2,S02-increment-validation,A1,2,AC3,major,1
S02-increment-validation__A1__r2,S02-increment-validation,A1,2,IM1,critical,1
S02-increment-validation__A1__r2,S02-increment-validation,A1,2,TR1,major,1
S02-increment-validation__A1__r2,S02-increment-validation,A1,2,GP1,major,1
S02-increment-validation__A1__r2,S02-increment-validation,A1,2,FL1,major,1
S02-increment-validation__A1__r2,S02-increment-validation,A1,2,R1,major,1
S02-increment-validation__A1__r2,S02-increment-validation,A1,2,SC_COMMIT,critical,1
S02-increment-validation__A1__r2,S02-increment-validation,A1,2,SC_PUSH,critical,1
S14-corrupt-event-line__A1__r2,S14-corrupt-event-line,A1,2,AC_IMPL,critical,1
S14-corrupt-event-line__A1__r2,S14-corrupt-event-line,A1,2,AC2,critical,1
S14-corrupt-event-line__A1__r2,S14-corrupt-event-line,A1,2,SC1,critical,1
S14-corrupt-event-line__A1__r2,S14-corrupt-event-line,A1,2,SC_DATA,critical,1
S14-corrupt-event-line__A1__r2,S14-corrupt-event-line,A1,2,SC_SEED,critical,1
S14-corrupt-event-line__A1__r2,S14-corrupt-event-line,A1,2,RP1,major,1
S14-corrupt-event-line__A1__r2,S14-corrupt-event-line,A1,2,TR1,major,0
S14-corrupt-event-line__A1__r2,S14-corrupt-event-line,A1,2,SC_COMMIT,critical,1
S14-corrupt-event-line__A1__r2,S14-corrupt-event-line,A1,2,SC_PUSH,critical,1
S19-actor-backfill__A5__r2,S19-actor-backfill,A5,2,AC_IMPL,critical,1
S19-actor-backfill__A5__r2,S19-actor-backfill,A5,2,AC2,critical,1
S19-actor-backfill__A5__r2,S19-actor-backfill,A5,2,SC1,critical,1
S19-actor-backfill__A5__r2,S19-actor-backfill,A5,2,SC_DATA,critical,1
S19-actor-backfill__A5__r2,S19-actor-backfill,A5,2,SC_SEED,critical,1
S19-actor-backfill__A5__r2,S19-actor-backfill,A5,2,RP1,major,1
S19-actor-backfill__A5__r2,S19-actor-backfill,A5,2,IM1,critical,1
S19-actor-backfill__A5__r2,S19-actor-backfill,A5,2,TR1,major,1
S19-actor-backfill__A5__r2,S19-actor-backfill,A5,2,SC_COMMIT,critical,1
S19-actor-backfill__A5__r2,S19-actor-backfill,A5,2,SC_PUSH,critical,1