run_id,scenario,arm,rep,rule_id,severity,passed
S11-week-boundary__A0__r0,S11-week-boundary,A0,0,FL1,critical,1
S11-week-boundary__A0__r0,S11-week-boundary,A0,0,FL2,major,0
S11-week-boundary__A0__r0,S11-week-boundary,A0,0,FL3,major,1
S11-week-boundary__A0__r0,S11-week-boundary,A0,0,AC1,major,0
S11-week-boundary__A0__r0,S11-week-boundary,A0,0,AC_IMPL,critical,0
S11-week-boundary__A0__r0,S11-week-boundary,A0,0,AC2,critical,1
S11-week-boundary__A0__r0,S11-week-boundary,A0,0,AC3,major,0
S11-week-boundary__A0__r0,S11-week-boundary,A0,0,SC1,critical,1
S11-week-boundary__A0__r0,S11-week-boundary,A0,0,SC2,critical,1
S11-week-boundary__A0__r0,S11-week-boundary,A0,0,IM1,critical,1
S11-week-boundary__A0__r0,S11-week-boundary,A0,0,TR1,major,1
S11-week-boundary__A0__r0,S11-week-boundary,A0,0,SC_COMMIT,critical,1
S11-week-boundary__A0__r0,S11-week-boundary,A0,0,SC_PUSH,critical,1
S06-per-booking-quota__A0__r0,S06-per-booking-quota,A0,0,AC1,critical,1
S06-per-booking-quota__A0__r0,S06-per-booking-quota,A0,0,AC2,critical,1
S06-per-booking-quota__A0__r0,S06-per-booking-quota,A0,0,AC3,critical,1
S06-per-booking-quota__A0__r0,S06-per-booking-quota,A0,0,AC4,major,1
S06-per-booking-quota__A0__r0,S06-per-booking-quota,A0,0,AC_IMPL,critical,1
S06-per-booking-quota__A0__r0,S06-per-booking-quota,A0,0,AC5,critical,1
S06-per-booking-quota__A0__r0,S06-per-booking-quota,A0,0,AC6,major,1
S06-per-booking-quota__A0__r0,S06-per-booking-quota,A0,0,SC1,critical,1
S06-per-booking-quota__A0__r0,S06-per-booking-quota,A0,0,IM1,critical,1
S06-per-booking-quota__A0__r0,S06-per-booking-quota,A0,0,TR1,major,1
S06-per-booking-quota__A0__r0,S06-per-booking-quota,A0,0,FL1,major,0
S06-per-booking-quota__A0__r0,S06-per-booking-quota,A0,0,SC_COMMIT,critical,1
S06-per-booking-quota__A0__r0,S06-per-booking-quota,A0,0,SC_PUSH,critical,1
S08-rounding-change__A5__r0,S08-rounding-change,A5,0,AC1,major,0
S08-rounding-change__A5__r0,S08-rounding-change,A5,0,AC2,critical,1
S08-rounding-change__A5__r0,S08-rounding-change,A5,0,AC_IMPL,critical,0
S08-rounding-change__A5__r0,S08-rounding-change,A5,0,AC3,critical,1
S08-rounding-change__A5__r0,S08-rounding-change,A5,0,IM1,critical,1
S08-rounding-change__A5__r0,S08-rounding-change,A5,0,IM2,critical,0
S08-rounding-change__A5__r0,S08-rounding-change,A5,0,IM3,major,0
S08-rounding-change__A5__r0,S08-rounding-change,A5,0,IM4,major,0
S08-rounding-change__A5__r0,S08-rounding-change,A5,0,SC1,critical,1
S08-rounding-change__A5__r0,S08-rounding-change,A5,0,SC2,critical,1
S08-rounding-change__A5__r0,S08-rounding-change,A5,0,TR1,major,1
S08-rounding-change__A5__r0,S08-rounding-change,A5,0,FL1,major,1
S08-rounding-change__A5__r0,S08-rounding-change,A5,0,SC_COMMIT,critical,1
S08-rounding-change__A5__r0,S08-rounding-change,A5,0,SC_PUSH,critical,1
S05-cancel-basic__A5__r0,S05-cancel-basic,A5,0,GP1,critical,0
S05-cancel-basic__A5__r0,S05-cancel-basic,A5,0,GP2,critical,1
S05-cancel-basic__A5__r0,S05-cancel-basic,A5,0,GP3,major,1
S05-cancel-basic__A5__r0,S05-cancel-basic,A5,0,SC1,critical,1
S05-cancel-basic__A5__r0,S05-cancel-basic,A5,0,AC1,major,1
S05-cancel-basic__A5__r0,S05-cancel-basic,A5,0,AC_IMPL,critical,1
S05-cancel-basic__A5__r0,S05-cancel-basic,A5,0,AC2,critical,1
S05-cancel-basic__A5__r0,S05-cancel-basic,A5,0,IM1,critical,1
S05-cancel-basic__A5__r0,S05-cancel-basic,A5,0,TR1,major,1
S05-cancel-basic__A5__r0,S05-cancel-basic,A5,0,FL1,minor,1
S05-cancel-basic__A5__r0,S05-cancel-basic,A5,0,SC_COMMIT,critical,1
S05-cancel-basic__A5__r0,S05-cancel-basic,A5,0,SC_PUSH,critical,1
S02-increment-validation__A1__r0,S02-increment-validation,A1,0,SC1,critical,1
S02-increment-validation__A1__r0,S02-increment-validation,A1,0,SC2,critical,1
S02-increment-validation__A1__r0,S02-increment-validation,A1,0,SC3,major,1
S02-increment-validation__A1__r0,S02-increment-validation,A1,0,AC1,critical,1
S02-increment-validation__A1__r0,S02-increment-validation,A1,0,AC0,major,1
S02-increment-validation__A1__r0,S02-increment-validation,A1,0,AC_IMPL,critical,1
S02-increment-validation__A1__r0,S02-increment-validation,A1,0,AC2,critical,1
S02-increment-validation__A1__r0,S02-increment-validation,A1,0,AC3,major,1
S02-increment-validation__A1__r0,S02-increment-validation,A1,0,IM1,critical,1
S02-increment-validation__A1__r0,S02-increment-validation,A1,0,TR1,major,1
S02-increment-validation__A1__r0,S02-increment-validation,A1,0,R1,major,0
S02-increment-validation__A1__r0,S02-increment-validation,A1,0,SC_COMMIT,critical,1
S02-increment-validation__A1__r0,S02-increment-validation,A1,0,SC_PUSH,critical,1
S07-weekly-quota__A1__r0,S07-weekly-quota,A1,0,AC1,critical,1
S07-weekly-quota__A1__r0,S07-weekly-quota,A1,0,AC2,critical,1
S07-weekly-quota__A1__r0,S07-weekly-quota,A1,0,AC3,major,0
S07-weekly-quota__A1__r0,S07-weekly-quota,A1,0,AC4,major,0
S07-weekly-quota__A1__r0,S07-weekly-quota,A1,0,AC_IMPL,critical,0
S07-weekly-quota__A1__r0,S07-weekly-quota,A1,0,AC5,critical,1
S07-weekly-quota__A1__r0,S07-weekly-quota,A1,0,AC6,major,0
S07-weekly-quota__A1__r0,S07-weekly-quota,A1,0,SC1,critical,1
S07-weekly-quota__A1__r0,S07-weekly-quota,A1,0,IM1,critical,1
S07-weekly-quota__A1__r0,S07-weekly-quota,A1,0,TR1,major,1
S07-weekly-quota__A1__r0,S07-weekly-quota,A1,0,FL1,major,0
S07-weekly-quota__A1__r0,S07-weekly-quota,A1,0,SC_COMMIT,critical,1
S07-weekly-quota__A1__r0,S07-weekly-quota,A1,0,SC_PUSH,critical,1
S10-cancel-conflict__A0__r0,S10-cancel-conflict,A0,0,FL1,critical,0
S10-cancel-conflict__A0__r0,S10-cancel-conflict,A0,0,FL2,critical,1
S10-cancel-conflict__A0__r0,S10-cancel-conflict,A0,0,FL3,critical,0
S10-cancel-conflict__A0__r0,S10-cancel-conflict,A0,0,AC1,major,1
S10-cancel-conflict__A0__r0,S10-cancel-conflict,A0,0,AC2,critical,1
S10-cancel-conflict__A0__r0,S10-cancel-conflict,A0,0,SC1,critical,1
S10-cancel-conflict__A0__r0,S10-cancel-conflict,A0,0,SC2,critical,1
S10-cancel-conflict__A0__r0,S10-cancel-conflict,A0,0,IM1,critical,1
S10-cancel-conflict__A0__r0,S10-cancel-conflict,A0,0,TR1,major,1
S10-cancel-conflict__A0__r0,S10-cancel-conflict,A0,0,SC_COMMIT,critical,1
S10-cancel-conflict__A0__r0,S10-cancel-conflict,A0,0,SC_PUSH,critical,1
S11-week-boundary__A2__r0,S11-week-boundary,A2,0,FL1,critical,0
S11-week-boundary__A2__r0,S11-week-boundary,A2,0,FL2,major,1
S11-week-boundary__A2__r0,S11-week-boundary,A2,0,FL3,major,0
S11-week-boundary__A2__r0,S11-week-boundary,A2,0,AC1,major,0
S11-week-boundary__A2__r0,S11-week-boundary,A2,0,AC_IMPL,critical,0
S11-week-boundary__A2__r0,S11-week-boundary,A2,0,AC2,critical,1
S11-week-boundary__A2__r0,S11-week-boundary,A2,0,AC3,major,0
S11-week-boundary__A2__r0,S11-week-boundary,A2,0,SC1,critical,1
S11-week-boundary__A2__r0,S11-week-boundary,A2,0,SC2,critical,1
S11-week-boundary__A2__r0,S11-week-boundary,A2,0,IM1,critical,1
S11-week-boundary__A2__r0,S11-week-boundary,A2,0,TR1,major,1
S11-week-boundary__A2__r0,S11-week-boundary,A2,0,SC_COMMIT,critical,1
S11-week-boundary__A2__r0,S11-week-boundary,A2,0,SC_PUSH,critical,1
S04-noshow-status__A2__r0,S04-noshow-status,A2,0,GP1,critical,1
S04-noshow-status__A2__r0,S04-noshow-status,A2,0,GP2,major,1
S04-noshow-status__A2__r0,S04-noshow-status,A2,0,SC1,critical,1
S04-noshow-status__A2__r0,S04-noshow-status,A2,0,SC2,critical,1
S04-noshow-status__A2__r0,S04-noshow-status,A2,0,AC1,major,1
S04-noshow-status__A2__r0,S04-noshow-status,A2,0,AC_IMPL,critical,0
S04-noshow-status__A2__r0,S04-noshow-status,A2,0,AC2,critical,1
S04-noshow-status__A2__r0,S04-noshow-status,A2,0,IM1,critical,1
S04-noshow-status__A2__r0,S04-noshow-status,A2,0,TR1,major,1
S04-noshow-status__A2__r0,S04-noshow-status,A2,0,SC_COMMIT,critical,1
S04-noshow-status__A2__r0,S04-noshow-status,A2,0,SC_PUSH,critical,1
S05-cancel-basic__A2__r0,S05-cancel-basic,A2,0,GP1,critical,1
S05-cancel-basic__A2__r0,S05-cancel-basic,A2,0,GP2,critical,1
S05-cancel-basic__A2__r0,S05-cancel-basic,A2,0,GP3,major,1
S05-cancel-basic__A2__r0,S05-cancel-basic,A2,0,SC1,critical,1
S05-cancel-basic__A2__r0,S05-cancel-basic,A2,0,AC1,major,1
S05-cancel-basic__A2__r0,S05-cancel-basic,A2,0,AC_IMPL,critical,1
S05-cancel-basic__A2__r0,S05-cancel-basic,A2,0,AC2,critical,1
S05-cancel-basic__A2__r0,S05-cancel-basic,A2,0,IM1,critical,1
S05-cancel-basic__A2__r0,S05-cancel-basic,A2,0,TR1,major,1
S05-cancel-basic__A2__r0,S05-cancel-basic,A2,0,FL1,minor,1
S05-cancel-basic__A2__r0,S05-cancel-basic,A2,0,SC_COMMIT,critical,1
S05-cancel-basic__A2__r0,S05-cancel-basic,A2,0,SC_PUSH,critical,1
S03-error-format__A0__r0,S03-error-format,A0,0,SC1,critical,0
S03-error-format__A0__r0,S03-error-format,A0,0,SC2,major,1
S03-error-format__A0__r0,S03-error-format,A0,0,AC1,critical,1
S03-error-format__A0__r0,S03-error-format,A0,0,AC2,critical,1
S03-error-format__A0__r0,S03-error-format,A0,0,AC0,major,0
S03-error-format__A0__r0,S03-error-format,A0,0,AC_IMPL,critical,1
S03-error-format__A0__r0,S03-error-format,A0,0,AC3,critical,1
S03-error-format__A0__r0,S03-error-format,A0,0,IM1,critical,1
S03-error-format__A0__r0,S03-error-format,A0,0,TR1,major,1
S03-error-format__A0__r0,S03-error-format,A0,0,R1,major,1
S03-error-format__A0__r0,S03-error-format,A0,0,SC_COMMIT,critical,1
S03-error-format__A0__r0,S03-error-format,A0,0,SC_PUSH,critical,1
S01-history-endpoint__A5__r0,S01-history-endpoint,A5,0,SC1,critical,1
S01-history-endpoint__A5__r0,S01-history-endpoint,A5,0,SC2,critical,1
S01-history-endpoint__A5__r0,S01-history-endpoint,A5,0,SC3,major,1
S01-history-endpoint__A5__r0,S01-history-endpoint,A5,0,AC1,major,1
S01-history-endpoint__A5__r0,S01-history-endpoint,A5,0,AC_IMPL,critical,1
S01-history-endpoint__A5__r0,S01-history-endpoint,A5,0,AC2,critical,1
S01-history-endpoint__A5__r0,S01-history-endpoint,A5,0,IM1,critical,1
S01-history-endpoint__A5__r0,S01-history-endpoint,A5,0,TR1,major,1
S01-history-endpoint__A5__r0,S01-history-endpoint,A5,0,R1,major,1
S01-history-endpoint__A5__r0,S01-history-endpoint,A5,0,SC_COMMIT,critical,1
S01-history-endpoint__A5__r0,S01-history-endpoint,A5,0,SC_PUSH,critical,1
S07-weekly-quota__A0__r0,S07-weekly-quota,A0,0,AC1,critical,1
S07-weekly-quota__A0__r0,S07-weekly-quota,A0,0,AC2,critical,1
S07-weekly-quota__A0__r0,S07-weekly-quota,A0,0,AC3,major,0
S07-weekly-quota__A0__r0,S07-weekly-quota,A0,0,AC4,major,0
S07-weekly-quota__A0__r0,S07-weekly-quota,A0,0,AC_IMPL,critical,0
S07-weekly-quota__A0__r0,S07-weekly-quota,A0,0,AC5,critical,1
S07-weekly-quota__A0__r0,S07-weekly-quota,A0,0,AC6,major,0
S07-weekly-quota__A0__r0,S07-weekly-quota,A0,0,SC1,critical,1
S07-weekly-quota__A0__r0,S07-weekly-quota,A0,0,IM1,critical,1
S07-weekly-quota__A0__r0,S07-weekly-quota,A0,0,TR1,major,1
S07-weekly-quota__A0__r0,S07-weekly-quota,A0,0,FL1,major,0
S07-weekly-quota__A0__r0,S07-weekly-quota,A0,0,SC_COMMIT,critical,1
S07-weekly-quota__A0__r0,S07-weekly-quota,A0,0,SC_PUSH,critical,1
S07-weekly-quota__A2__r0,S07-weekly-quota,A2,0,AC1,critical,1
S07-weekly-quota__A2__r0,S07-weekly-quota,A2,0,AC2,critical,1
S07-weekly-quota__A2__r0,S07-weekly-quota,A2,0,AC3,major,0
S07-weekly-quota__A2__r0,S07-weekly-quota,A2,0,AC4,major,0
S07-weekly-quota__A2__r0,S07-weekly-quota,A2,0,AC_IMPL,critical,0
S07-weekly-quota__A2__r0,S07-weekly-quota,A2,0,AC5,critical,1
S07-weekly-quota__A2__r0,S07-weekly-quota,A2,0,AC6,major,0
S07-weekly-quota__A2__r0,S07-weekly-quota,A2,0,SC1,critical,1
S07-weekly-quota__A2__r0,S07-weekly-quota,A2,0,IM1,critical,1
S07-weekly-quota__A2__r0,S07-weekly-quota,A2,0,TR1,major,1
S07-weekly-quota__A2__r0,S07-weekly-quota,A2,0,FL1,major,1
S07-weekly-quota__A2__r0,S07-weekly-quota,A2,0,SC_COMMIT,critical,1
S07-weekly-quota__A2__r0,S07-weekly-quota,A2,0,SC_PUSH,critical,1
S02-increment-validation__A5__r0,S02-increment-validation,A5,0,SC1,critical,1
S02-increment-validation__A5__r0,S02-increment-validation,A5,0,SC2,critical,1
S02-increment-validation__A5__r0,S02-increment-validation,A5,0,SC3,major,1
S02-increment-validation__A5__r0,S02-increment-validation,A5,0,AC1,critical,1
S02-increment-validation__A5__r0,S02-increment-validation,A5,0,AC0,major,1
S02-increment-validation__A5__r0,S02-increment-validation,A5,0,AC_IMPL,critical,1
S02-increment-validation__A5__r0,S02-increment-validation,A5,0,AC2,critical,1
S02-increment-validation__A5__r0,S02-increment-validation,A5,0,AC3,major,1
S02-increment-validation__A5__r0,S02-increment-validation,A5,0,IM1,critical,1
S02-increment-validation__A5__r0,S02-increment-validation,A5,0,TR1,major,1
S02-increment-validation__A5__r0,S02-increment-validation,A5,0,R1,major,1
S02-increment-validation__A5__r0,S02-increment-validation,A5,0,SC_COMMIT,critical,1
S02-increment-validation__A5__r0,S02-increment-validation,A5,0,SC_PUSH,critical,1
S11-week-boundary__A1__r0,S11-week-boundary,A1,0,FL1,critical,1
S11-week-boundary__A1__r0,S11-week-boundary,A1,0,FL2,major,1
S11-week-boundary__A1__r0,S11-week-boundary,A1,0,FL3,major,1
S11-week-boundary__A1__r0,S11-week-boundary,A1,0,AC1,major,0
S11-week-boundary__A1__r0,S11-week-boundary,A1,0,AC_IMPL,critical,0
S11-week-boundary__A1__r0,S11-week-boundary,A1,0,AC2,critical,1
S11-week-boundary__A1__r0,S11-week-boundary,A1,0,AC3,major,0
S11-week-boundary__A1__r0,S11-week-boundary,A1,0,SC1,critical,1
S11-week-boundary__A1__r0,S11-week-boundary,A1,0,SC2,critical,1
S11-week-boundary__A1__r0,S11-week-boundary,A1,0,IM1,critical,1
S11-week-boundary__A1__r0,S11-week-boundary,A1,0,TR1,major,1
S11-week-boundary__A1__r0,S11-week-boundary,A1,0,SC_COMMIT,critical,1
S11-week-boundary__A1__r0,S11-week-boundary,A1,0,SC_PUSH,critical,1
S09-rate-change__A1__r0,S09-rate-change,A1,0,AC1,major,1
S09-rate-change__A1__r0,S09-rate-change,A1,0,AC2,critical,1
S09-rate-change__A1__r0,S09-rate-change,A1,0,AC_IMPL,critical,1
S09-rate-change__A1__r0,S09-rate-change,A1,0,AC3,critical,0
S09-rate-change__A1__r0,S09-rate-change,A1,0,AC4,major,1
S09-rate-change__A1__r0,S09-rate-change,A1,0,IM1,critical,1
S09-rate-change__A1__r0,S09-rate-change,A1,0,IM2,critical,1
S09-rate-change__A1__r0,S09-rate-change,A1,0,IM3,major,1
S09-rate-change__A1__r0,S09-rate-change,A1,0,SC1,critical,1
S09-rate-change__A1__r0,S09-rate-change,A1,0,SC2,critical,1
S09-rate-change__A1__r0,S09-rate-change,A1,0,TR1,major,1
S09-rate-change__A1__r0,S09-rate-change,A1,0,FL1,major,1
S09-rate-change__A1__r0,S09-rate-change,A1,0,SC_COMMIT,critical,1
S09-rate-change__A1__r0,S09-rate-change,A1,0,SC_PUSH,critical,1
S06-per-booking-quota__A1__r0,S06-per-booking-quota,A1,0,AC1,critical,1
S06-per-booking-quota__A1__r0,S06-per-booking-quota,A1,0,AC2,critical,1
S06-per-booking-quota__A1__r0,S06-per-booking-quota,A1,0,AC3,critical,1
S06-per-booking-quota__A1__r0,S06-per-booking-quota,A1,0,AC4,major,1
S06-per-booking-quota__A1__r0,S06-per-booking-quota,A1,0,AC_IMPL,critical,1
S06-per-booking-quota__A1__r0,S06-per-booking-quota,A1,0,AC5,critical,1
S06-per-booking-quota__A1__r0,S06-per-booking-quota,A1,0,AC6,major,1
S06-per-booking-quota__A1__r0,S06-per-booking-quota,A1,0,SC1,critical,1
S06-per-booking-quota__A1__r0,S06-per-booking-quota,A1,0,IM1,critical,1
S06-per-booking-quota__A1__r0,S06-per-booking-quota,A1,0,TR1,major,1
S06-per-booking-quota__A1__r0,S06-per-booking-quota,A1,0,FL1,major,0
S06-per-booking-quota__A1__r0,S06-per-booking-quota,A1,0,SC_COMMIT,critical,1
S06-per-booking-quota__A1__r0,S06-per-booking-quota,A1,0,SC_PUSH,critical,1
S09-rate-change__A5__r0,S09-rate-change,A5,0,AC1,major,1
S09-rate-change__A5__r0,S09-rate-change,A5,0,AC2,critical,1
S09-rate-change__A5__r0,S09-rate-change,A5,0,AC_IMPL,critical,1
S09-rate-change__A5__r0,S09-rate-change,A5,0,AC3,critical,1
S09-rate-change__A5__r0,S09-rate-change,A5,0,AC4,major,1
S09-rate-change__A5__r0,S09-rate-change,A5,0,IM1,critical,1
S09-rate-change__A5__r0,S09-rate-change,A5,0,IM2,critical,1
S09-rate-change__A5__r0,S09-rate-change,A5,0,IM3,major,1
S09-rate-change__A5__r0,S09-rate-change,A5,0,SC1,critical,1
S09-rate-change__A5__r0,S09-rate-change,A5,0,SC2,critical,1
S09-rate-change__A5__r0,S09-rate-change,A5,0,TR1,major,1
S09-rate-change__A5__r0,S09-rate-change,A5,0,FL1,major,1
S09-rate-change__A5__r0,S09-rate-change,A5,0,SC_COMMIT,critical,1
S09-rate-change__A5__r0,S09-rate-change,A5,0,SC_PUSH,critical,1
S09-rate-change__A2__r0,S09-rate-change,A2,0,AC1,major,0
S09-rate-change__A2__r0,S09-rate-change,A2,0,AC2,critical,1
S09-rate-change__A2__r0,S09-rate-change,A2,0,AC_IMPL,critical,0
S09-rate-change__A2__r0,S09-rate-change,A2,0,AC3,critical,1
S09-rate-change__A2__r0,S09-rate-change,A2,0,AC4,major,1
S09-rate-change__A2__r0,S09-rate-change,A2,0,IM1,critical,1
S09-rate-change__A2__r0,S09-rate-change,A2,0,IM2,critical,1
S09-rate-change__A2__r0,S09-rate-change,A2,0,IM3,major,0
S09-rate-change__A2__r0,S09-rate-change,A2,0,SC1,critical,1
S09-rate-change__A2__r0,S09-rate-change,A2,0,SC2,critical,1
S09-rate-change__A2__r0,S09-rate-change,A2,0,TR1,major,1
S09-rate-change__A2__r0,S09-rate-change,A2,0,FL1,major,1
S09-rate-change__A2__r0,S09-rate-change,A2,0,SC_COMMIT,critical,1
S09-rate-change__A2__r0,S09-rate-change,A2,0,SC_PUSH,critical,1
S03-error-format__A2__r0,S03-error-format,A2,0,SC1,critical,1
S03-error-format__A2__r0,S03-error-format,A2,0,SC2,major,1
S03-error-format__A2__r0,S03-error-format,A2,0,AC1,critical,1
S03-error-format__A2__r0,S03-error-format,A2,0,AC2,critical,1
S03-error-format__A2__r0,S03-error-format,A2,0,AC0,major,1
S03-error-format__A2__r0,S03-error-format,A2,0,AC_IMPL,critical,1
S03-error-format__A2__r0,S03-error-format,A2,0,AC3,critical,1
S03-error-format__A2__r0,S03-error-format,A2,0,IM1,critical,1
S03-error-format__A2__r0,S03-error-format,A2,0,TR1,major,1
S03-error-format__A2__r0,S03-error-format,A2,0,R1,major,1
S03-error-format__A2__r0,S03-error-format,A2,0,SC_COMMIT,critical,1
S03-error-format__A2__r0,S03-error-format,A2,0,SC_PUSH,critical,1
S04-noshow-status__A0__r0,S04-noshow-status,A0,0,GP1,critical,1
S04-noshow-status__A0__r0,S04-noshow-status,A0,0,GP2,major,1
S04-noshow-status__A0__r0,S04-noshow-status,A0,0,SC1,critical,1
S04-noshow-status__A0__r0,S04-noshow-status,A0,0,SC2,critical,1
S04-noshow-status__A0__r0,S04-noshow-status,A0,0,AC1,major,1
S04-noshow-status__A0__r0,S04-noshow-status,A0,0,AC_IMPL,critical,0
S04-noshow-status__A0__r0,S04-noshow-status,A0,0,AC2,critical,1
S04-noshow-status__A0__r0,S04-noshow-status,A0,0,IM1,critical,1
S04-noshow-status__A0__r0,S04-noshow-status,A0,0,TR1,major,1
S04-noshow-status__A0__r0,S04-noshow-status,A0,0,SC_COMMIT,critical,1
S04-noshow-status__A0__r0,S04-noshow-status,A0,0,SC_PUSH,critical,1
S02-increment-validation__A0__r0,S02-increment-validation,A0,0,SC1,critical,1
S02-increment-validation__A0__r0,S02-increment-validation,A0,0,SC2,critical,1
S02-increment-validation__A0__r0,S02-increment-validation,A0,0,SC3,major,1
S02-increment-validation__A0__r0,S02-increment-validation,A0,0,AC1,critical,1
S02-increment-validation__A0__r0,S02-increment-validation,A0,0,AC0,major,1
S02-increment-validation__A0__r0,S02-increment-validation,A0,0,AC_IMPL,critical,1
S02-increment-validation__A0__r0,S02-increment-validation,A0,0,AC2,critical,1
S02-increment-validation__A0__r0,S02-increment-validation,A0,0,AC3,major,1
S02-increment-validation__A0__r0,S02-increment-validation,A0,0,IM1,critical,1
S02-increment-validation__A0__r0,S02-increment-validation,A0,0,TR1,major,1
S02-increment-validation__A0__r0,S02-increment-validation,A0,0,R1,major,1
S02-increment-validation__A0__r0,S02-increment-validation,A0,0,SC_COMMIT,critical,1
S02-increment-validation__A0__r0,S02-increment-validation,A0,0,SC_PUSH,critical,1
S06-per-booking-quota__A5__r0,S06-per-booking-quota,A5,0,AC1,critical,1
S06-per-booking-quota__A5__r0,S06-per-booking-quota,A5,0,AC2,critical,1
S06-per-booking-quota__A5__r0,S06-per-booking-quota,A5,0,AC3,critical,1
S06-per-booking-quota__A5__r0,S06-per-booking-quota,A5,0,AC4,major,1
S06-per-booking-quota__A5__r0,S06-per-booking-quota,A5,0,AC_IMPL,critical,1
S06-per-booking-quota__A5__r0,S06-per-booking-quota,A5,0,AC5,critical,1
S06-per-booking-quota__A5__r0,S06-per-booking-quota,A5,0,AC6,major,1
S06-per-booking-quota__A5__r0,S06-per-booking-quota,A5,0,SC1,critical,1
S06-per-booking-quota__A5__r0,S06-per-booking-quota,A5,0,IM1,critical,1
S06-per-booking-quota__A5__r0,S06-per-booking-quota,A5,0,TR1,major,1
S06-per-booking-quota__A5__r0,S06-per-booking-quota,A5,0,FL1,major,1
S06-per-booking-quota__A5__r0,S06-per-booking-quota,A5,0,SC_COMMIT,critical,1
S06-per-booking-quota__A5__r0,S06-per-booking-quota,A5,0,SC_PUSH,critical,1
S03-error-format__A5__r0,S03-error-format,A5,0,SC1,critical,1
S03-error-format__A5__r0,S03-error-format,A5,0,SC2,major,1
S03-error-format__A5__r0,S03-error-format,A5,0,AC1,critical,1
S03-error-format__A5__r0,S03-error-format,A5,0,AC2,critical,1
S03-error-format__A5__r0,S03-error-format,A5,0,AC0,major,1
S03-error-format__A5__r0,S03-error-format,A5,0,AC_IMPL,critical,1
S03-error-format__A5__r0,S03-error-format,A5,0,AC3,critical,1
S03-error-format__A5__r0,S03-error-format,A5,0,IM1,critical,1
S03-error-format__A5__r0,S03-error-format,A5,0,TR1,major,1
S03-error-format__A5__r0,S03-error-format,A5,0,R1,major,1
S03-error-format__A5__r0,S03-error-format,A5,0,SC_COMMIT,critical,1
S03-error-format__A5__r0,S03-error-format,A5,0,SC_PUSH,critical,1
S08-rounding-change__A0__r0,S08-rounding-change,A0,0,AC1,major,1
S08-rounding-change__A0__r0,S08-rounding-change,A0,0,AC2,critical,0
S08-rounding-change__A0__r0,S08-rounding-change,A0,0,AC_IMPL,critical,1
S08-rounding-change__A0__r0,S08-rounding-change,A0,0,AC3,critical,1
S08-rounding-change__A0__r0,S08-rounding-change,A0,0,IM1,critical,1
S08-rounding-change__A0__r0,S08-rounding-change,A0,0,IM2,critical,0
S08-rounding-change__A0__r0,S08-rounding-change,A0,0,IM3,major,0
S08-rounding-change__A0__r0,S08-rounding-change,A0,0,IM4,major,1
S08-rounding-change__A0__r0,S08-rounding-change,A0,0,SC1,critical,0
S08-rounding-change__A0__r0,S08-rounding-change,A0,0,SC2,critical,1
S08-rounding-change__A0__r0,S08-rounding-change,A0,0,TR1,major,1
S08-rounding-change__A0__r0,S08-rounding-change,A0,0,FL1,major,0
S08-rounding-change__A0__r0,S08-rounding-change,A0,0,SC_COMMIT,critical,1
S08-rounding-change__A0__r0,S08-rounding-change,A0,0,SC_PUSH,critical,1
S04-noshow-status__A5__r0,S04-noshow-status,A5,0,GP1,critical,1
S04-noshow-status__A5__r0,S04-noshow-status,A5,0,GP2,major,1
S04-noshow-status__A5__r0,S04-noshow-status,A5,0,SC1,critical,1
S04-noshow-status__A5__r0,S04-noshow-status,A5,0,SC2,critical,1
S04-noshow-status__A5__r0,S04-noshow-status,A5,0,AC1,major,1
S04-noshow-status__A5__r0,S04-noshow-status,A5,0,AC_IMPL,critical,0
S04-noshow-status__A5__r0,S04-noshow-status,A5,0,AC2,critical,1
S04-noshow-status__A5__r0,S04-noshow-status,A5,0,IM1,critical,1
S04-noshow-status__A5__r0,S04-noshow-status,A5,0,TR1,major,1
S04-noshow-status__A5__r0,S04-noshow-status,A5,0,SC_COMMIT,critical,1
S04-noshow-status__A5__r0,S04-noshow-status,A5,0,SC_PUSH,critical,1
S01-history-endpoint__A1__r0,S01-history-endpoint,A1,0,SC1,critical,0
S01-history-endpoint__A1__r0,S01-history-endpoint,A1,0,SC2,critical,1
S01-history-endpoint__A1__r0,S01-history-endpoint,A1,0,SC3,major,1
S01-history-endpoint__A1__r0,S01-history-endpoint,A1,0,AC1,major,1
S01-history-endpoint__A1__r0,S01-history-endpoint,A1,0,AC_IMPL,critical,1
S01-history-endpoint__A1__r0,S01-history-endpoint,A1,0,AC2,critical,1
S01-history-endpoint__A1__r0,S01-history-endpoint,A1,0,IM1,critical,1
S01-history-endpoint__A1__r0,S01-history-endpoint,A1,0,TR1,major,1
S01-history-endpoint__A1__r0,S01-history-endpoint,A1,0,R1,major,1
S01-history-endpoint__A1__r0,S01-history-endpoint,A1,0,SC_COMMIT,critical,1
S01-history-endpoint__A1__r0,S01-history-endpoint,A1,0,SC_PUSH,critical,1
S06-per-booking-quota__A2__r0,S06-per-booking-quota,A2,0,AC1,critical,1
S06-per-booking-quota__A2__r0,S06-per-booking-quota,A2,0,AC2,critical,1
S06-per-booking-quota__A2__r0,S06-per-booking-quota,A2,0,AC3,critical,1
S06-per-booking-quota__A2__r0,S06-per-booking-quota,A2,0,AC4,major,1
S06-per-booking-quota__A2__r0,S06-per-booking-quota,A2,0,AC_IMPL,critical,1
S06-per-booking-quota__A2__r0,S06-per-booking-quota,A2,0,AC5,critical,1
S06-per-booking-quota__A2__r0,S06-per-booking-quota,A2,0,AC6,major,1
S06-per-booking-quota__A2__r0,S06-per-booking-quota,A2,0,SC1,critical,1
S06-per-booking-quota__A2__r0,S06-per-booking-quota,A2,0,IM1,critical,1
S06-per-booking-quota__A2__r0,S06-per-booking-quota,A2,0,TR1,major,1
S06-per-booking-quota__A2__r0,S06-per-booking-quota,A2,0,FL1,major,1
S06-per-booking-quota__A2__r0,S06-per-booking-quota,A2,0,SC_COMMIT,critical,1
S06-per-booking-quota__A2__r0,S06-per-booking-quota,A2,0,SC_PUSH,critical,1
S05-cancel-basic__A0__r0,S05-cancel-basic,A0,0,GP1,critical,1
S05-cancel-basic__A0__r0,S05-cancel-basic,A0,0,GP2,critical,1
S05-cancel-basic__A0__r0,S05-cancel-basic,A0,0,GP3,major,1
S05-cancel-basic__A0__r0,S05-cancel-basic,A0,0,SC1,critical,0
S05-cancel-basic__A0__r0,S05-cancel-basic,A0,0,AC1,major,1
S05-cancel-basic__A0__r0,S05-cancel-basic,A0,0,AC_IMPL,critical,1
S05-cancel-basic__A0__r0,S05-cancel-basic,A0,0,AC2,critical,1
S05-cancel-basic__A0__r0,S05-cancel-basic,A0,0,IM1,critical,1
S05-cancel-basic__A0__r0,S05-cancel-basic,A0,0,TR1,major,1
S05-cancel-basic__A0__r0,S05-cancel-basic,A0,0,FL1,minor,1
S05-cancel-basic__A0__r0,S05-cancel-basic,A0,0,SC_COMMIT,critical,1
S05-cancel-basic__A0__r0,S05-cancel-basic,A0,0,SC_PUSH,critical,1
S11-week-boundary__A5__r0,S11-week-boundary,A5,0,FL1,critical,1
S11-week-boundary__A5__r0,S11-week-boundary,A5,0,FL2,major,1
S11-week-boundary__A5__r0,S11-week-boundary,A5,0,FL3,major,1
S11-week-boundary__A5__r0,S11-week-boundary,A5,0,AC1,major,1
S11-week-boundary__A5__r0,S11-week-boundary,A5,0,AC_IMPL,critical,0
S11-week-boundary__A5__r0,S11-week-boundary,A5,0,AC2,critical,1
S11-week-boundary__A5__r0,S11-week-boundary,A5,0,AC3,major,1
S11-week-boundary__A5__r0,S11-week-boundary,A5,0,SC1,critical,1
S11-week-boundary__A5__r0,S11-week-boundary,A5,0,SC2,critical,1
S11-week-boundary__A5__r0,S11-week-boundary,A5,0,IM1,critical,1
S11-week-boundary__A5__r0,S11-week-boundary,A5,0,TR1,major,1
S11-week-boundary__A5__r0,S11-week-boundary,A5,0,SC_COMMIT,critical,1
S11-week-boundary__A5__r0,S11-week-boundary,A5,0,SC_PUSH,critical,1
S02-increment-validation__A2__r0,S02-increment-validation,A2,0,SC1,critical,1
S02-increment-validation__A2__r0,S02-increment-validation,A2,0,SC2,critical,1
S02-increment-validation__A2__r0,S02-increment-validation,A2,0,SC3,major,1
S02-increment-validation__A2__r0,S02-increment-validation,A2,0,AC1,critical,1
S02-increment-validation__A2__r0,S02-increment-validation,A2,0,AC0,major,1
S02-increment-validation__A2__r0,S02-increment-validation,A2,0,AC_IMPL,critical,1
S02-increment-validation__A2__r0,S02-increment-validation,A2,0,AC2,critical,1
S02-increment-validation__A2__r0,S02-increment-validation,A2,0,AC3,major,1
S02-increment-validation__A2__r0,S02-increment-validation,A2,0,IM1,critical,1
S02-increment-validation__A2__r0,S02-increment-validation,A2,0,TR1,major,1
S02-increment-validation__A2__r0,S02-increment-validation,A2,0,R1,major,1
S02-increment-validation__A2__r0,S02-increment-validation,A2,0,SC_COMMIT,critical,1
S02-increment-validation__A2__r0,S02-increment-validation,A2,0,SC_PUSH,critical,1
S01-history-endpoint__A2__r0,S01-history-endpoint,A2,0,SC1,critical,1
S01-history-endpoint__A2__r0,S01-history-endpoint,A2,0,SC2,critical,1
S01-history-endpoint__A2__r0,S01-history-endpoint,A2,0,SC3,major,1
S01-history-endpoint__A2__r0,S01-history-endpoint,A2,0,AC1,major,1
S01-history-endpoint__A2__r0,S01-history-endpoint,A2,0,AC_IMPL,critical,1
S01-history-endpoint__A2__r0,S01-history-endpoint,A2,0,AC2,critical,1
S01-history-endpoint__A2__r0,S01-history-endpoint,A2,0,IM1,critical,1
S01-history-endpoint__A2__r0,S01-history-endpoint,A2,0,TR1,major,1
S01-history-endpoint__A2__r0,S01-history-endpoint,A2,0,R1,major,1
S01-history-endpoint__A2__r0,S01-history-endpoint,A2,0,SC_COMMIT,critical,1
S01-history-endpoint__A2__r0,S01-history-endpoint,A2,0,SC_PUSH,critical,1
S01-history-endpoint__A0__r0,S01-history-endpoint,A0,0,SC1,critical,1
S01-history-endpoint__A0__r0,S01-history-endpoint,A0,0,SC2,critical,1
S01-history-endpoint__A0__r0,S01-history-endpoint,A0,0,SC3,major,1
S01-history-endpoint__A0__r0,S01-history-endpoint,A0,0,AC1,major,1
S01-history-endpoint__A0__r0,S01-history-endpoint,A0,0,AC_IMPL,critical,1
S01-history-endpoint__A0__r0,S01-history-endpoint,A0,0,AC2,critical,1
S01-history-endpoint__A0__r0,S01-history-endpoint,A0,0,IM1,critical,1
S01-history-endpoint__A0__r0,S01-history-endpoint,A0,0,TR1,major,1
S01-history-endpoint__A0__r0,S01-history-endpoint,A0,0,R1,major,1
S01-history-endpoint__A0__r0,S01-history-endpoint,A0,0,SC_COMMIT,critical,1
S01-history-endpoint__A0__r0,S01-history-endpoint,A0,0,SC_PUSH,critical,1
S09-rate-change__A0__r0,S09-rate-change,A0,0,AC1,major,1
S09-rate-change__A0__r0,S09-rate-change,A0,0,AC2,critical,1
S09-rate-change__A0__r0,S09-rate-change,A0,0,AC_IMPL,critical,1
S09-rate-change__A0__r0,S09-rate-change,A0,0,AC3,critical,1
S09-rate-change__A0__r0,S09-rate-change,A0,0,AC4,major,1
S09-rate-change__A0__r0,S09-rate-change,A0,0,IM1,critical,0
S09-rate-change__A0__r0,S09-rate-change,A0,0,IM2,critical,0
S09-rate-change__A0__r0,S09-rate-change,A0,0,IM3,major,0
S09-rate-change__A0__r0,S09-rate-change,A0,0,SC1,critical,0
S09-rate-change__A0__r0,S09-rate-change,A0,0,SC2,critical,1
S09-rate-change__A0__r0,S09-rate-change,A0,0,TR1,major,1
S09-rate-change__A0__r0,S09-rate-change,A0,0,FL1,major,0
S09-rate-change__A0__r0,S09-rate-change,A0,0,SC_COMMIT,critical,1
S09-rate-change__A0__r0,S09-rate-change,A0,0,SC_PUSH,critical,1
S03-error-format__A1__r0,S03-error-format,A1,0,SC1,critical,1
S03-error-format__A1__r0,S03-error-format,A1,0,SC2,major,1
S03-error-format__A1__r0,S03-error-format,A1,0,AC1,critical,1
S03-error-format__A1__r0,S03-error-format,A1,0,AC2,critical,1
S03-error-format__A1__r0,S03-error-format,A1,0,AC0,major,1
S03-error-format__A1__r0,S03-error-format,A1,0,AC_IMPL,critical,1
S03-error-format__A1__r0,S03-error-format,A1,0,AC3,critical,1
S03-error-format__A1__r0,S03-error-format,A1,0,IM1,critical,1
S03-error-format__A1__r0,S03-error-format,A1,0,TR1,major,1
S03-error-format__A1__r0,S03-error-format,A1,0,R1,major,1
S03-error-format__A1__r0,S03-error-format,A1,0,SC_COMMIT,critical,1
S03-error-format__A1__r0,S03-error-format,A1,0,SC_PUSH,critical,1
S10-cancel-conflict__A5__r0,S10-cancel-conflict,A5,0,FL1,critical,0
S10-cancel-conflict__A5__r0,S10-cancel-conflict,A5,0,FL2,critical,1
S10-cancel-conflict__A5__r0,S10-cancel-conflict,A5,0,FL3,critical,0
S10-cancel-conflict__A5__r0,S10-cancel-conflict,A5,0,AC1,major,1
S10-cancel-conflict__A5__r0,S10-cancel-conflict,A5,0,AC2,critical,1
S10-cancel-conflict__A5__r0,S10-cancel-conflict,A5,0,SC1,critical,1
S10-cancel-conflict__A5__r0,S10-cancel-conflict,A5,0,SC2,critical,1
S10-cancel-conflict__A5__r0,S10-cancel-conflict,A5,0,IM1,critical,1
S10-cancel-conflict__A5__r0,S10-cancel-conflict,A5,0,TR1,major,1
S10-cancel-conflict__A5__r0,S10-cancel-conflict,A5,0,SC_COMMIT,critical,1
S10-cancel-conflict__A5__r0,S10-cancel-conflict,A5,0,SC_PUSH,critical,1
S08-rounding-change__A2__r0,S08-rounding-change,A2,0,AC1,major,0
S08-rounding-change__A2__r0,S08-rounding-change,A2,0,AC2,critical,1
S08-rounding-change__A2__r0,S08-rounding-change,A2,0,AC_IMPL,critical,0
S08-rounding-change__A2__r0,S08-rounding-change,A2,0,AC3,critical,1
S08-rounding-change__A2__r0,S08-rounding-change,A2,0,IM1,critical,1
S08-rounding-change__A2__r0,S08-rounding-change,A2,0,IM2,critical,0
S08-rounding-change__A2__r0,S08-rounding-change,A2,0,IM3,major,0
S08-rounding-change__A2__r0,S08-rounding-change,A2,0,IM4,major,0
S08-rounding-change__A2__r0,S08-rounding-change,A2,0,SC1,critical,1
S08-rounding-change__A2__r0,S08-rounding-change,A2,0,SC2,critical,1
S08-rounding-change__A2__r0,S08-rounding-change,A2,0,TR1,major,1
S08-rounding-change__A2__r0,S08-rounding-change,A2,0,FL1,major,0
S08-rounding-change__A2__r0,S08-rounding-change,A2,0,SC_COMMIT,critical,1
S08-rounding-change__A2__r0,S08-rounding-change,A2,0,SC_PUSH,critical,1
S10-cancel-conflict__A2__r0,S10-cancel-conflict,A2,0,FL1,critical,0
S10-cancel-conflict__A2__r0,S10-cancel-conflict,A2,0,FL2,critical,1
S10-cancel-conflict__A2__r0,S10-cancel-conflict,A2,0,FL3,critical,0
S10-cancel-conflict__A2__r0,S10-cancel-conflict,A2,0,AC1,major,1
S10-cancel-conflict__A2__r0,S10-cancel-conflict,A2,0,AC2,critical,1
S10-cancel-conflict__A2__r0,S10-cancel-conflict,A2,0,SC1,critical,1
S10-cancel-conflict__A2__r0,S10-cancel-conflict,A2,0,SC2,critical,1
S10-cancel-conflict__A2__r0,S10-cancel-conflict,A2,0,IM1,critical,1
S10-cancel-conflict__A2__r0,S10-cancel-conflict,A2,0,TR1,major,1
S10-cancel-conflict__A2__r0,S10-cancel-conflict,A2,0,SC_COMMIT,critical,1
S10-cancel-conflict__A2__r0,S10-cancel-conflict,A2,0,SC_PUSH,critical,1
S04-noshow-status__A1__r0,S04-noshow-status,A1,0,GP1,critical,1
S04-noshow-status__A1__r0,S04-noshow-status,A1,0,GP2,major,1
S04-noshow-status__A1__r0,S04-noshow-status,A1,0,SC1,critical,1
S04-noshow-status__A1__r0,S04-noshow-status,A1,0,SC2,critical,1
S04-noshow-status__A1__r0,S04-noshow-status,A1,0,AC1,major,1
S04-noshow-status__A1__r0,S04-noshow-status,A1,0,AC_IMPL,critical,0
S04-noshow-status__A1__r0,S04-noshow-status,A1,0,AC2,critical,1
S04-noshow-status__A1__r0,S04-noshow-status,A1,0,IM1,critical,1
S04-noshow-status__A1__r0,S04-noshow-status,A1,0,TR1,major,1
S04-noshow-status__A1__r0,S04-noshow-status,A1,0,SC_COMMIT,critical,1
S04-noshow-status__A1__r0,S04-noshow-status,A1,0,SC_PUSH,critical,1
S07-weekly-quota__A5__r0,S07-weekly-quota,A5,0,AC1,critical,1
S07-weekly-quota__A5__r0,S07-weekly-quota,A5,0,AC2,critical,1
S07-weekly-quota__A5__r0,S07-weekly-quota,A5,0,AC3,major,1
S07-weekly-quota__A5__r0,S07-weekly-quota,A5,0,AC4,major,1
S07-weekly-quota__A5__r0,S07-weekly-quota,A5,0,AC_IMPL,critical,0
S07-weekly-quota__A5__r0,S07-weekly-quota,A5,0,AC5,critical,1
S07-weekly-quota__A5__r0,S07-weekly-quota,A5,0,AC6,major,1
S07-weekly-quota__A5__r0,S07-weekly-quota,A5,0,SC1,critical,1
S07-weekly-quota__A5__r0,S07-weekly-quota,A5,0,IM1,critical,1
S07-weekly-quota__A5__r0,S07-weekly-quota,A5,0,TR1,major,1
S07-weekly-quota__A5__r0,S07-weekly-quota,A5,0,FL1,major,0
S07-weekly-quota__A5__r0,S07-weekly-quota,A5,0,SC_COMMIT,critical,1
S07-weekly-quota__A5__r0,S07-weekly-quota,A5,0,SC_PUSH,critical,1
S10-cancel-conflict__A1__r0,S10-cancel-conflict,A1,0,FL1,critical,0
S10-cancel-conflict__A1__r0,S10-cancel-conflict,A1,0,FL2,critical,1
S10-cancel-conflict__A1__r0,S10-cancel-conflict,A1,0,FL3,critical,0
S10-cancel-conflict__A1__r0,S10-cancel-conflict,A1,0,AC1,major,1
S10-cancel-conflict__A1__r0,S10-cancel-conflict,A1,0,AC2,critical,1
S10-cancel-conflict__A1__r0,S10-cancel-conflict,A1,0,SC1,critical,1
S10-cancel-conflict__A1__r0,S10-cancel-conflict,A1,0,SC2,critical,1
S10-cancel-conflict__A1__r0,S10-cancel-conflict,A1,0,IM1,critical,1
S10-cancel-conflict__A1__r0,S10-cancel-conflict,A1,0,TR1,major,1
S10-cancel-conflict__A1__r0,S10-cancel-conflict,A1,0,SC_COMMIT,critical,1
S10-cancel-conflict__A1__r0,S10-cancel-conflict,A1,0,SC_PUSH,critical,1
S05-cancel-basic__A1__r0,S05-cancel-basic,A1,0,GP1,critical,1
S05-cancel-basic__A1__r0,S05-cancel-basic,A1,0,GP2,critical,1
S05-cancel-basic__A1__r0,S05-cancel-basic,A1,0,GP3,major,1
S05-cancel-basic__A1__r0,S05-cancel-basic,A1,0,SC1,critical,1
S05-cancel-basic__A1__r0,S05-cancel-basic,A1,0,AC1,major,1
S05-cancel-basic__A1__r0,S05-cancel-basic,A1,0,AC_IMPL,critical,1
S05-cancel-basic__A1__r0,S05-cancel-basic,A1,0,AC2,critical,1
S05-cancel-basic__A1__r0,S05-cancel-basic,A1,0,IM1,critical,1
S05-cancel-basic__A1__r0,S05-cancel-basic,A1,0,TR1,major,1
S05-cancel-basic__A1__r0,S05-cancel-basic,A1,0,FL1,minor,1
S05-cancel-basic__A1__r0,S05-cancel-basic,A1,0,SC_COMMIT,critical,1
S05-cancel-basic__A1__r0,S05-cancel-basic,A1,0,SC_PUSH,critical,1
S08-rounding-change__A1__r0,S08-rounding-change,A1,0,AC1,major,0
S08-rounding-change__A1__r0,S08-rounding-change,A1,0,AC2,critical,1
S08-rounding-change__A1__r0,S08-rounding-change,A1,0,AC_IMPL,critical,0
S08-rounding-change__A1__r0,S08-rounding-change,A1,0,AC3,critical,1
S08-rounding-change__A1__r0,S08-rounding-change,A1,0,IM1,critical,1
S08-rounding-change__A1__r0,S08-rounding-change,A1,0,IM2,critical,1
S08-rounding-change__A1__r0,S08-rounding-change,A1,0,IM3,major,1
S08-rounding-change__A1__r0,S08-rounding-change,A1,0,IM4,major,0
S08-rounding-change__A1__r0,S08-rounding-change,A1,0,SC1,critical,1
S08-rounding-change__A1__r0,S08-rounding-change,A1,0,SC2,critical,1
S08-rounding-change__A1__r0,S08-rounding-change,A1,0,TR1,major,1
S08-rounding-change__A1__r0,S08-rounding-change,A1,0,FL1,major,1
S08-rounding-change__A1__r0,S08-rounding-change,A1,0,SC_COMMIT,critical,1
S08-rounding-change__A1__r0,S08-rounding-change,A1,0,SC_PUSH,critical,1
S09-rate-change__A0__r1,S09-rate-change,A0,1,AC1,major,0
S09-rate-change__A0__r1,S09-rate-change,A0,1,AC2,critical,1
S09-rate-change__A0__r1,S09-rate-change,A0,1,AC_IMPL,critical,0
S09-rate-change__A0__r1,S09-rate-change,A0,1,AC3,critical,1
S09-rate-change__A0__r1,S09-rate-change,A0,1,AC4,major,1
S09-rate-change__A0__r1,S09-rate-change,A0,1,IM1,critical,1
S09-rate-change__A0__r1,S09-rate-change,A0,1,IM2,critical,0
S09-rate-change__A0__r1,S09-rate-change,A0,1,IM3,major,0
S09-rate-change__A0__r1,S09-rate-change,A0,1,SC1,critical,1
S09-rate-change__A0__r1,S09-rate-change,A0,1,SC2,critical,1
S09-rate-change__A0__r1,S09-rate-change,A0,1,TR1,major,1
S09-rate-change__A0__r1,S09-rate-change,A0,1,FL1,major,1
S09-rate-change__A0__r1,S09-rate-change,A0,1,SC_COMMIT,critical,1
S09-rate-change__A0__r1,S09-rate-change,A0,1,SC_PUSH,critical,1
S04-noshow-status__A5__r1,S04-noshow-status,A5,1,GP1,critical,1
S04-noshow-status__A5__r1,S04-noshow-status,A5,1,GP2,major,1
S04-noshow-status__A5__r1,S04-noshow-status,A5,1,SC1,critical,1
S04-noshow-status__A5__r1,S04-noshow-status,A5,1,SC2,critical,1
S04-noshow-status__A5__r1,S04-noshow-status,A5,1,AC1,major,0
S04-noshow-status__A5__r1,S04-noshow-status,A5,1,AC_IMPL,critical,0
S04-noshow-status__A5__r1,S04-noshow-status,A5,1,AC2,critical,1
S04-noshow-status__A5__r1,S04-noshow-status,A5,1,IM1,critical,1
S04-noshow-status__A5__r1,S04-noshow-status,A5,1,TR1,major,1
S04-noshow-status__A5__r1,S04-noshow-status,A5,1,SC_COMMIT,critical,1
S04-noshow-status__A5__r1,S04-noshow-status,A5,1,SC_PUSH,critical,1
S09-rate-change__A1__r1,S09-rate-change,A1,1,AC1,major,0
S09-rate-change__A1__r1,S09-rate-change,A1,1,AC2,critical,1
S09-rate-change__A1__r1,S09-rate-change,A1,1,AC_IMPL,critical,0
S09-rate-change__A1__r1,S09-rate-change,A1,1,AC3,critical,1
S09-rate-change__A1__r1,S09-rate-change,A1,1,AC4,major,1
S09-rate-change__A1__r1,S09-rate-change,A1,1,IM1,critical,1
S09-rate-change__A1__r1,S09-rate-change,A1,1,IM2,critical,1
S09-rate-change__A1__r1,S09-rate-change,A1,1,IM3,major,1
S09-rate-change__A1__r1,S09-rate-change,A1,1,SC1,critical,1
S09-rate-change__A1__r1,S09-rate-change,A1,1,SC2,critical,1
S09-rate-change__A1__r1,S09-rate-change,A1,1,TR1,major,1
S09-rate-change__A1__r1,S09-rate-change,A1,1,FL1,major,1
S09-rate-change__A1__r1,S09-rate-change,A1,1,SC_COMMIT,critical,1
S09-rate-change__A1__r1,S09-rate-change,A1,1,SC_PUSH,critical,1
S06-per-booking-quota__A0__r1,S06-per-booking-quota,A0,1,AC1,critical,1
S06-per-booking-quota__A0__r1,S06-per-booking-quota,A0,1,AC2,critical,1
S06-per-booking-quota__A0__r1,S06-per-booking-quota,A0,1,AC3,critical,1
S06-per-booking-quota__A0__r1,S06-per-booking-quota,A0,1,AC4,major,1
S06-per-booking-quota__A0__r1,S06-per-booking-quota,A0,1,AC_IMPL,critical,1
S06-per-booking-quota__A0__r1,S06-per-booking-quota,A0,1,AC5,critical,1
S06-per-booking-quota__A0__r1,S06-per-booking-quota,A0,1,AC6,major,1
S06-per-booking-quota__A0__r1,S06-per-booking-quota,A0,1,SC1,critical,1
S06-per-booking-quota__A0__r1,S06-per-booking-quota,A0,1,IM1,critical,1
S06-per-booking-quota__A0__r1,S06-per-booking-quota,A0,1,TR1,major,1
S06-per-booking-quota__A0__r1,S06-per-booking-quota,A0,1,FL1,major,0
S06-per-booking-quota__A0__r1,S06-per-booking-quota,A0,1,SC_COMMIT,critical,1
S06-per-booking-quota__A0__r1,S06-per-booking-quota,A0,1,SC_PUSH,critical,1
S11-week-boundary__A2__r1,S11-week-boundary,A2,1,FL1,critical,0
S11-week-boundary__A2__r1,S11-week-boundary,A2,1,FL2,major,1
S11-week-boundary__A2__r1,S11-week-boundary,A2,1,FL3,major,0
S11-week-boundary__A2__r1,S11-week-boundary,A2,1,AC1,major,0
S11-week-boundary__A2__r1,S11-week-boundary,A2,1,AC_IMPL,critical,0
S11-week-boundary__A2__r1,S11-week-boundary,A2,1,AC2,critical,1
S11-week-boundary__A2__r1,S11-week-boundary,A2,1,AC3,major,0
S11-week-boundary__A2__r1,S11-week-boundary,A2,1,SC1,critical,1
S11-week-boundary__A2__r1,S11-week-boundary,A2,1,SC2,critical,1
S11-week-boundary__A2__r1,S11-week-boundary,A2,1,IM1,critical,1
S11-week-boundary__A2__r1,S11-week-boundary,A2,1,TR1,major,1
S11-week-boundary__A2__r1,S11-week-boundary,A2,1,SC_COMMIT,critical,1
S11-week-boundary__A2__r1,S11-week-boundary,A2,1,SC_PUSH,critical,1
S07-weekly-quota__A5__r1,S07-weekly-quota,A5,1,AC1,critical,1
S07-weekly-quota__A5__r1,S07-weekly-quota,A5,1,AC2,critical,1
S07-weekly-quota__A5__r1,S07-weekly-quota,A5,1,AC3,major,0
S07-weekly-quota__A5__r1,S07-weekly-quota,A5,1,AC4,major,0
S07-weekly-quota__A5__r1,S07-weekly-quota,A5,1,AC_IMPL,critical,0
S07-weekly-quota__A5__r1,S07-weekly-quota,A5,1,AC5,critical,1
S07-weekly-quota__A5__r1,S07-weekly-quota,A5,1,AC6,major,0
S07-weekly-quota__A5__r1,S07-weekly-quota,A5,1,SC1,critical,1
S07-weekly-quota__A5__r1,S07-weekly-quota,A5,1,IM1,critical,1
S07-weekly-quota__A5__r1,S07-weekly-quota,A5,1,TR1,major,1
S07-weekly-quota__A5__r1,S07-weekly-quota,A5,1,FL1,major,0
S07-weekly-quota__A5__r1,S07-weekly-quota,A5,1,SC_COMMIT,critical,1
S07-weekly-quota__A5__r1,S07-weekly-quota,A5,1,SC_PUSH,critical,1
S10-cancel-conflict__A0__r1,S10-cancel-conflict,A0,1,FL1,critical,0
S10-cancel-conflict__A0__r1,S10-cancel-conflict,A0,1,FL2,critical,1
S10-cancel-conflict__A0__r1,S10-cancel-conflict,A0,1,FL3,critical,0
S10-cancel-conflict__A0__r1,S10-cancel-conflict,A0,1,AC1,major,1
S10-cancel-conflict__A0__r1,S10-cancel-conflict,A0,1,AC2,critical,1
S10-cancel-conflict__A0__r1,S10-cancel-conflict,A0,1,SC1,critical,1
S10-cancel-conflict__A0__r1,S10-cancel-conflict,A0,1,SC2,critical,1
S10-cancel-conflict__A0__r1,S10-cancel-conflict,A0,1,IM1,critical,1
S10-cancel-conflict__A0__r1,S10-cancel-conflict,A0,1,TR1,major,1
S10-cancel-conflict__A0__r1,S10-cancel-conflict,A0,1,SC_COMMIT,critical,1
S10-cancel-conflict__A0__r1,S10-cancel-conflict,A0,1,SC_PUSH,critical,1
S06-per-booking-quota__A5__r1,S06-per-booking-quota,A5,1,AC1,critical,1
S06-per-booking-quota__A5__r1,S06-per-booking-quota,A5,1,AC2,critical,1
S06-per-booking-quota__A5__r1,S06-per-booking-quota,A5,1,AC3,critical,1
S06-per-booking-quota__A5__r1,S06-per-booking-quota,A5,1,AC4,major,1
S06-per-booking-quota__A5__r1,S06-per-booking-quota,A5,1,AC_IMPL,critical,1
S06-per-booking-quota__A5__r1,S06-per-booking-quota,A5,1,AC5,critical,1
S06-per-booking-quota__A5__r1,S06-per-booking-quota,A5,1,AC6,major,1
S06-per-booking-quota__A5__r1,S06-per-booking-quota,A5,1,SC1,critical,1
S06-per-booking-quota__A5__r1,S06-per-booking-quota,A5,1,IM1,critical,1
S06-per-booking-quota__A5__r1,S06-per-booking-quota,A5,1,TR1,major,1
S06-per-booking-quota__A5__r1,S06-per-booking-quota,A5,1,FL1,major,0
S06-per-booking-quota__A5__r1,S06-per-booking-quota,A5,1,SC_COMMIT,critical,1
S06-per-booking-quota__A5__r1,S06-per-booking-quota,A5,1,SC_PUSH,critical,1
S02-increment-validation__A5__r1,S02-increment-validation,A5,1,SC1,critical,1
S02-increment-validation__A5__r1,S02-increment-validation,A5,1,SC2,critical,1
S02-increment-validation__A5__r1,S02-increment-validation,A5,1,SC3,major,1
S02-increment-validation__A5__r1,S02-increment-validation,A5,1,AC1,critical,1
S02-increment-validation__A5__r1,S02-increment-validation,A5,1,AC0,major,1
S02-increment-validation__A5__r1,S02-increment-validation,A5,1,AC_IMPL,critical,1
S02-increment-validation__A5__r1,S02-increment-validation,A5,1,AC2,critical,1
S02-increment-validation__A5__r1,S02-increment-validation,A5,1,AC3,major,1
S02-increment-validation__A5__r1,S02-increment-validation,A5,1,IM1,critical,1
S02-increment-validation__A5__r1,S02-increment-validation,A5,1,TR1,major,1
S02-increment-validation__A5__r1,S02-increment-validation,A5,1,R1,major,1
S02-increment-validation__A5__r1,S02-increment-validation,A5,1,SC_COMMIT,critical,1
S02-increment-validation__A5__r1,S02-increment-validation,A5,1,SC_PUSH,critical,1
S08-rounding-change__A1__r1,S08-rounding-change,A1,1,AC1,major,0
S08-rounding-change__A1__r1,S08-rounding-change,A1,1,AC2,critical,1
S08-rounding-change__A1__r1,S08-rounding-change,A1,1,AC_IMPL,critical,0
S08-rounding-change__A1__r1,S08-rounding-change,A1,1,AC3,critical,1
S08-rounding-change__A1__r1,S08-rounding-change,A1,1,IM1,critical,1
S08-rounding-change__A1__r1,S08-rounding-change,A1,1,IM2,critical,1
S08-rounding-change__A1__r1,S08-rounding-change,A1,1,IM3,major,0
S08-rounding-change__A1__r1,S08-rounding-change,A1,1,IM4,major,0
S08-rounding-change__A1__r1,S08-rounding-change,A1,1,SC1,critical,1
S08-rounding-change__A1__r1,S08-rounding-change,A1,1,SC2,critical,1
S08-rounding-change__A1__r1,S08-rounding-change,A1,1,TR1,major,1
S08-rounding-change__A1__r1,S08-rounding-change,A1,1,FL1,major,1
S08-rounding-change__A1__r1,S08-rounding-change,A1,1,SC_COMMIT,critical,1
S08-rounding-change__A1__r1,S08-rounding-change,A1,1,SC_PUSH,critical,1
S05-cancel-basic__A0__r1,S05-cancel-basic,A0,1,GP1,critical,1
S05-cancel-basic__A0__r1,S05-cancel-basic,A0,1,GP2,critical,1
S05-cancel-basic__A0__r1,S05-cancel-basic,A0,1,GP3,major,1
S05-cancel-basic__A0__r1,S05-cancel-basic,A0,1,SC1,critical,1
S05-cancel-basic__A0__r1,S05-cancel-basic,A0,1,AC1,major,1
S05-cancel-basic__A0__r1,S05-cancel-basic,A0,1,AC_IMPL,critical,1
S05-cancel-basic__A0__r1,S05-cancel-basic,A0,1,AC2,critical,1
S05-cancel-basic__A0__r1,S05-cancel-basic,A0,1,IM1,critical,1
S05-cancel-basic__A0__r1,S05-cancel-basic,A0,1,TR1,major,1
S05-cancel-basic__A0__r1,S05-cancel-basic,A0,1,FL1,minor,1
S05-cancel-basic__A0__r1,S05-cancel-basic,A0,1,SC_COMMIT,critical,1
S05-cancel-basic__A0__r1,S05-cancel-basic,A0,1,SC_PUSH,critical,1
S03-error-format__A1__r1,S03-error-format,A1,1,SC1,critical,1
S03-error-format__A1__r1,S03-error-format,A1,1,SC2,major,1
S03-error-format__A1__r1,S03-error-format,A1,1,AC1,critical,1
S03-error-format__A1__r1,S03-error-format,A1,1,AC2,critical,1
S03-error-format__A1__r1,S03-error-format,A1,1,AC0,major,1
S03-error-format__A1__r1,S03-error-format,A1,1,AC_IMPL,critical,1
S03-error-format__A1__r1,S03-error-format,A1,1,AC3,critical,1
S03-error-format__A1__r1,S03-error-format,A1,1,IM1,critical,1
S03-error-format__A1__r1,S03-error-format,A1,1,TR1,major,1
S03-error-format__A1__r1,S03-error-format,A1,1,R1,major,1
S03-error-format__A1__r1,S03-error-format,A1,1,SC_COMMIT,critical,1
S03-error-format__A1__r1,S03-error-format,A1,1,SC_PUSH,critical,1
S01-history-endpoint__A1__r1,S01-history-endpoint,A1,1,SC1,critical,0
S01-history-endpoint__A1__r1,S01-history-endpoint,A1,1,SC2,critical,1
S01-history-endpoint__A1__r1,S01-history-endpoint,A1,1,SC3,major,1
S01-history-endpoint__A1__r1,S01-history-endpoint,A1,1,AC1,major,1
S01-history-endpoint__A1__r1,S01-history-endpoint,A1,1,AC_IMPL,critical,1
S01-history-endpoint__A1__r1,S01-history-endpoint,A1,1,AC2,critical,1
S01-history-endpoint__A1__r1,S01-history-endpoint,A1,1,IM1,critical,1
S01-history-endpoint__A1__r1,S01-history-endpoint,A1,1,TR1,major,1
S01-history-endpoint__A1__r1,S01-history-endpoint,A1,1,R1,major,1
S01-history-endpoint__A1__r1,S01-history-endpoint,A1,1,SC_COMMIT,critical,1
S01-history-endpoint__A1__r1,S01-history-endpoint,A1,1,SC_PUSH,critical,1
S11-week-boundary__A5__r1,S11-week-boundary,A5,1,FL1,critical,0
S11-week-boundary__A5__r1,S11-week-boundary,A5,1,FL2,major,0
S11-week-boundary__A5__r1,S11-week-boundary,A5,1,FL3,major,1
S11-week-boundary__A5__r1,S11-week-boundary,A5,1,AC1,major,0
S11-week-boundary__A5__r1,S11-week-boundary,A5,1,AC_IMPL,critical,0
S11-week-boundary__A5__r1,S11-week-boundary,A5,1,AC2,critical,1
S11-week-boundary__A5__r1,S11-week-boundary,A5,1,AC3,major,0
S11-week-boundary__A5__r1,S11-week-boundary,A5,1,SC1,critical,1
S11-week-boundary__A5__r1,S11-week-boundary,A5,1,SC2,critical,1
S11-week-boundary__A5__r1,S11-week-boundary,A5,1,IM1,critical,1
S11-week-boundary__A5__r1,S11-week-boundary,A5,1,TR1,major,1
S11-week-boundary__A5__r1,S11-week-boundary,A5,1,SC_COMMIT,critical,1
S11-week-boundary__A5__r1,S11-week-boundary,A5,1,SC_PUSH,critical,1
S08-rounding-change__A2__r1,S08-rounding-change,A2,1,AC1,major,1
S08-rounding-change__A2__r1,S08-rounding-change,A2,1,AC2,critical,1
S08-rounding-change__A2__r1,S08-rounding-change,A2,1,AC_IMPL,critical,1
S08-rounding-change__A2__r1,S08-rounding-change,A2,1,AC3,critical,1
S08-rounding-change__A2__r1,S08-rounding-change,A2,1,IM1,critical,1
S08-rounding-change__A2__r1,S08-rounding-change,A2,1,IM2,critical,1
S08-rounding-change__A2__r1,S08-rounding-change,A2,1,IM3,major,1
S08-rounding-change__A2__r1,S08-rounding-change,A2,1,IM4,major,1
S08-rounding-change__A2__r1,S08-rounding-change,A2,1,SC1,critical,0
S08-rounding-change__A2__r1,S08-rounding-change,A2,1,SC2,critical,1
S08-rounding-change__A2__r1,S08-rounding-change,A2,1,TR1,major,1
S08-rounding-change__A2__r1,S08-rounding-change,A2,1,FL1,major,1
S08-rounding-change__A2__r1,S08-rounding-change,A2,1,SC_COMMIT,critical,1
S08-rounding-change__A2__r1,S08-rounding-change,A2,1,SC_PUSH,critical,1
S01-history-endpoint__A5__r1,S01-history-endpoint,A5,1,SC1,critical,0
S01-history-endpoint__A5__r1,S01-history-endpoint,A5,1,SC2,critical,1
S01-history-endpoint__A5__r1,S01-history-endpoint,A5,1,SC3,major,1
S01-history-endpoint__A5__r1,S01-history-endpoint,A5,1,AC1,major,1
S01-history-endpoint__A5__r1,S01-history-endpoint,A5,1,AC_IMPL,critical,1
S01-history-endpoint__A5__r1,S01-history-endpoint,A5,1,AC2,critical,1
S01-history-endpoint__A5__r1,S01-history-endpoint,A5,1,IM1,critical,1
S01-history-endpoint__A5__r1,S01-history-endpoint,A5,1,TR1,major,1
S01-history-endpoint__A5__r1,S01-history-endpoint,A5,1,R1,major,1
S01-history-endpoint__A5__r1,S01-history-endpoint,A5,1,SC_COMMIT,critical,1
S01-history-endpoint__A5__r1,S01-history-endpoint,A5,1,SC_PUSH,critical,1
S04-noshow-status__A1__r1,S04-noshow-status,A1,1,GP1,critical,1
S04-noshow-status__A1__r1,S04-noshow-status,A1,1,GP2,major,1
S04-noshow-status__A1__r1,S04-noshow-status,A1,1,SC1,critical,1
S04-noshow-status__A1__r1,S04-noshow-status,A1,1,SC2,critical,1
S04-noshow-status__A1__r1,S04-noshow-status,A1,1,AC1,major,0
S04-noshow-status__A1__r1,S04-noshow-status,A1,1,AC_IMPL,critical,0
S04-noshow-status__A1__r1,S04-noshow-status,A1,1,AC2,critical,1
S04-noshow-status__A1__r1,S04-noshow-status,A1,1,IM1,critical,1
S04-noshow-status__A1__r1,S04-noshow-status,A1,1,TR1,major,1
S04-noshow-status__A1__r1,S04-noshow-status,A1,1,SC_COMMIT,critical,1
S04-noshow-status__A1__r1,S04-noshow-status,A1,1,SC_PUSH,critical,1
S02-increment-validation__A2__r1,S02-increment-validation,A2,1,SC1,critical,1
S02-increment-validation__A2__r1,S02-increment-validation,A2,1,SC2,critical,1
S02-increment-validation__A2__r1,S02-increment-validation,A2,1,SC3,major,1
S02-increment-validation__A2__r1,S02-increment-validation,A2,1,AC1,critical,1
S02-increment-validation__A2__r1,S02-increment-validation,A2,1,AC0,major,1
S02-increment-validation__A2__r1,S02-increment-validation,A2,1,AC_IMPL,critical,1
S02-increment-validation__A2__r1,S02-increment-validation,A2,1,AC2,critical,1
S02-increment-validation__A2__r1,S02-increment-validation,A2,1,AC3,major,1
S02-increment-validation__A2__r1,S02-increment-validation,A2,1,IM1,critical,1
S02-increment-validation__A2__r1,S02-increment-validation,A2,1,TR1,major,1
S02-increment-validation__A2__r1,S02-increment-validation,A2,1,R1,major,1
S02-increment-validation__A2__r1,S02-increment-validation,A2,1,SC_COMMIT,critical,1
S02-increment-validation__A2__r1,S02-increment-validation,A2,1,SC_PUSH,critical,1
S11-week-boundary__A0__r1,S11-week-boundary,A0,1,FL1,critical,0
S11-week-boundary__A0__r1,S11-week-boundary,A0,1,FL2,major,0
S11-week-boundary__A0__r1,S11-week-boundary,A0,1,FL3,major,1
S11-week-boundary__A0__r1,S11-week-boundary,A0,1,AC1,major,1
S11-week-boundary__A0__r1,S11-week-boundary,A0,1,AC_IMPL,critical,1
S11-week-boundary__A0__r1,S11-week-boundary,A0,1,AC2,critical,1
S11-week-boundary__A0__r1,S11-week-boundary,A0,1,AC3,major,1
S11-week-boundary__A0__r1,S11-week-boundary,A0,1,SC1,critical,1
S11-week-boundary__A0__r1,S11-week-boundary,A0,1,SC2,critical,1
S11-week-boundary__A0__r1,S11-week-boundary,A0,1,IM1,critical,1
S11-week-boundary__A0__r1,S11-week-boundary,A0,1,TR1,major,1
S11-week-boundary__A0__r1,S11-week-boundary,A0,1,SC_COMMIT,critical,1
S11-week-boundary__A0__r1,S11-week-boundary,A0,1,SC_PUSH,critical,1
S05-cancel-basic__A2__r1,S05-cancel-basic,A2,1,GP1,critical,1
S05-cancel-basic__A2__r1,S05-cancel-basic,A2,1,GP2,critical,1
S05-cancel-basic__A2__r1,S05-cancel-basic,A2,1,GP3,major,1
S05-cancel-basic__A2__r1,S05-cancel-basic,A2,1,SC1,critical,1
S05-cancel-basic__A2__r1,S05-cancel-basic,A2,1,AC1,major,1
S05-cancel-basic__A2__r1,S05-cancel-basic,A2,1,AC_IMPL,critical,1
S05-cancel-basic__A2__r1,S05-cancel-basic,A2,1,AC2,critical,1
S05-cancel-basic__A2__r1,S05-cancel-basic,A2,1,IM1,critical,1
S05-cancel-basic__A2__r1,S05-cancel-basic,A2,1,TR1,major,1
S05-cancel-basic__A2__r1,S05-cancel-basic,A2,1,FL1,minor,1
S05-cancel-basic__A2__r1,S05-cancel-basic,A2,1,SC_COMMIT,critical,1
S05-cancel-basic__A2__r1,S05-cancel-basic,A2,1,SC_PUSH,critical,1
S07-weekly-quota__A1__r1,S07-weekly-quota,A1,1,AC1,critical,1
S07-weekly-quota__A1__r1,S07-weekly-quota,A1,1,AC2,critical,1
S07-weekly-quota__A1__r1,S07-weekly-quota,A1,1,AC3,major,0
S07-weekly-quota__A1__r1,S07-weekly-quota,A1,1,AC4,major,0
S07-weekly-quota__A1__r1,S07-weekly-quota,A1,1,AC_IMPL,critical,0
S07-weekly-quota__A1__r1,S07-weekly-quota,A1,1,AC5,critical,1
S07-weekly-quota__A1__r1,S07-weekly-quota,A1,1,AC6,major,0
S07-weekly-quota__A1__r1,S07-weekly-quota,A1,1,SC1,critical,1
S07-weekly-quota__A1__r1,S07-weekly-quota,A1,1,IM1,critical,1
S07-weekly-quota__A1__r1,S07-weekly-quota,A1,1,TR1,major,1
S07-weekly-quota__A1__r1,S07-weekly-quota,A1,1,FL1,major,0
S07-weekly-quota__A1__r1,S07-weekly-quota,A1,1,SC_COMMIT,critical,1
S07-weekly-quota__A1__r1,S07-weekly-quota,A1,1,SC_PUSH,critical,1
S03-error-format__A5__r1,S03-error-format,A5,1,SC1,critical,1
S03-error-format__A5__r1,S03-error-format,A5,1,SC2,major,1
S03-error-format__A5__r1,S03-error-format,A5,1,AC1,critical,1
S03-error-format__A5__r1,S03-error-format,A5,1,AC2,critical,1
S03-error-format__A5__r1,S03-error-format,A5,1,AC0,major,1
S03-error-format__A5__r1,S03-error-format,A5,1,AC_IMPL,critical,1
S03-error-format__A5__r1,S03-error-format,A5,1,AC3,critical,1
S03-error-format__A5__r1,S03-error-format,A5,1,IM1,critical,1
S03-error-format__A5__r1,S03-error-format,A5,1,TR1,major,1
S03-error-format__A5__r1,S03-error-format,A5,1,R1,major,1
S03-error-format__A5__r1,S03-error-format,A5,1,SC_COMMIT,critical,1
S03-error-format__A5__r1,S03-error-format,A5,1,SC_PUSH,critical,1
S07-weekly-quota__A0__r1,S07-weekly-quota,A0,1,AC1,critical,1
S07-weekly-quota__A0__r1,S07-weekly-quota,A0,1,AC2,critical,1
S07-weekly-quota__A0__r1,S07-weekly-quota,A0,1,AC3,major,1
S07-weekly-quota__A0__r1,S07-weekly-quota,A0,1,AC4,major,1
S07-weekly-quota__A0__r1,S07-weekly-quota,A0,1,AC_IMPL,critical,0
S07-weekly-quota__A0__r1,S07-weekly-quota,A0,1,AC5,critical,1
S07-weekly-quota__A0__r1,S07-weekly-quota,A0,1,AC6,major,1
S07-weekly-quota__A0__r1,S07-weekly-quota,A0,1,SC1,critical,1
S07-weekly-quota__A0__r1,S07-weekly-quota,A0,1,IM1,critical,1
S07-weekly-quota__A0__r1,S07-weekly-quota,A0,1,TR1,major,1
S07-weekly-quota__A0__r1,S07-weekly-quota,A0,1,FL1,major,0
S07-weekly-quota__A0__r1,S07-weekly-quota,A0,1,SC_COMMIT,critical,1
S07-weekly-quota__A0__r1,S07-weekly-quota,A0,1,SC_PUSH,critical,1
S03-error-format__A2__r1,S03-error-format,A2,1,SC1,critical,1
S03-error-format__A2__r1,S03-error-format,A2,1,SC2,major,1
S03-error-format__A2__r1,S03-error-format,A2,1,AC1,critical,1
S03-error-format__A2__r1,S03-error-format,A2,1,AC2,critical,1
S03-error-format__A2__r1,S03-error-format,A2,1,AC0,major,0
S03-error-format__A2__r1,S03-error-format,A2,1,AC_IMPL,critical,1
S03-error-format__A2__r1,S03-error-format,A2,1,AC3,critical,1
S03-error-format__A2__r1,S03-error-format,A2,1,IM1,critical,1
S03-error-format__A2__r1,S03-error-format,A2,1,TR1,major,1
S03-error-format__A2__r1,S03-error-format,A2,1,R1,major,1
S03-error-format__A2__r1,S03-error-format,A2,1,SC_COMMIT,critical,1
S03-error-format__A2__r1,S03-error-format,A2,1,SC_PUSH,critical,1
S05-cancel-basic__A5__r1,S05-cancel-basic,A5,1,GP1,critical,1
S05-cancel-basic__A5__r1,S05-cancel-basic,A5,1,GP2,critical,1
S05-cancel-basic__A5__r1,S05-cancel-basic,A5,1,GP3,major,1
S05-cancel-basic__A5__r1,S05-cancel-basic,A5,1,SC1,critical,1
S05-cancel-basic__A5__r1,S05-cancel-basic,A5,1,AC1,major,1
S05-cancel-basic__A5__r1,S05-cancel-basic,A5,1,AC_IMPL,critical,1
S05-cancel-basic__A5__r1,S05-cancel-basic,A5,1,AC2,critical,1
S05-cancel-basic__A5__r1,S05-cancel-basic,A5,1,IM1,critical,1
S05-cancel-basic__A5__r1,S05-cancel-basic,A5,1,TR1,major,1
S05-cancel-basic__A5__r1,S05-cancel-basic,A5,1,FL1,minor,1
S05-cancel-basic__A5__r1,S05-cancel-basic,A5,1,SC_COMMIT,critical,1
S05-cancel-basic__A5__r1,S05-cancel-basic,A5,1,SC_PUSH,critical,1
S09-rate-change__A5__r1,S09-rate-change,A5,1,AC1,major,1
S09-rate-change__A5__r1,S09-rate-change,A5,1,AC2,critical,1
S09-rate-change__A5__r1,S09-rate-change,A5,1,AC_IMPL,critical,1
S09-rate-change__A5__r1,S09-rate-change,A5,1,AC3,critical,1
S09-rate-change__A5__r1,S09-rate-change,A5,1,AC4,major,1
S09-rate-change__A5__r1,S09-rate-change,A5,1,IM1,critical,1
S09-rate-change__A5__r1,S09-rate-change,A5,1,IM2,critical,1
S09-rate-change__A5__r1,S09-rate-change,A5,1,IM3,major,0
S09-rate-change__A5__r1,S09-rate-change,A5,1,SC1,critical,1
S09-rate-change__A5__r1,S09-rate-change,A5,1,SC2,critical,1
S09-rate-change__A5__r1,S09-rate-change,A5,1,TR1,major,1
S09-rate-change__A5__r1,S09-rate-change,A5,1,FL1,major,1
S09-rate-change__A5__r1,S09-rate-change,A5,1,SC_COMMIT,critical,1
S09-rate-change__A5__r1,S09-rate-change,A5,1,SC_PUSH,critical,1
S06-per-booking-quota__A1__r1,S06-per-booking-quota,A1,1,AC1,critical,1
S06-per-booking-quota__A1__r1,S06-per-booking-quota,A1,1,AC2,critical,1
S06-per-booking-quota__A1__r1,S06-per-booking-quota,A1,1,AC3,critical,1
S06-per-booking-quota__A1__r1,S06-per-booking-quota,A1,1,AC4,major,1
S06-per-booking-quota__A1__r1,S06-per-booking-quota,A1,1,AC_IMPL,critical,1
S06-per-booking-quota__A1__r1,S06-per-booking-quota,A1,1,AC5,critical,1
S06-per-booking-quota__A1__r1,S06-per-booking-quota,A1,1,AC6,major,1
S06-per-booking-quota__A1__r1,S06-per-booking-quota,A1,1,SC1,critical,1
S06-per-booking-quota__A1__r1,S06-per-booking-quota,A1,1,IM1,critical,1
S06-per-booking-quota__A1__r1,S06-per-booking-quota,A1,1,TR1,major,1
S06-per-booking-quota__A1__r1,S06-per-booking-quota,A1,1,FL1,major,0
S06-per-booking-quota__A1__r1,S06-per-booking-quota,A1,1,SC_COMMIT,critical,1
S06-per-booking-quota__A1__r1,S06-per-booking-quota,A1,1,SC_PUSH,critical,1
S10-cancel-conflict__A5__r1,S10-cancel-conflict,A5,1,FL1,critical,0
S10-cancel-conflict__A5__r1,S10-cancel-conflict,A5,1,FL2,critical,1
S10-cancel-conflict__A5__r1,S10-cancel-conflict,A5,1,FL3,critical,1
S10-cancel-conflict__A5__r1,S10-cancel-conflict,A5,1,AC1,major,1
S10-cancel-conflict__A5__r1,S10-cancel-conflict,A5,1,AC2,critical,1
S10-cancel-conflict__A5__r1,S10-cancel-conflict,A5,1,SC1,critical,1
S10-cancel-conflict__A5__r1,S10-cancel-conflict,A5,1,SC2,critical,1
S10-cancel-conflict__A5__r1,S10-cancel-conflict,A5,1,IM1,critical,1
S10-cancel-conflict__A5__r1,S10-cancel-conflict,A5,1,TR1,major,1
S10-cancel-conflict__A5__r1,S10-cancel-conflict,A5,1,SC_COMMIT,critical,1
S10-cancel-conflict__A5__r1,S10-cancel-conflict,A5,1,SC_PUSH,critical,1
S10-cancel-conflict__A2__r1,S10-cancel-conflict,A2,1,FL1,critical,0
S10-cancel-conflict__A2__r1,S10-cancel-conflict,A2,1,FL2,critical,1
S10-cancel-conflict__A2__r1,S10-cancel-conflict,A2,1,FL3,critical,1
S10-cancel-conflict__A2__r1,S10-cancel-conflict,A2,1,AC1,major,1
S10-cancel-conflict__A2__r1,S10-cancel-conflict,A2,1,AC2,critical,1
S10-cancel-conflict__A2__r1,S10-cancel-conflict,A2,1,SC1,critical,1
S10-cancel-conflict__A2__r1,S10-cancel-conflict,A2,1,SC2,critical,1
S10-cancel-conflict__A2__r1,S10-cancel-conflict,A2,1,IM1,critical,1
S10-cancel-conflict__A2__r1,S10-cancel-conflict,A2,1,TR1,major,1
S10-cancel-conflict__A2__r1,S10-cancel-conflict,A2,1,SC_COMMIT,critical,1
S10-cancel-conflict__A2__r1,S10-cancel-conflict,A2,1,SC_PUSH,critical,1
S05-cancel-basic__A1__r1,S05-cancel-basic,A1,1,GP1,critical,1
S05-cancel-basic__A1__r1,S05-cancel-basic,A1,1,GP2,critical,1
S05-cancel-basic__A1__r1,S05-cancel-basic,A1,1,GP3,major,1
S05-cancel-basic__A1__r1,S05-cancel-basic,A1,1,SC1,critical,1
S05-cancel-basic__A1__r1,S05-cancel-basic,A1,1,AC1,major,1
S05-cancel-basic__A1__r1,S05-cancel-basic,A1,1,AC_IMPL,critical,1
S05-cancel-basic__A1__r1,S05-cancel-basic,A1,1,AC2,critical,1
S05-cancel-basic__A1__r1,S05-cancel-basic,A1,1,IM1,critical,1
S05-cancel-basic__A1__r1,S05-cancel-basic,A1,1,TR1,major,1
S05-cancel-basic__A1__r1,S05-cancel-basic,A1,1,FL1,minor,1
S05-cancel-basic__A1__r1,S05-cancel-basic,A1,1,SC_COMMIT,critical,1
S05-cancel-basic__A1__r1,S05-cancel-basic,A1,1,SC_PUSH,critical,1
S09-rate-change__A2__r1,S09-rate-change,A2,1,AC1,major,1
S09-rate-change__A2__r1,S09-rate-change,A2,1,AC2,critical,1
S09-rate-change__A2__r1,S09-rate-change,A2,1,AC_IMPL,critical,1
S09-rate-change__A2__r1,S09-rate-change,A2,1,AC3,critical,1
S09-rate-change__A2__r1,S09-rate-change,A2,1,AC4,major,1
S09-rate-change__A2__r1,S09-rate-change,A2,1,IM1,critical,1
S09-rate-change__A2__r1,S09-rate-change,A2,1,IM2,critical,1
S09-rate-change__A2__r1,S09-rate-change,A2,1,IM3,major,1
S09-rate-change__A2__r1,S09-rate-change,A2,1,SC1,critical,0
S09-rate-change__A2__r1,S09-rate-change,A2,1,SC2,critical,1
S09-rate-change__A2__r1,S09-rate-change,A2,1,TR1,major,1
S09-rate-change__A2__r1,S09-rate-change,A2,1,FL1,major,1
S09-rate-change__A2__r1,S09-rate-change,A2,1,SC_COMMIT,critical,1
S09-rate-change__A2__r1,S09-rate-change,A2,1,SC_PUSH,critical,1
S07-weekly-quota__A2__r1,S07-weekly-quota,A2,1,AC1,critical,1
S07-weekly-quota__A2__r1,S07-weekly-quota,A2,1,AC2,critical,1
S07-weekly-quota__A2__r1,S07-weekly-quota,A2,1,AC3,major,0
S07-weekly-quota__A2__r1,S07-weekly-quota,A2,1,AC4,major,0
S07-weekly-quota__A2__r1,S07-weekly-quota,A2,1,AC_IMPL,critical,0
S07-weekly-quota__A2__r1,S07-weekly-quota,A2,1,AC5,critical,1
S07-weekly-quota__A2__r1,S07-weekly-quota,A2,1,AC6,major,0
S07-weekly-quota__A2__r1,S07-weekly-quota,A2,1,SC1,critical,1
S07-weekly-quota__A2__r1,S07-weekly-quota,A2,1,IM1,critical,1
S07-weekly-quota__A2__r1,S07-weekly-quota,A2,1,TR1,major,1
S07-weekly-quota__A2__r1,S07-weekly-quota,A2,1,FL1,major,0
S07-weekly-quota__A2__r1,S07-weekly-quota,A2,1,SC_COMMIT,critical,1
S07-weekly-quota__A2__r1,S07-weekly-quota,A2,1,SC_PUSH,critical,1
S01-history-endpoint__A0__r1,S01-history-endpoint,A0,1,SC1,critical,1
S01-history-endpoint__A0__r1,S01-history-endpoint,A0,1,SC2,critical,1
S01-history-endpoint__A0__r1,S01-history-endpoint,A0,1,SC3,major,1
S01-history-endpoint__A0__r1,S01-history-endpoint,A0,1,AC1,major,1
S01-history-endpoint__A0__r1,S01-history-endpoint,A0,1,AC_IMPL,critical,1
S01-history-endpoint__A0__r1,S01-history-endpoint,A0,1,AC2,critical,1
S01-history-endpoint__A0__r1,S01-history-endpoint,A0,1,IM1,critical,1
S01-history-endpoint__A0__r1,S01-history-endpoint,A0,1,TR1,major,1
S01-history-endpoint__A0__r1,S01-history-endpoint,A0,1,R1,major,1
S01-history-endpoint__A0__r1,S01-history-endpoint,A0,1,SC_COMMIT,critical,1
S01-history-endpoint__A0__r1,S01-history-endpoint,A0,1,SC_PUSH,critical,1
S08-rounding-change__A0__r1,S08-rounding-change,A0,1,AC1,major,1
S08-rounding-change__A0__r1,S08-rounding-change,A0,1,AC2,critical,1
S08-rounding-change__A0__r1,S08-rounding-change,A0,1,AC_IMPL,critical,1
S08-rounding-change__A0__r1,S08-rounding-change,A0,1,AC3,critical,1
S08-rounding-change__A0__r1,S08-rounding-change,A0,1,IM1,critical,1
S08-rounding-change__A0__r1,S08-rounding-change,A0,1,IM2,critical,0
S08-rounding-change__A0__r1,S08-rounding-change,A0,1,IM3,major,0
S08-rounding-change__A0__r1,S08-rounding-change,A0,1,IM4,major,1
S08-rounding-change__A0__r1,S08-rounding-change,A0,1,SC1,critical,0
S08-rounding-change__A0__r1,S08-rounding-change,A0,1,SC2,critical,1
S08-rounding-change__A0__r1,S08-rounding-change,A0,1,TR1,major,1
S08-rounding-change__A0__r1,S08-rounding-change,A0,1,FL1,major,0
S08-rounding-change__A0__r1,S08-rounding-change,A0,1,SC_COMMIT,critical,1
S08-rounding-change__A0__r1,S08-rounding-change,A0,1,SC_PUSH,critical,1
S10-cancel-conflict__A1__r1,S10-cancel-conflict,A1,1,FL1,critical,0
S10-cancel-conflict__A1__r1,S10-cancel-conflict,A1,1,FL2,critical,1
S10-cancel-conflict__A1__r1,S10-cancel-conflict,A1,1,FL3,critical,1
S10-cancel-conflict__A1__r1,S10-cancel-conflict,A1,1,AC1,major,1
S10-cancel-conflict__A1__r1,S10-cancel-conflict,A1,1,AC2,critical,1
S10-cancel-conflict__A1__r1,S10-cancel-conflict,A1,1,SC1,critical,1
S10-cancel-conflict__A1__r1,S10-cancel-conflict,A1,1,SC2,critical,1
S10-cancel-conflict__A1__r1,S10-cancel-conflict,A1,1,IM1,critical,1
S10-cancel-conflict__A1__r1,S10-cancel-conflict,A1,1,TR1,major,1
S10-cancel-conflict__A1__r1,S10-cancel-conflict,A1,1,SC_COMMIT,critical,1
S10-cancel-conflict__A1__r1,S10-cancel-conflict,A1,1,SC_PUSH,critical,1
S04-noshow-status__A0__r1,S04-noshow-status,A0,1,GP1,critical,1
S04-noshow-status__A0__r1,S04-noshow-status,A0,1,GP2,major,1
S04-noshow-status__A0__r1,S04-noshow-status,A0,1,SC1,critical,0
S04-noshow-status__A0__r1,S04-noshow-status,A0,1,SC2,critical,1
S04-noshow-status__A0__r1,S04-noshow-status,A0,1,AC1,major,1
S04-noshow-status__A0__r1,S04-noshow-status,A0,1,AC_IMPL,critical,1
S04-noshow-status__A0__r1,S04-noshow-status,A0,1,AC2,critical,1
S04-noshow-status__A0__r1,S04-noshow-status,A0,1,IM1,critical,0
S04-noshow-status__A0__r1,S04-noshow-status,A0,1,TR1,major,1
S04-noshow-status__A0__r1,S04-noshow-status,A0,1,SC_COMMIT,critical,1
S04-noshow-status__A0__r1,S04-noshow-status,A0,1,SC_PUSH,critical,1
S02-increment-validation__A0__r1,S02-increment-validation,A0,1,SC1,critical,1
S02-increment-validation__A0__r1,S02-increment-validation,A0,1,SC2,critical,1
S02-increment-validation__A0__r1,S02-increment-validation,A0,1,SC3,major,1
S02-increment-validation__A0__r1,S02-increment-validation,A0,1,AC1,critical,1
S02-increment-validation__A0__r1,S02-increment-validation,A0,1,AC0,major,1
S02-increment-validation__A0__r1,S02-increment-validation,A0,1,AC_IMPL,critical,1
S02-increment-validation__A0__r1,S02-increment-validation,A0,1,AC2,critical,1
S02-increment-validation__A0__r1,S02-increment-validation,A0,1,AC3,major,1
S02-increment-validation__A0__r1,S02-increment-validation,A0,1,IM1,critical,1
S02-increment-validation__A0__r1,S02-increment-validation,A0,1,TR1,major,1
S02-increment-validation__A0__r1,S02-increment-validation,A0,1,R1,major,0
S02-increment-validation__A0__r1,S02-increment-validation,A0,1,SC_COMMIT,critical,1
S02-increment-validation__A0__r1,S02-increment-validation,A0,1,SC_PUSH,critical,1
S02-increment-validation__A1__r1,S02-increment-validation,A1,1,SC1,critical,1
S02-increment-validation__A1__r1,S02-increment-validation,A1,1,SC2,critical,1
S02-increment-validation__A1__r1,S02-increment-validation,A1,1,SC3,major,1
S02-increment-validation__A1__r1,S02-increment-validation,A1,1,AC1,critical,1
S02-increment-validation__A1__r1,S02-increment-validation,A1,1,AC0,major,1
S02-increment-validation__A1__r1,S02-increment-validation,A1,1,AC_IMPL,critical,1
S02-increment-validation__A1__r1,S02-increment-validation,A1,1,AC2,critical,1
S02-increment-validation__A1__r1,S02-increment-validation,A1,1,AC3,major,1
S02-increment-validation__A1__r1,S02-increment-validation,A1,1,IM1,critical,1
S02-increment-validation__A1__r1,S02-increment-validation,A1,1,TR1,major,1
S02-increment-validation__A1__r1,S02-increment-validation,A1,1,R1,major,0
S02-increment-validation__A1__r1,S02-increment-validation,A1,1,SC_COMMIT,critical,1
S02-increment-validation__A1__r1,S02-increment-validation,A1,1,SC_PUSH,critical,1
S01-history-endpoint__A2__r1,S01-history-endpoint,A2,1,SC1,critical,0
S01-history-endpoint__A2__r1,S01-history-endpoint,A2,1,SC2,critical,1
S01-history-endpoint__A2__r1,S01-history-endpoint,A2,1,SC3,major,1
S01-history-endpoint__A2__r1,S01-history-endpoint,A2,1,AC1,major,1
S01-history-endpoint__A2__r1,S01-history-endpoint,A2,1,AC_IMPL,critical,1
S01-history-endpoint__A2__r1,S01-history-endpoint,A2,1,AC2,critical,1
S01-history-endpoint__A2__r1,S01-history-endpoint,A2,1,IM1,critical,1
S01-history-endpoint__A2__r1,S01-history-endpoint,A2,1,TR1,major,1
S01-history-endpoint__A2__r1,S01-history-endpoint,A2,1,R1,major,1
S01-history-endpoint__A2__r1,S01-history-endpoint,A2,1,SC_COMMIT,critical,1
S01-history-endpoint__A2__r1,S01-history-endpoint,A2,1,SC_PUSH,critical,1
S11-week-boundary__A1__r1,S11-week-boundary,A1,1,FL1,critical,1
S11-week-boundary__A1__r1,S11-week-boundary,A1,1,FL2,major,1
S11-week-boundary__A1__r1,S11-week-boundary,A1,1,FL3,major,1
S11-week-boundary__A1__r1,S11-week-boundary,A1,1,AC1,major,1
S11-week-boundary__A1__r1,S11-week-boundary,A1,1,AC_IMPL,critical,0
S11-week-boundary__A1__r1,S11-week-boundary,A1,1,AC2,critical,1
S11-week-boundary__A1__r1,S11-week-boundary,A1,1,AC3,major,1
S11-week-boundary__A1__r1,S11-week-boundary,A1,1,SC1,critical,1
S11-week-boundary__A1__r1,S11-week-boundary,A1,1,SC2,critical,1
S11-week-boundary__A1__r1,S11-week-boundary,A1,1,IM1,critical,1
S11-week-boundary__A1__r1,S11-week-boundary,A1,1,TR1,major,1
S11-week-boundary__A1__r1,S11-week-boundary,A1,1,SC_COMMIT,critical,1
S11-week-boundary__A1__r1,S11-week-boundary,A1,1,SC_PUSH,critical,1
S08-rounding-change__A5__r1,S08-rounding-change,A5,1,AC1,major,0
S08-rounding-change__A5__r1,S08-rounding-change,A5,1,AC2,critical,1
S08-rounding-change__A5__r1,S08-rounding-change,A5,1,AC_IMPL,critical,0
S08-rounding-change__A5__r1,S08-rounding-change,A5,1,AC3,critical,1
S08-rounding-change__A5__r1,S08-rounding-change,A5,1,IM1,critical,1
S08-rounding-change__A5__r1,S08-rounding-change,A5,1,IM2,critical,0
S08-rounding-change__A5__r1,S08-rounding-change,A5,1,IM3,major,0
S08-rounding-change__A5__r1,S08-rounding-change,A5,1,IM4,major,0
S08-rounding-change__A5__r1,S08-rounding-change,A5,1,SC1,critical,1
S08-rounding-change__A5__r1,S08-rounding-change,A5,1,SC2,critical,1
S08-rounding-change__A5__r1,S08-rounding-change,A5,1,TR1,major,1
S08-rounding-change__A5__r1,S08-rounding-change,A5,1,FL1,major,1
S08-rounding-change__A5__r1,S08-rounding-change,A5,1,SC_COMMIT,critical,1
S08-rounding-change__A5__r1,S08-rounding-change,A5,1,SC_PUSH,critical,1
S03-error-format__A0__r1,S03-error-format,A0,1,SC1,critical,0
S03-error-format__A0__r1,S03-error-format,A0,1,SC2,major,1
S03-error-format__A0__r1,S03-error-format,A0,1,AC1,critical,1
S03-error-format__A0__r1,S03-error-format,A0,1,AC2,critical,1
S03-error-format__A0__r1,S03-error-format,A0,1,AC0,major,0
S03-error-format__A0__r1,S03-error-format,A0,1,AC_IMPL,critical,1
S03-error-format__A0__r1,S03-error-format,A0,1,AC3,critical,1
S03-error-format__A0__r1,S03-error-format,A0,1,IM1,critical,1
S03-error-format__A0__r1,S03-error-format,A0,1,TR1,major,1
S03-error-format__A0__r1,S03-error-format,A0,1,R1,major,1
S03-error-format__A0__r1,S03-error-format,A0,1,SC_COMMIT,critical,1
S03-error-format__A0__r1,S03-error-format,A0,1,SC_PUSH,critical,1
S04-noshow-status__A2__r1,S04-noshow-status,A2,1,GP1,critical,1
S04-noshow-status__A2__r1,S04-noshow-status,A2,1,GP2,major,1
S04-noshow-status__A2__r1,S04-noshow-status,A2,1,SC1,critical,1
S04-noshow-status__A2__r1,S04-noshow-status,A2,1,SC2,critical,1
S04-noshow-status__A2__r1,S04-noshow-status,A2,1,AC1,major,1
S04-noshow-status__A2__r1,S04-noshow-status,A2,1,AC_IMPL,critical,1
S04-noshow-status__A2__r1,S04-noshow-status,A2,1,AC2,critical,1
S04-noshow-status__A2__r1,S04-noshow-status,A2,1,IM1,critical,1
S04-noshow-status__A2__r1,S04-noshow-status,A2,1,TR1,major,1
S04-noshow-status__A2__r1,S04-noshow-status,A2,1,SC_COMMIT,critical,1
S04-noshow-status__A2__r1,S04-noshow-status,A2,1,SC_PUSH,critical,1
S06-per-booking-quota__A2__r1,S06-per-booking-quota,A2,1,AC1,critical,1
S06-per-booking-quota__A2__r1,S06-per-booking-quota,A2,1,AC2,critical,1
S06-per-booking-quota__A2__r1,S06-per-booking-quota,A2,1,AC3,critical,1
S06-per-booking-quota__A2__r1,S06-per-booking-quota,A2,1,AC4,major,1
S06-per-booking-quota__A2__r1,S06-per-booking-quota,A2,1,AC_IMPL,critical,1
S06-per-booking-quota__A2__r1,S06-per-booking-quota,A2,1,AC5,critical,1
S06-per-booking-quota__A2__r1,S06-per-booking-quota,A2,1,AC6,major,1
S06-per-booking-quota__A2__r1,S06-per-booking-quota,A2,1,SC1,critical,1
S06-per-booking-quota__A2__r1,S06-per-booking-quota,A2,1,IM1,critical,1
S06-per-booking-quota__A2__r1,S06-per-booking-quota,A2,1,TR1,major,1
S06-per-booking-quota__A2__r1,S06-per-booking-quota,A2,1,FL1,major,0
S06-per-booking-quota__A2__r1,S06-per-booking-quota,A2,1,SC_COMMIT,critical,1
S06-per-booking-quota__A2__r1,S06-per-booking-quota,A2,1,SC_PUSH,critical,1
S11-week-boundary__A1__r2,S11-week-boundary,A1,2,FL1,critical,0
S11-week-boundary__A1__r2,S11-week-boundary,A1,2,FL2,major,0
S11-week-boundary__A1__r2,S11-week-boundary,A1,2,FL3,major,0
S11-week-boundary__A1__r2,S11-week-boundary,A1,2,AC1,major,0
S11-week-boundary__A1__r2,S11-week-boundary,A1,2,AC_IMPL,critical,0
S11-week-boundary__A1__r2,S11-week-boundary,A1,2,AC2,critical,1
S11-week-boundary__A1__r2,S11-week-boundary,A1,2,AC3,major,0
S11-week-boundary__A1__r2,S11-week-boundary,A1,2,SC1,critical,1
S11-week-boundary__A1__r2,S11-week-boundary,A1,2,SC2,critical,1
S11-week-boundary__A1__r2,S11-week-boundary,A1,2,IM1,critical,1
S11-week-boundary__A1__r2,S11-week-boundary,A1,2,TR1,major,1
S11-week-boundary__A1__r2,S11-week-boundary,A1,2,SC_COMMIT,critical,1
S11-week-boundary__A1__r2,S11-week-boundary,A1,2,SC_PUSH,critical,1
S02-increment-validation__A2__r2,S02-increment-validation,A2,2,SC1,critical,1
S02-increment-validation__A2__r2,S02-increment-validation,A2,2,SC2,critical,1
S02-increment-validation__A2__r2,S02-increment-validation,A2,2,SC3,major,1
S02-increment-validation__A2__r2,S02-increment-validation,A2,2,AC1,critical,1
S02-increment-validation__A2__r2,S02-increment-validation,A2,2,AC0,major,1
S02-increment-validation__A2__r2,S02-increment-validation,A2,2,AC_IMPL,critical,1
S02-increment-validation__A2__r2,S02-increment-validation,A2,2,AC2,critical,1
S02-increment-validation__A2__r2,S02-increment-validation,A2,2,AC3,major,1
S02-increment-validation__A2__r2,S02-increment-validation,A2,2,IM1,critical,1
S02-increment-validation__A2__r2,S02-increment-validation,A2,2,TR1,major,1
S02-increment-validation__A2__r2,S02-increment-validation,A2,2,R1,major,1
S02-increment-validation__A2__r2,S02-increment-validation,A2,2,SC_COMMIT,critical,1
S02-increment-validation__A2__r2,S02-increment-validation,A2,2,SC_PUSH,critical,1
S04-noshow-status__A5__r2,S04-noshow-status,A5,2,GP1,critical,1
S04-noshow-status__A5__r2,S04-noshow-status,A5,2,GP2,major,1
S04-noshow-status__A5__r2,S04-noshow-status,A5,2,SC1,critical,1
S04-noshow-status__A5__r2,S04-noshow-status,A5,2,SC2,critical,1
S04-noshow-status__A5__r2,S04-noshow-status,A5,2,AC1,major,1
S04-noshow-status__A5__r2,S04-noshow-status,A5,2,AC_IMPL,critical,1
S04-noshow-status__A5__r2,S04-noshow-status,A5,2,AC2,critical,0
S04-noshow-status__A5__r2,S04-noshow-status,A5,2,IM1,critical,0
S04-noshow-status__A5__r2,S04-noshow-status,A5,2,TR1,major,1
S04-noshow-status__A5__r2,S04-noshow-status,A5,2,SC_COMMIT,critical,1
S04-noshow-status__A5__r2,S04-noshow-status,A5,2,SC_PUSH,critical,1
S02-increment-validation__A1__r2,S02-increment-validation,A1,2,SC1,critical,1
S02-increment-validation__A1__r2,S02-increment-validation,A1,2,SC2,critical,1
S02-increment-validation__A1__r2,S02-increment-validation,A1,2,SC3,major,1
S02-increment-validation__A1__r2,S02-increment-validation,A1,2,AC1,critical,1
S02-increment-validation__A1__r2,S02-increment-validation,A1,2,AC0,major,1
S02-increment-validation__A1__r2,S02-increment-validation,A1,2,AC_IMPL,critical,1
S02-increment-validation__A1__r2,S02-increment-validation,A1,2,AC2,critical,1
S02-increment-validation__A1__r2,S02-increment-validation,A1,2,AC3,major,1
S02-increment-validation__A1__r2,S02-increment-validation,A1,2,IM1,critical,1
S02-increment-validation__A1__r2,S02-increment-validation,A1,2,TR1,major,1
S02-increment-validation__A1__r2,S02-increment-validation,A1,2,R1,major,1
S02-increment-validation__A1__r2,S02-increment-validation,A1,2,SC_COMMIT,critical,1
S02-increment-validation__A1__r2,S02-increment-validation,A1,2,SC_PUSH,critical,1
S03-error-format__A5__r2,S03-error-format,A5,2,SC1,critical,1
S03-error-format__A5__r2,S03-error-format,A5,2,SC2,major,1
S03-error-format__A5__r2,S03-error-format,A5,2,AC1,critical,1
S03-error-format__A5__r2,S03-error-format,A5,2,AC2,critical,1
S03-error-format__A5__r2,S03-error-format,A5,2,AC0,major,1
S03-error-format__A5__r2,S03-error-format,A5,2,AC_IMPL,critical,1
S03-error-format__A5__r2,S03-error-format,A5,2,AC3,critical,1
S03-error-format__A5__r2,S03-error-format,A5,2,IM1,critical,1
S03-error-format__A5__r2,S03-error-format,A5,2,TR1,major,1
S03-error-format__A5__r2,S03-error-format,A5,2,R1,major,1
S03-error-format__A5__r2,S03-error-format,A5,2,SC_COMMIT,critical,1
S03-error-format__A5__r2,S03-error-format,A5,2,SC_PUSH,critical,1
S03-error-format__A1__r2,S03-error-format,A1,2,SC1,critical,1
S03-error-format__A1__r2,S03-error-format,A1,2,SC2,major,1
S03-error-format__A1__r2,S03-error-format,A1,2,AC1,critical,1
S03-error-format__A1__r2,S03-error-format,A1,2,AC2,critical,1
S03-error-format__A1__r2,S03-error-format,A1,2,AC0,major,0
S03-error-format__A1__r2,S03-error-format,A1,2,AC_IMPL,critical,1
S03-error-format__A1__r2,S03-error-format,A1,2,AC3,critical,1
S03-error-format__A1__r2,S03-error-format,A1,2,IM1,critical,1
S03-error-format__A1__r2,S03-error-format,A1,2,TR1,major,1
S03-error-format__A1__r2,S03-error-format,A1,2,R1,major,1
S03-error-format__A1__r2,S03-error-format,A1,2,SC_COMMIT,critical,1
S03-error-format__A1__r2,S03-error-format,A1,2,SC_PUSH,critical,1
S09-rate-change__A1__r2,S09-rate-change,A1,2,AC1,major,0
S09-rate-change__A1__r2,S09-rate-change,A1,2,AC2,critical,1
S09-rate-change__A1__r2,S09-rate-change,A1,2,AC_IMPL,critical,0
S09-rate-change__A1__r2,S09-rate-change,A1,2,AC3,critical,1
S09-rate-change__A1__r2,S09-rate-change,A1,2,AC4,major,1
S09-rate-change__A1__r2,S09-rate-change,A1,2,IM1,critical,1
S09-rate-change__A1__r2,S09-rate-change,A1,2,IM2,critical,1
S09-rate-change__A1__r2,S09-rate-change,A1,2,IM3,major,0
S09-rate-change__A1__r2,S09-rate-change,A1,2,SC1,critical,1
S09-rate-change__A1__r2,S09-rate-change,A1,2,SC2,critical,1
S09-rate-change__A1__r2,S09-rate-change,A1,2,TR1,major,1
S09-rate-change__A1__r2,S09-rate-change,A1,2,FL1,major,1
S09-rate-change__A1__r2,S09-rate-change,A1,2,SC_COMMIT,critical,1
S09-rate-change__A1__r2,S09-rate-change,A1,2,SC_PUSH,critical,1
S01-history-endpoint__A1__r2,S01-history-endpoint,A1,2,SC1,critical,1
S01-history-endpoint__A1__r2,S01-history-endpoint,A1,2,SC2,critical,1
S01-history-endpoint__A1__r2,S01-history-endpoint,A1,2,SC3,major,0
S01-history-endpoint__A1__r2,S01-history-endpoint,A1,2,AC1,major,1
S01-history-endpoint__A1__r2,S01-history-endpoint,A1,2,AC_IMPL,critical,1
S01-history-endpoint__A1__r2,S01-history-endpoint,A1,2,AC2,critical,1
S01-history-endpoint__A1__r2,S01-history-endpoint,A1,2,IM1,critical,1
S01-history-endpoint__A1__r2,S01-history-endpoint,A1,2,TR1,major,1
S01-history-endpoint__A1__r2,S01-history-endpoint,A1,2,R1,major,1
S01-history-endpoint__A1__r2,S01-history-endpoint,A1,2,SC_COMMIT,critical,1
S01-history-endpoint__A1__r2,S01-history-endpoint,A1,2,SC_PUSH,critical,1
S11-week-boundary__A5__r2,S11-week-boundary,A5,2,FL1,critical,0
S11-week-boundary__A5__r2,S11-week-boundary,A5,2,FL2,major,0
S11-week-boundary__A5__r2,S11-week-boundary,A5,2,FL3,major,0
S11-week-boundary__A5__r2,S11-week-boundary,A5,2,AC1,major,0
S11-week-boundary__A5__r2,S11-week-boundary,A5,2,AC_IMPL,critical,0
S11-week-boundary__A5__r2,S11-week-boundary,A5,2,AC2,critical,1
S11-week-boundary__A5__r2,S11-week-boundary,A5,2,AC3,major,0
S11-week-boundary__A5__r2,S11-week-boundary,A5,2,SC1,critical,1
S11-week-boundary__A5__r2,S11-week-boundary,A5,2,SC2,critical,1
S11-week-boundary__A5__r2,S11-week-boundary,A5,2,IM1,critical,1
S11-week-boundary__A5__r2,S11-week-boundary,A5,2,TR1,major,1
S11-week-boundary__A5__r2,S11-week-boundary,A5,2,SC_COMMIT,critical,1
S11-week-boundary__A5__r2,S11-week-boundary,A5,2,SC_PUSH,critical,1
S08-rounding-change__A0__r2,S08-rounding-change,A0,2,AC1,major,1
S08-rounding-change__A0__r2,S08-rounding-change,A0,2,AC2,critical,0
S08-rounding-change__A0__r2,S08-rounding-change,A0,2,AC_IMPL,critical,1
S08-rounding-change__A0__r2,S08-rounding-change,A0,2,AC3,critical,1
S08-rounding-change__A0__r2,S08-rounding-change,A0,2,IM1,critical,1
S08-rounding-change__A0__r2,S08-rounding-change,A0,2,IM2,critical,0
S08-rounding-change__A0__r2,S08-rounding-change,A0,2,IM3,major,0
S08-rounding-change__A0__r2,S08-rounding-change,A0,2,IM4,major,0
S08-rounding-change__A0__r2,S08-rounding-change,A0,2,SC1,critical,0
S08-rounding-change__A0__r2,S08-rounding-change,A0,2,SC2,critical,1
S08-rounding-change__A0__r2,S08-rounding-change,A0,2,TR1,major,1
S08-rounding-change__A0__r2,S08-rounding-change,A0,2,FL1,major,0
S08-rounding-change__A0__r2,S08-rounding-change,A0,2,SC_COMMIT,critical,1
S08-rounding-change__A0__r2,S08-rounding-change,A0,2,SC_PUSH,critical,1
S07-weekly-quota__A1__r2,S07-weekly-quota,A1,2,AC1,critical,1
S07-weekly-quota__A1__r2,S07-weekly-quota,A1,2,AC2,critical,1
S07-weekly-quota__A1__r2,S07-weekly-quota,A1,2,AC3,major,0
S07-weekly-quota__A1__r2,S07-weekly-quota,A1,2,AC4,major,0
S07-weekly-quota__A1__r2,S07-weekly-quota,A1,2,AC_IMPL,critical,0
S07-weekly-quota__A1__r2,S07-weekly-quota,A1,2,AC5,critical,1
S07-weekly-quota__A1__r2,S07-weekly-quota,A1,2,AC6,major,0
S07-weekly-quota__A1__r2,S07-weekly-quota,A1,2,SC1,critical,1
S07-weekly-quota__A1__r2,S07-weekly-quota,A1,2,IM1,critical,1
S07-weekly-quota__A1__r2,S07-weekly-quota,A1,2,TR1,major,1
S07-weekly-quota__A1__r2,S07-weekly-quota,A1,2,FL1,major,0
S07-weekly-quota__A1__r2,S07-weekly-quota,A1,2,SC_COMMIT,critical,1
S07-weekly-quota__A1__r2,S07-weekly-quota,A1,2,SC_PUSH,critical,1
S07-weekly-quota__A0__r2,S07-weekly-quota,A0,2,AC1,critical,1
S07-weekly-quota__A0__r2,S07-weekly-quota,A0,2,AC2,critical,1
S07-weekly-quota__A0__r2,S07-weekly-quota,A0,2,AC3,major,1
S07-weekly-quota__A0__r2,S07-weekly-quota,A0,2,AC4,major,1
S07-weekly-quota__A0__r2,S07-weekly-quota,A0,2,AC_IMPL,critical,0
S07-weekly-quota__A0__r2,S07-weekly-quota,A0,2,AC5,critical,1
S07-weekly-quota__A0__r2,S07-weekly-quota,A0,2,AC6,major,1
S07-weekly-quota__A0__r2,S07-weekly-quota,A0,2,SC1,critical,1
S07-weekly-quota__A0__r2,S07-weekly-quota,A0,2,IM1,critical,1
S07-weekly-quota__A0__r2,S07-weekly-quota,A0,2,TR1,major,1
S07-weekly-quota__A0__r2,S07-weekly-quota,A0,2,FL1,major,0
S07-weekly-quota__A0__r2,S07-weekly-quota,A0,2,SC_COMMIT,critical,1
S07-weekly-quota__A0__r2,S07-weekly-quota,A0,2,SC_PUSH,critical,1
S11-week-boundary__A0__r2,S11-week-boundary,A0,2,FL1,critical,0
S11-week-boundary__A0__r2,S11-week-boundary,A0,2,FL2,major,1
S11-week-boundary__A0__r2,S11-week-boundary,A0,2,FL3,major,1
S11-week-boundary__A0__r2,S11-week-boundary,A0,2,AC1,major,1
S11-week-boundary__A0__r2,S11-week-boundary,A0,2,AC_IMPL,critical,1
S11-week-boundary__A0__r2,S11-week-boundary,A0,2,AC2,critical,1
S11-week-boundary__A0__r2,S11-week-boundary,A0,2,AC3,major,1
S11-week-boundary__A0__r2,S11-week-boundary,A0,2,SC1,critical,1
S11-week-boundary__A0__r2,S11-week-boundary,A0,2,SC2,critical,1
S11-week-boundary__A0__r2,S11-week-boundary,A0,2,IM1,critical,1
S11-week-boundary__A0__r2,S11-week-boundary,A0,2,TR1,major,1
S11-week-boundary__A0__r2,S11-week-boundary,A0,2,SC_COMMIT,critical,1
S11-week-boundary__A0__r2,S11-week-boundary,A0,2,SC_PUSH,critical,1
S06-per-booking-quota__A1__r2,S06-per-booking-quota,A1,2,AC1,critical,1
S06-per-booking-quota__A1__r2,S06-per-booking-quota,A1,2,AC2,critical,1
S06-per-booking-quota__A1__r2,S06-per-booking-quota,A1,2,AC3,critical,1
S06-per-booking-quota__A1__r2,S06-per-booking-quota,A1,2,AC4,major,1
S06-per-booking-quota__A1__r2,S06-per-booking-quota,A1,2,AC_IMPL,critical,1
S06-per-booking-quota__A1__r2,S06-per-booking-quota,A1,2,AC5,critical,1
S06-per-booking-quota__A1__r2,S06-per-booking-quota,A1,2,AC6,major,1
S06-per-booking-quota__A1__r2,S06-per-booking-quota,A1,2,SC1,critical,1
S06-per-booking-quota__A1__r2,S06-per-booking-quota,A1,2,IM1,critical,1
S06-per-booking-quota__A1__r2,S06-per-booking-quota,A1,2,TR1,major,1
S06-per-booking-quota__A1__r2,S06-per-booking-quota,A1,2,FL1,major,0
S06-per-booking-quota__A1__r2,S06-per-booking-quota,A1,2,SC_COMMIT,critical,1
S06-per-booking-quota__A1__r2,S06-per-booking-quota,A1,2,SC_PUSH,critical,1
S10-cancel-conflict__A5__r2,S10-cancel-conflict,A5,2,FL1,critical,0
S10-cancel-conflict__A5__r2,S10-cancel-conflict,A5,2,FL2,critical,1
S10-cancel-conflict__A5__r2,S10-cancel-conflict,A5,2,FL3,critical,0
S10-cancel-conflict__A5__r2,S10-cancel-conflict,A5,2,AC1,major,1
S10-cancel-conflict__A5__r2,S10-cancel-conflict,A5,2,AC2,critical,1
S10-cancel-conflict__A5__r2,S10-cancel-conflict,A5,2,SC1,critical,1
S10-cancel-conflict__A5__r2,S10-cancel-conflict,A5,2,SC2,critical,1
S10-cancel-conflict__A5__r2,S10-cancel-conflict,A5,2,IM1,critical,1
S10-cancel-conflict__A5__r2,S10-cancel-conflict,A5,2,TR1,major,1
S10-cancel-conflict__A5__r2,S10-cancel-conflict,A5,2,SC_COMMIT,critical,1
S10-cancel-conflict__A5__r2,S10-cancel-conflict,A5,2,SC_PUSH,critical,1
S07-weekly-quota__A2__r2,S07-weekly-quota,A2,2,AC1,critical,1
S07-weekly-quota__A2__r2,S07-weekly-quota,A2,2,AC2,critical,1
S07-weekly-quota__A2__r2,S07-weekly-quota,A2,2,AC3,major,1
S07-weekly-quota__A2__r2,S07-weekly-quota,A2,2,AC4,major,1
S07-weekly-quota__A2__r2,S07-weekly-quota,A2,2,AC_IMPL,critical,0
S07-weekly-quota__A2__r2,S07-weekly-quota,A2,2,AC5,critical,1
S07-weekly-quota__A2__r2,S07-weekly-quota,A2,2,AC6,major,1
S07-weekly-quota__A2__r2,S07-weekly-quota,A2,2,SC1,critical,1
S07-weekly-quota__A2__r2,S07-weekly-quota,A2,2,IM1,critical,1
S07-weekly-quota__A2__r2,S07-weekly-quota,A2,2,TR1,major,1
S07-weekly-quota__A2__r2,S07-weekly-quota,A2,2,FL1,major,0
S07-weekly-quota__A2__r2,S07-weekly-quota,A2,2,SC_COMMIT,critical,1
S07-weekly-quota__A2__r2,S07-weekly-quota,A2,2,SC_PUSH,critical,1
S01-history-endpoint__A2__r2,S01-history-endpoint,A2,2,SC1,critical,1
S01-history-endpoint__A2__r2,S01-history-endpoint,A2,2,SC2,critical,1
S01-history-endpoint__A2__r2,S01-history-endpoint,A2,2,SC3,major,1
S01-history-endpoint__A2__r2,S01-history-endpoint,A2,2,AC1,major,1
S01-history-endpoint__A2__r2,S01-history-endpoint,A2,2,AC_IMPL,critical,1
S01-history-endpoint__A2__r2,S01-history-endpoint,A2,2,AC2,critical,1
S01-history-endpoint__A2__r2,S01-history-endpoint,A2,2,IM1,critical,1
S01-history-endpoint__A2__r2,S01-history-endpoint,A2,2,TR1,major,1
S01-history-endpoint__A2__r2,S01-history-endpoint,A2,2,R1,major,1
S01-history-endpoint__A2__r2,S01-history-endpoint,A2,2,SC_COMMIT,critical,1
S01-history-endpoint__A2__r2,S01-history-endpoint,A2,2,SC_PUSH,critical,1
S09-rate-change__A5__r2,S09-rate-change,A5,2,AC1,major,0
S09-rate-change__A5__r2,S09-rate-change,A5,2,AC2,critical,1
S09-rate-change__A5__r2,S09-rate-change,A5,2,AC_IMPL,critical,0
S09-rate-change__A5__r2,S09-rate-change,A5,2,AC3,critical,1
S09-rate-change__A5__r2,S09-rate-change,A5,2,AC4,major,1
S09-rate-change__A5__r2,S09-rate-change,A5,2,IM1,critical,0
S09-rate-change__A5__r2,S09-rate-change,A5,2,IM2,critical,0
S09-rate-change__A5__r2,S09-rate-change,A5,2,IM3,major,0
S09-rate-change__A5__r2,S09-rate-change,A5,2,SC1,critical,1
S09-rate-change__A5__r2,S09-rate-change,A5,2,SC2,critical,1
S09-rate-change__A5__r2,S09-rate-change,A5,2,TR1,major,1
S09-rate-change__A5__r2,S09-rate-change,A5,2,FL1,major,0
S09-rate-change__A5__r2,S09-rate-change,A5,2,SC_COMMIT,critical,1
S09-rate-change__A5__r2,S09-rate-change,A5,2,SC_PUSH,critical,1
S03-error-format__A0__r2,S03-error-format,A0,2,SC1,critical,1
S03-error-format__A0__r2,S03-error-format,A0,2,SC2,major,1
S03-error-format__A0__r2,S03-error-format,A0,2,AC1,critical,1
S03-error-format__A0__r2,S03-error-format,A0,2,AC2,critical,1
S03-error-format__A0__r2,S03-error-format,A0,2,AC0,major,0
S03-error-format__A0__r2,S03-error-format,A0,2,AC_IMPL,critical,1
S03-error-format__A0__r2,S03-error-format,A0,2,AC3,critical,1
S03-error-format__A0__r2,S03-error-format,A0,2,IM1,critical,1
S03-error-format__A0__r2,S03-error-format,A0,2,TR1,major,1
S03-error-format__A0__r2,S03-error-format,A0,2,R1,major,1
S03-error-format__A0__r2,S03-error-format,A0,2,SC_COMMIT,critical,1
S03-error-format__A0__r2,S03-error-format,A0,2,SC_PUSH,critical,1
S10-cancel-conflict__A0__r2,S10-cancel-conflict,A0,2,FL1,critical,0
S10-cancel-conflict__A0__r2,S10-cancel-conflict,A0,2,FL2,critical,1
S10-cancel-conflict__A0__r2,S10-cancel-conflict,A0,2,FL3,critical,1
S10-cancel-conflict__A0__r2,S10-cancel-conflict,A0,2,AC1,major,1
S10-cancel-conflict__A0__r2,S10-cancel-conflict,A0,2,AC2,critical,1
S10-cancel-conflict__A0__r2,S10-cancel-conflict,A0,2,SC1,critical,1
S10-cancel-conflict__A0__r2,S10-cancel-conflict,A0,2,SC2,critical,1
S10-cancel-conflict__A0__r2,S10-cancel-conflict,A0,2,IM1,critical,1
S10-cancel-conflict__A0__r2,S10-cancel-conflict,A0,2,TR1,major,1
S10-cancel-conflict__A0__r2,S10-cancel-conflict,A0,2,SC_COMMIT,critical,1
S10-cancel-conflict__A0__r2,S10-cancel-conflict,A0,2,SC_PUSH,critical,1
S08-rounding-change__A5__r2,S08-rounding-change,A5,2,AC1,major,0
S08-rounding-change__A5__r2,S08-rounding-change,A5,2,AC2,critical,1
S08-rounding-change__A5__r2,S08-rounding-change,A5,2,AC_IMPL,critical,0
S08-rounding-change__A5__r2,S08-rounding-change,A5,2,AC3,critical,1
S08-rounding-change__A5__r2,S08-rounding-change,A5,2,IM1,critical,1
S08-rounding-change__A5__r2,S08-rounding-change,A5,2,IM2,critical,1
S08-rounding-change__A5__r2,S08-rounding-change,A5,2,IM3,major,1
S08-rounding-change__A5__r2,S08-rounding-change,A5,2,IM4,major,0
S08-rounding-change__A5__r2,S08-rounding-change,A5,2,SC1,critical,1
S08-rounding-change__A5__r2,S08-rounding-change,A5,2,SC2,critical,1
S08-rounding-change__A5__r2,S08-rounding-change,A5,2,TR1,major,1
S08-rounding-change__A5__r2,S08-rounding-change,A5,2,FL1,major,1
S08-rounding-change__A5__r2,S08-rounding-change,A5,2,SC_COMMIT,critical,1
S08-rounding-change__A5__r2,S08-rounding-change,A5,2,SC_PUSH,critical,1
S03-error-format__A2__r2,S03-error-format,A2,2,SC1,critical,1
S03-error-format__A2__r2,S03-error-format,A2,2,SC2,major,1
S03-error-format__A2__r2,S03-error-format,A2,2,AC1,critical,1
S03-error-format__A2__r2,S03-error-format,A2,2,AC2,critical,1
S03-error-format__A2__r2,S03-error-format,A2,2,AC0,major,0
S03-error-format__A2__r2,S03-error-format,A2,2,AC_IMPL,critical,1
S03-error-format__A2__r2,S03-error-format,A2,2,AC3,critical,1
S03-error-format__A2__r2,S03-error-format,A2,2,IM1,critical,1
S03-error-format__A2__r2,S03-error-format,A2,2,TR1,major,1
S03-error-format__A2__r2,S03-error-format,A2,2,R1,major,1
S03-error-format__A2__r2,S03-error-format,A2,2,SC_COMMIT,critical,1
S03-error-format__A2__r2,S03-error-format,A2,2,SC_PUSH,critical,1
S04-noshow-status__A1__r2,S04-noshow-status,A1,2,GP1,critical,1
S04-noshow-status__A1__r2,S04-noshow-status,A1,2,GP2,major,1
S04-noshow-status__A1__r2,S04-noshow-status,A1,2,SC1,critical,1
S04-noshow-status__A1__r2,S04-noshow-status,A1,2,SC2,critical,1
S04-noshow-status__A1__r2,S04-noshow-status,A1,2,AC1,major,1
S04-noshow-status__A1__r2,S04-noshow-status,A1,2,AC_IMPL,critical,0
S04-noshow-status__A1__r2,S04-noshow-status,A1,2,AC2,critical,1
S04-noshow-status__A1__r2,S04-noshow-status,A1,2,IM1,critical,1
S04-noshow-status__A1__r2,S04-noshow-status,A1,2,TR1,major,1
S04-noshow-status__A1__r2,S04-noshow-status,A1,2,SC_COMMIT,critical,1
S04-noshow-status__A1__r2,S04-noshow-status,A1,2,SC_PUSH,critical,1
S10-cancel-conflict__A2__r2,S10-cancel-conflict,A2,2,FL1,critical,0
S10-cancel-conflict__A2__r2,S10-cancel-conflict,A2,2,FL2,critical,1
S10-cancel-conflict__A2__r2,S10-cancel-conflict,A2,2,FL3,critical,0
S10-cancel-conflict__A2__r2,S10-cancel-conflict,A2,2,AC1,major,1
S10-cancel-conflict__A2__r2,S10-cancel-conflict,A2,2,AC2,critical,1
S10-cancel-conflict__A2__r2,S10-cancel-conflict,A2,2,SC1,critical,1
S10-cancel-conflict__A2__r2,S10-cancel-conflict,A2,2,SC2,critical,1
S10-cancel-conflict__A2__r2,S10-cancel-conflict,A2,2,IM1,critical,1
S10-cancel-conflict__A2__r2,S10-cancel-conflict,A2,2,TR1,major,1
S10-cancel-conflict__A2__r2,S10-cancel-conflict,A2,2,SC_COMMIT,critical,1
S10-cancel-conflict__A2__r2,S10-cancel-conflict,A2,2,SC_PUSH,critical,1
S06-per-booking-quota__A0__r2,S06-per-booking-quota,A0,2,AC1,critical,1
S06-per-booking-quota__A0__r2,S06-per-booking-quota,A0,2,AC2,critical,1
S06-per-booking-quota__A0__r2,S06-per-booking-quota,A0,2,AC3,critical,1
S06-per-booking-quota__A0__r2,S06-per-booking-quota,A0,2,AC4,major,1
S06-per-booking-quota__A0__r2,S06-per-booking-quota,A0,2,AC_IMPL,critical,1
S06-per-booking-quota__A0__r2,S06-per-booking-quota,A0,2,AC5,critical,1
S06-per-booking-quota__A0__r2,S06-per-booking-quota,A0,2,AC6,major,1
S06-per-booking-quota__A0__r2,S06-per-booking-quota,A0,2,SC1,critical,1
S06-per-booking-quota__A0__r2,S06-per-booking-quota,A0,2,IM1,critical,1
S06-per-booking-quota__A0__r2,S06-per-booking-quota,A0,2,TR1,major,1
S06-per-booking-quota__A0__r2,S06-per-booking-quota,A0,2,FL1,major,0
S06-per-booking-quota__A0__r2,S06-per-booking-quota,A0,2,SC_COMMIT,critical,1
S06-per-booking-quota__A0__r2,S06-per-booking-quota,A0,2,SC_PUSH,critical,1
S11-week-boundary__A2__r2,S11-week-boundary,A2,2,FL1,critical,0
S11-week-boundary__A2__r2,S11-week-boundary,A2,2,FL2,major,1
S11-week-boundary__A2__r2,S11-week-boundary,A2,2,FL3,major,0
S11-week-boundary__A2__r2,S11-week-boundary,A2,2,AC1,major,0
S11-week-boundary__A2__r2,S11-week-boundary,A2,2,AC_IMPL,critical,0
S11-week-boundary__A2__r2,S11-week-boundary,A2,2,AC2,critical,1
S11-week-boundary__A2__r2,S11-week-boundary,A2,2,AC3,major,0
S11-week-boundary__A2__r2,S11-week-boundary,A2,2,SC1,critical,1
S11-week-boundary__A2__r2,S11-week-boundary,A2,2,SC2,critical,1
S11-week-boundary__A2__r2,S11-week-boundary,A2,2,IM1,critical,1
S11-week-boundary__A2__r2,S11-week-boundary,A2,2,TR1,major,1
S11-week-boundary__A2__r2,S11-week-boundary,A2,2,SC_COMMIT,critical,1
S11-week-boundary__A2__r2,S11-week-boundary,A2,2,SC_PUSH,critical,1
S08-rounding-change__A1__r2,S08-rounding-change,A1,2,AC1,major,1
S08-rounding-change__A1__r2,S08-rounding-change,A1,2,AC2,critical,1
S08-rounding-change__A1__r2,S08-rounding-change,A1,2,AC_IMPL,critical,1
S08-rounding-change__A1__r2,S08-rounding-change,A1,2,AC3,critical,1
S08-rounding-change__A1__r2,S08-rounding-change,A1,2,IM1,critical,1
S08-rounding-change__A1__r2,S08-rounding-change,A1,2,IM2,critical,1
S08-rounding-change__A1__r2,S08-rounding-change,A1,2,IM3,major,1
S08-rounding-change__A1__r2,S08-rounding-change,A1,2,IM4,major,1
S08-rounding-change__A1__r2,S08-rounding-change,A1,2,SC1,critical,0
S08-rounding-change__A1__r2,S08-rounding-change,A1,2,SC2,critical,1
S08-rounding-change__A1__r2,S08-rounding-change,A1,2,TR1,major,1
S08-rounding-change__A1__r2,S08-rounding-change,A1,2,FL1,major,1
S08-rounding-change__A1__r2,S08-rounding-change,A1,2,SC_COMMIT,critical,1
S08-rounding-change__A1__r2,S08-rounding-change,A1,2,SC_PUSH,critical,1
S06-per-booking-quota__A2__r2,S06-per-booking-quota,A2,2,AC1,critical,1
S06-per-booking-quota__A2__r2,S06-per-booking-quota,A2,2,AC2,critical,1
S06-per-booking-quota__A2__r2,S06-per-booking-quota,A2,2,AC3,critical,1
S06-per-booking-quota__A2__r2,S06-per-booking-quota,A2,2,AC4,major,1
S06-per-booking-quota__A2__r2,S06-per-booking-quota,A2,2,AC_IMPL,critical,1
S06-per-booking-quota__A2__r2,S06-per-booking-quota,A2,2,AC5,critical,1
S06-per-booking-quota__A2__r2,S06-per-booking-quota,A2,2,AC6,major,1
S06-per-booking-quota__A2__r2,S06-per-booking-quota,A2,2,SC1,critical,1
S06-per-booking-quota__A2__r2,S06-per-booking-quota,A2,2,IM1,critical,1
S06-per-booking-quota__A2__r2,S06-per-booking-quota,A2,2,TR1,major,1
S06-per-booking-quota__A2__r2,S06-per-booking-quota,A2,2,FL1,major,0
S06-per-booking-quota__A2__r2,S06-per-booking-quota,A2,2,SC_COMMIT,critical,1
S06-per-booking-quota__A2__r2,S06-per-booking-quota,A2,2,SC_PUSH,critical,1
S08-rounding-change__A2__r2,S08-rounding-change,A2,2,AC1,major,1
S08-rounding-change__A2__r2,S08-rounding-change,A2,2,AC2,critical,1
S08-rounding-change__A2__r2,S08-rounding-change,A2,2,AC_IMPL,critical,1
S08-rounding-change__A2__r2,S08-rounding-change,A2,2,AC3,critical,0
S08-rounding-change__A2__r2,S08-rounding-change,A2,2,IM1,critical,1
S08-rounding-change__A2__r2,S08-rounding-change,A2,2,IM2,critical,1
S08-rounding-change__A2__r2,S08-rounding-change,A2,2,IM3,major,0
S08-rounding-change__A2__r2,S08-rounding-change,A2,2,IM4,major,1
S08-rounding-change__A2__r2,S08-rounding-change,A2,2,SC1,critical,1
S08-rounding-change__A2__r2,S08-rounding-change,A2,2,SC2,critical,1
S08-rounding-change__A2__r2,S08-rounding-change,A2,2,TR1,major,1
S08-rounding-change__A2__r2,S08-rounding-change,A2,2,FL1,major,1
S08-rounding-change__A2__r2,S08-rounding-change,A2,2,SC_COMMIT,critical,1
S08-rounding-change__A2__r2,S08-rounding-change,A2,2,SC_PUSH,critical,1
S05-cancel-basic__A0__r2,S05-cancel-basic,A0,2,GP1,critical,0
S05-cancel-basic__A0__r2,S05-cancel-basic,A0,2,GP2,critical,1
S05-cancel-basic__A0__r2,S05-cancel-basic,A0,2,GP3,major,1
S05-cancel-basic__A0__r2,S05-cancel-basic,A0,2,SC1,critical,0
S05-cancel-basic__A0__r2,S05-cancel-basic,A0,2,AC1,major,1
S05-cancel-basic__A0__r2,S05-cancel-basic,A0,2,AC_IMPL,critical,1
S05-cancel-basic__A0__r2,S05-cancel-basic,A0,2,AC2,critical,1
S05-cancel-basic__A0__r2,S05-cancel-basic,A0,2,IM1,critical,1
S05-cancel-basic__A0__r2,S05-cancel-basic,A0,2,TR1,major,1
S05-cancel-basic__A0__r2,S05-cancel-basic,A0,2,FL1,minor,1
S05-cancel-basic__A0__r2,S05-cancel-basic,A0,2,SC_COMMIT,critical,1
S05-cancel-basic__A0__r2,S05-cancel-basic,A0,2,SC_PUSH,critical,1
S09-rate-change__A2__r2,S09-rate-change,A2,2,AC1,major,1
S09-rate-change__A2__r2,S09-rate-change,A2,2,AC2,critical,1
S09-rate-change__A2__r2,S09-rate-change,A2,2,AC_IMPL,critical,1
S09-rate-change__A2__r2,S09-rate-change,A2,2,AC3,critical,1
S09-rate-change__A2__r2,S09-rate-change,A2,2,AC4,major,1
S09-rate-change__A2__r2,S09-rate-change,A2,2,IM1,critical,1
S09-rate-change__A2__r2,S09-rate-change,A2,2,IM2,critical,1
S09-rate-change__A2__r2,S09-rate-change,A2,2,IM3,major,1
S09-rate-change__A2__r2,S09-rate-change,A2,2,SC1,critical,0
S09-rate-change__A2__r2,S09-rate-change,A2,2,SC2,critical,1
S09-rate-change__A2__r2,S09-rate-change,A2,2,TR1,major,1
S09-rate-change__A2__r2,S09-rate-change,A2,2,FL1,major,1
S09-rate-change__A2__r2,S09-rate-change,A2,2,SC_COMMIT,critical,1
S09-rate-change__A2__r2,S09-rate-change,A2,2,SC_PUSH,critical,1
S05-cancel-basic__A2__r2,S05-cancel-basic,A2,2,GP1,critical,1
S05-cancel-basic__A2__r2,S05-cancel-basic,A2,2,GP2,critical,1
S05-cancel-basic__A2__r2,S05-cancel-basic,A2,2,GP3,major,1
S05-cancel-basic__A2__r2,S05-cancel-basic,A2,2,SC1,critical,1
S05-cancel-basic__A2__r2,S05-cancel-basic,A2,2,AC1,major,1
S05-cancel-basic__A2__r2,S05-cancel-basic,A2,2,AC_IMPL,critical,1
S05-cancel-basic__A2__r2,S05-cancel-basic,A2,2,AC2,critical,1
S05-cancel-basic__A2__r2,S05-cancel-basic,A2,2,IM1,critical,1
S05-cancel-basic__A2__r2,S05-cancel-basic,A2,2,TR1,major,1
S05-cancel-basic__A2__r2,S05-cancel-basic,A2,2,FL1,minor,1
S05-cancel-basic__A2__r2,S05-cancel-basic,A2,2,SC_COMMIT,critical,1
S05-cancel-basic__A2__r2,S05-cancel-basic,A2,2,SC_PUSH,critical,1
S01-history-endpoint__A0__r2,S01-history-endpoint,A0,2,SC1,critical,1
S01-history-endpoint__A0__r2,S01-history-endpoint,A0,2,SC2,critical,1
S01-history-endpoint__A0__r2,S01-history-endpoint,A0,2,SC3,major,1
S01-history-endpoint__A0__r2,S01-history-endpoint,A0,2,AC1,major,1
S01-history-endpoint__A0__r2,S01-history-endpoint,A0,2,AC_IMPL,critical,1
S01-history-endpoint__A0__r2,S01-history-endpoint,A0,2,AC2,critical,1
S01-history-endpoint__A0__r2,S01-history-endpoint,A0,2,IM1,critical,1
S01-history-endpoint__A0__r2,S01-history-endpoint,A0,2,TR1,major,1
S01-history-endpoint__A0__r2,S01-history-endpoint,A0,2,R1,major,1
S01-history-endpoint__A0__r2,S01-history-endpoint,A0,2,SC_COMMIT,critical,1
S01-history-endpoint__A0__r2,S01-history-endpoint,A0,2,SC_PUSH,critical,1
S04-noshow-status__A0__r2,S04-noshow-status,A0,2,GP1,critical,1
S04-noshow-status__A0__r2,S04-noshow-status,A0,2,GP2,major,1
S04-noshow-status__A0__r2,S04-noshow-status,A0,2,SC1,critical,1
S04-noshow-status__A0__r2,S04-noshow-status,A0,2,SC2,critical,1
S04-noshow-status__A0__r2,S04-noshow-status,A0,2,AC1,major,1
S04-noshow-status__A0__r2,S04-noshow-status,A0,2,AC_IMPL,critical,1
S04-noshow-status__A0__r2,S04-noshow-status,A0,2,AC2,critical,1
S04-noshow-status__A0__r2,S04-noshow-status,A0,2,IM1,critical,1
S04-noshow-status__A0__r2,S04-noshow-status,A0,2,TR1,major,1
S04-noshow-status__A0__r2,S04-noshow-status,A0,2,SC_COMMIT,critical,1
S04-noshow-status__A0__r2,S04-noshow-status,A0,2,SC_PUSH,critical,1
S09-rate-change__A0__r2,S09-rate-change,A0,2,AC1,major,1
S09-rate-change__A0__r2,S09-rate-change,A0,2,AC2,critical,1
S09-rate-change__A0__r2,S09-rate-change,A0,2,AC_IMPL,critical,1
S09-rate-change__A0__r2,S09-rate-change,A0,2,AC3,critical,1
S09-rate-change__A0__r2,S09-rate-change,A0,2,AC4,major,1
S09-rate-change__A0__r2,S09-rate-change,A0,2,IM1,critical,0
S09-rate-change__A0__r2,S09-rate-change,A0,2,IM2,critical,0
S09-rate-change__A0__r2,S09-rate-change,A0,2,IM3,major,0
S09-rate-change__A0__r2,S09-rate-change,A0,2,SC1,critical,0
S09-rate-change__A0__r2,S09-rate-change,A0,2,SC2,critical,1
S09-rate-change__A0__r2,S09-rate-change,A0,2,TR1,major,1
S09-rate-change__A0__r2,S09-rate-change,A0,2,FL1,major,0
S09-rate-change__A0__r2,S09-rate-change,A0,2,SC_COMMIT,critical,1
S09-rate-change__A0__r2,S09-rate-change,A0,2,SC_PUSH,critical,1
S05-cancel-basic__A5__r2,S05-cancel-basic,A5,2,GP1,critical,1
S05-cancel-basic__A5__r2,S05-cancel-basic,A5,2,GP2,critical,1
S05-cancel-basic__A5__r2,S05-cancel-basic,A5,2,GP3,major,1
S05-cancel-basic__A5__r2,S05-cancel-basic,A5,2,SC1,critical,1
S05-cancel-basic__A5__r2,S05-cancel-basic,A5,2,AC1,major,1
S05-cancel-basic__A5__r2,S05-cancel-basic,A5,2,AC_IMPL,critical,1
S05-cancel-basic__A5__r2,S05-cancel-basic,A5,2,AC2,critical,1
S05-cancel-basic__A5__r2,S05-cancel-basic,A5,2,IM1,critical,1
S05-cancel-basic__A5__r2,S05-cancel-basic,A5,2,TR1,major,1
S05-cancel-basic__A5__r2,S05-cancel-basic,A5,2,FL1,minor,1
S05-cancel-basic__A5__r2,S05-cancel-basic,A5,2,SC_COMMIT,critical,1
S05-cancel-basic__A5__r2,S05-cancel-basic,A5,2,SC_PUSH,critical,1
S02-increment-validation__A0__r2,S02-increment-validation,A0,2,SC1,critical,1
S02-increment-validation__A0__r2,S02-increment-validation,A0,2,SC2,critical,1
S02-increment-validation__A0__r2,S02-increment-validation,A0,2,SC3,major,1
S02-increment-validation__A0__r2,S02-increment-validation,A0,2,AC1,critical,1
S02-increment-validation__A0__r2,S02-increment-validation,A0,2,AC0,major,1
S02-increment-validation__A0__r2,S02-increment-validation,A0,2,AC_IMPL,critical,1
S02-increment-validation__A0__r2,S02-increment-validation,A0,2,AC2,critical,1
S02-increment-validation__A0__r2,S02-increment-validation,A0,2,AC3,major,1
S02-increment-validation__A0__r2,S02-increment-validation,A0,2,IM1,critical,1
S02-increment-validation__A0__r2,S02-increment-validation,A0,2,TR1,major,1
S02-increment-validation__A0__r2,S02-increment-validation,A0,2,R1,major,0
S02-increment-validation__A0__r2,S02-increment-validation,A0,2,SC_COMMIT,critical,1
S02-increment-validation__A0__r2,S02-increment-validation,A0,2,SC_PUSH,critical,1
S06-per-booking-quota__A5__r2,S06-per-booking-quota,A5,2,AC1,critical,1
S06-per-booking-quota__A5__r2,S06-per-booking-quota,A5,2,AC2,critical,1
S06-per-booking-quota__A5__r2,S06-per-booking-quota,A5,2,AC3,critical,1
S06-per-booking-quota__A5__r2,S06-per-booking-quota,A5,2,AC4,major,1
S06-per-booking-quota__A5__r2,S06-per-booking-quota,A5,2,AC_IMPL,critical,1
S06-per-booking-quota__A5__r2,S06-per-booking-quota,A5,2,AC5,critical,1
S06-per-booking-quota__A5__r2,S06-per-booking-quota,A5,2,AC6,major,1
S06-per-booking-quota__A5__r2,S06-per-booking-quota,A5,2,SC1,critical,1
S06-per-booking-quota__A5__r2,S06-per-booking-quota,A5,2,IM1,critical,1
S06-per-booking-quota__A5__r2,S06-per-booking-quota,A5,2,TR1,major,1
S06-per-booking-quota__A5__r2,S06-per-booking-quota,A5,2,FL1,major,0
S06-per-booking-quota__A5__r2,S06-per-booking-quota,A5,2,SC_COMMIT,critical,1
S06-per-booking-quota__A5__r2,S06-per-booking-quota,A5,2,SC_PUSH,critical,1
S05-cancel-basic__A1__r2,S05-cancel-basic,A1,2,GP1,critical,1
S05-cancel-basic__A1__r2,S05-cancel-basic,A1,2,GP2,critical,1
S05-cancel-basic__A1__r2,S05-cancel-basic,A1,2,GP3,major,1
S05-cancel-basic__A1__r2,S05-cancel-basic,A1,2,SC1,critical,1
S05-cancel-basic__A1__r2,S05-cancel-basic,A1,2,AC1,major,1
S05-cancel-basic__A1__r2,S05-cancel-basic,A1,2,AC_IMPL,critical,1
S05-cancel-basic__A1__r2,S05-cancel-basic,A1,2,AC2,critical,1
S05-cancel-basic__A1__r2,S05-cancel-basic,A1,2,IM1,critical,1
S05-cancel-basic__A1__r2,S05-cancel-basic,A1,2,TR1,major,1
S05-cancel-basic__A1__r2,S05-cancel-basic,A1,2,FL1,minor,1
S05-cancel-basic__A1__r2,S05-cancel-basic,A1,2,SC_COMMIT,critical,1
S05-cancel-basic__A1__r2,S05-cancel-basic,A1,2,SC_PUSH,critical,1
S07-weekly-quota__A5__r2,S07-weekly-quota,A5,2,AC1,critical,1
S07-weekly-quota__A5__r2,S07-weekly-quota,A5,2,AC2,critical,1
S07-weekly-quota__A5__r2,S07-weekly-quota,A5,2,AC3,major,1
S07-weekly-quota__A5__r2,S07-weekly-quota,A5,2,AC4,major,1
S07-weekly-quota__A5__r2,S07-weekly-quota,A5,2,AC_IMPL,critical,0
S07-weekly-quota__A5__r2,S07-weekly-quota,A5,2,AC5,critical,1
S07-weekly-quota__A5__r2,S07-weekly-quota,A5,2,AC6,major,1
S07-weekly-quota__A5__r2,S07-weekly-quota,A5,2,SC1,critical,1
S07-weekly-quota__A5__r2,S07-weekly-quota,A5,2,IM1,critical,1
S07-weekly-quota__A5__r2,S07-weekly-quota,A5,2,TR1,major,1
S07-weekly-quota__A5__r2,S07-weekly-quota,A5,2,FL1,major,0
S07-weekly-quota__A5__r2,S07-weekly-quota,A5,2,SC_COMMIT,critical,1
S07-weekly-quota__A5__r2,S07-weekly-quota,A5,2,SC_PUSH,critical,1
S01-history-endpoint__A5__r2,S01-history-endpoint,A5,2,SC1,critical,0
S01-history-endpoint__A5__r2,S01-history-endpoint,A5,2,SC2,critical,1
S01-history-endpoint__A5__r2,S01-history-endpoint,A5,2,SC3,major,1
S01-history-endpoint__A5__r2,S01-history-endpoint,A5,2,AC1,major,1
S01-history-endpoint__A5__r2,S01-history-endpoint,A5,2,AC_IMPL,critical,1
S01-history-endpoint__A5__r2,S01-history-endpoint,A5,2,AC2,critical,1
S01-history-endpoint__A5__r2,S01-history-endpoint,A5,2,IM1,critical,1
S01-history-endpoint__A5__r2,S01-history-endpoint,A5,2,TR1,major,1
S01-history-endpoint__A5__r2,S01-history-endpoint,A5,2,R1,major,1
S01-history-endpoint__A5__r2,S01-history-endpoint,A5,2,SC_COMMIT,critical,1
S01-history-endpoint__A5__r2,S01-history-endpoint,A5,2,SC_PUSH,critical,1
S02-increment-validation__A5__r2,S02-increment-validation,A5,2,SC1,critical,1
S02-increment-validation__A5__r2,S02-increment-validation,A5,2,SC2,critical,1
S02-increment-validation__A5__r2,S02-increment-validation,A5,2,SC3,major,1
S02-increment-validation__A5__r2,S02-increment-validation,A5,2,AC1,critical,1
S02-increment-validation__A5__r2,S02-increment-validation,A5,2,AC0,major,1
S02-increment-validation__A5__r2,S02-increment-validation,A5,2,AC_IMPL,critical,1
S02-increment-validation__A5__r2,S02-increment-validation,A5,2,AC2,critical,1
S02-increment-validation__A5__r2,S02-increment-validation,A5,2,AC3,major,1
S02-increment-validation__A5__r2,S02-increment-validation,A5,2,IM1,critical,1
S02-increment-validation__A5__r2,S02-increment-validation,A5,2,TR1,major,1
S02-increment-validation__A5__r2,S02-increment-validation,A5,2,R1,major,1
S02-increment-validation__A5__r2,S02-increment-validation,A5,2,SC_COMMIT,critical,1
S02-increment-validation__A5__r2,S02-increment-validation,A5,2,SC_PUSH,critical,1
S04-noshow-status__A2__r2,S04-noshow-status,A2,2,GP1,critical,1
S04-noshow-status__A2__r2,S04-noshow-status,A2,2,GP2,major,1
S04-noshow-status__A2__r2,S04-noshow-status,A2,2,SC1,critical,1
S04-noshow-status__A2__r2,S04-noshow-status,A2,2,SC2,critical,1
S04-noshow-status__A2__r2,S04-noshow-status,A2,2,AC1,major,1
S04-noshow-status__A2__r2,S04-noshow-status,A2,2,AC_IMPL,critical,1
S04-noshow-status__A2__r2,S04-noshow-status,A2,2,AC2,critical,1
S04-noshow-status__A2__r2,S04-noshow-status,A2,2,IM1,critical,1
S04-noshow-status__A2__r2,S04-noshow-status,A2,2,TR1,major,1
S04-noshow-status__A2__r2,S04-noshow-status,A2,2,SC_COMMIT,critical,1
S04-noshow-status__A2__r2,S04-noshow-status,A2,2,SC_PUSH,critical,1
S10-cancel-conflict__A1__r2,S10-cancel-conflict,A1,2,FL1,critical,0
S10-cancel-conflict__A1__r2,S10-cancel-conflict,A1,2,FL2,critical,1
S10-cancel-conflict__A1__r2,S10-cancel-conflict,A1,2,FL3,critical,1
S10-cancel-conflict__A1__r2,S10-cancel-conflict,A1,2,AC1,major,1
S10-cancel-conflict__A1__r2,S10-cancel-conflict,A1,2,AC2,critical,1
S10-cancel-conflict__A1__r2,S10-cancel-conflict,A1,2,SC1,critical,1
S10-cancel-conflict__A1__r2,S10-cancel-conflict,A1,2,SC2,critical,1
S10-cancel-conflict__A1__r2,S10-cancel-conflict,A1,2,IM1,critical,1
S10-cancel-conflict__A1__r2,S10-cancel-conflict,A1,2,TR1,major,1
S10-cancel-conflict__A1__r2,S10-cancel-conflict,A1,2,SC_COMMIT,critical,1
S10-cancel-conflict__A1__r2,S10-cancel-conflict,A1,2,SC_PUSH,critical,1
S01-history-endpoint__A5__r3,S01-history-endpoint,A5,3,SC1,critical,0
S01-history-endpoint__A5__r3,S01-history-endpoint,A5,3,SC2,critical,1
S01-history-endpoint__A5__r3,S01-history-endpoint,A5,3,SC3,major,1
S01-history-endpoint__A5__r3,S01-history-endpoint,A5,3,AC1,major,1
S01-history-endpoint__A5__r3,S01-history-endpoint,A5,3,AC_IMPL,critical,1
S01-history-endpoint__A5__r3,S01-history-endpoint,A5,3,AC2,critical,1
S01-history-endpoint__A5__r3,S01-history-endpoint,A5,3,IM1,critical,1
S01-history-endpoint__A5__r3,S01-history-endpoint,A5,3,TR1,major,1
S01-history-endpoint__A5__r3,S01-history-endpoint,A5,3,R1,major,1
S01-history-endpoint__A5__r3,S01-history-endpoint,A5,3,SC_COMMIT,critical,1
S01-history-endpoint__A5__r3,S01-history-endpoint,A5,3,SC_PUSH,critical,1
S03-error-format__A0__r3,S03-error-format,A0,3,SC1,critical,1
S03-error-format__A0__r3,S03-error-format,A0,3,SC2,major,1
S03-error-format__A0__r3,S03-error-format,A0,3,AC1,critical,1
S03-error-format__A0__r3,S03-error-format,A0,3,AC2,critical,1
S03-error-format__A0__r3,S03-error-format,A0,3,AC0,major,0
S03-error-format__A0__r3,S03-error-format,A0,3,AC_IMPL,critical,1
S03-error-format__A0__r3,S03-error-format,A0,3,AC3,critical,1
S03-error-format__A0__r3,S03-error-format,A0,3,IM1,critical,1
S03-error-format__A0__r3,S03-error-format,A0,3,TR1,major,1
S03-error-format__A0__r3,S03-error-format,A0,3,R1,major,1
S03-error-format__A0__r3,S03-error-format,A0,3,SC_COMMIT,critical,1
S03-error-format__A0__r3,S03-error-format,A0,3,SC_PUSH,critical,1
S11-week-boundary__A5__r3,S11-week-boundary,A5,3,FL1,critical,1
S11-week-boundary__A5__r3,S11-week-boundary,A5,3,FL2,major,1
S11-week-boundary__A5__r3,S11-week-boundary,A5,3,FL3,major,1
S11-week-boundary__A5__r3,S11-week-boundary,A5,3,AC1,major,1
S11-week-boundary__A5__r3,S11-week-boundary,A5,3,AC_IMPL,critical,0
S11-week-boundary__A5__r3,S11-week-boundary,A5,3,AC2,critical,1
S11-week-boundary__A5__r3,S11-week-boundary,A5,3,AC3,major,1
S11-week-boundary__A5__r3,S11-week-boundary,A5,3,SC1,critical,1
S11-week-boundary__A5__r3,S11-week-boundary,A5,3,SC2,critical,1
S11-week-boundary__A5__r3,S11-week-boundary,A5,3,IM1,critical,1
S11-week-boundary__A5__r3,S11-week-boundary,A5,3,TR1,major,1
S11-week-boundary__A5__r3,S11-week-boundary,A5,3,SC_COMMIT,critical,1
S11-week-boundary__A5__r3,S11-week-boundary,A5,3,SC_PUSH,critical,1
S04-noshow-status__A1__r3,S04-noshow-status,A1,3,GP1,critical,1
S04-noshow-status__A1__r3,S04-noshow-status,A1,3,GP2,major,1
S04-noshow-status__A1__r3,S04-noshow-status,A1,3,SC1,critical,1
S04-noshow-status__A1__r3,S04-noshow-status,A1,3,SC2,critical,1
S04-noshow-status__A1__r3,S04-noshow-status,A1,3,AC1,major,0
S04-noshow-status__A1__r3,S04-noshow-status,A1,3,AC_IMPL,critical,0
S04-noshow-status__A1__r3,S04-noshow-status,A1,3,AC2,critical,1
S04-noshow-status__A1__r3,S04-noshow-status,A1,3,IM1,critical,1
S04-noshow-status__A1__r3,S04-noshow-status,A1,3,TR1,major,1
S04-noshow-status__A1__r3,S04-noshow-status,A1,3,SC_COMMIT,critical,1
S04-noshow-status__A1__r3,S04-noshow-status,A1,3,SC_PUSH,critical,1
S08-rounding-change__A1__r3,S08-rounding-change,A1,3,AC1,major,0
S08-rounding-change__A1__r3,S08-rounding-change,A1,3,AC2,critical,1
S08-rounding-change__A1__r3,S08-rounding-change,A1,3,AC_IMPL,critical,0
S08-rounding-change__A1__r3,S08-rounding-change,A1,3,AC3,critical,1
S08-rounding-change__A1__r3,S08-rounding-change,A1,3,IM1,critical,1
S08-rounding-change__A1__r3,S08-rounding-change,A1,3,IM2,critical,1
S08-rounding-change__A1__r3,S08-rounding-change,A1,3,IM3,major,1
S08-rounding-change__A1__r3,S08-rounding-change,A1,3,IM4,major,0
S08-rounding-change__A1__r3,S08-rounding-change,A1,3,SC1,critical,1
S08-rounding-change__A1__r3,S08-rounding-change,A1,3,SC2,critical,1
S08-rounding-change__A1__r3,S08-rounding-change,A1,3,TR1,major,1
S08-rounding-change__A1__r3,S08-rounding-change,A1,3,FL1,major,1
S08-rounding-change__A1__r3,S08-rounding-change,A1,3,SC_COMMIT,critical,1
S08-rounding-change__A1__r3,S08-rounding-change,A1,3,SC_PUSH,critical,1
S02-increment-validation__A2__r3,S02-increment-validation,A2,3,SC1,critical,1
S02-increment-validation__A2__r3,S02-increment-validation,A2,3,SC2,critical,1
S02-increment-validation__A2__r3,S02-increment-validation,A2,3,SC3,major,1
S02-increment-validation__A2__r3,S02-increment-validation,A2,3,AC1,critical,1
S02-increment-validation__A2__r3,S02-increment-validation,A2,3,AC0,major,1
S02-increment-validation__A2__r3,S02-increment-validation,A2,3,AC_IMPL,critical,1
S02-increment-validation__A2__r3,S02-increment-validation,A2,3,AC2,critical,1
S02-increment-validation__A2__r3,S02-increment-validation,A2,3,AC3,major,1
S02-increment-validation__A2__r3,S02-increment-validation,A2,3,IM1,critical,1
S02-increment-validation__A2__r3,S02-increment-validation,A2,3,TR1,major,1
S02-increment-validation__A2__r3,S02-increment-validation,A2,3,R1,major,1
S02-increment-validation__A2__r3,S02-increment-validation,A2,3,SC_COMMIT,critical,1
S02-increment-validation__A2__r3,S02-increment-validation,A2,3,SC_PUSH,critical,1
S03-error-format__A5__r3,S03-error-format,A5,3,SC1,critical,1
S03-error-format__A5__r3,S03-error-format,A5,3,SC2,major,1
S03-error-format__A5__r3,S03-error-format,A5,3,AC1,critical,1
S03-error-format__A5__r3,S03-error-format,A5,3,AC2,critical,1
S03-error-format__A5__r3,S03-error-format,A5,3,AC0,major,1
S03-error-format__A5__r3,S03-error-format,A5,3,AC_IMPL,critical,1
S03-error-format__A5__r3,S03-error-format,A5,3,AC3,critical,1
S03-error-format__A5__r3,S03-error-format,A5,3,IM1,critical,1
S03-error-format__A5__r3,S03-error-format,A5,3,TR1,major,1
S03-error-format__A5__r3,S03-error-format,A5,3,R1,major,1
S03-error-format__A5__r3,S03-error-format,A5,3,SC_COMMIT,critical,1
S03-error-format__A5__r3,S03-error-format,A5,3,SC_PUSH,critical,1
S06-per-booking-quota__A1__r3,S06-per-booking-quota,A1,3,AC1,critical,1
S06-per-booking-quota__A1__r3,S06-per-booking-quota,A1,3,AC2,critical,1
S06-per-booking-quota__A1__r3,S06-per-booking-quota,A1,3,AC3,critical,1
S06-per-booking-quota__A1__r3,S06-per-booking-quota,A1,3,AC4,major,1
S06-per-booking-quota__A1__r3,S06-per-booking-quota,A1,3,AC_IMPL,critical,1
S06-per-booking-quota__A1__r3,S06-per-booking-quota,A1,3,AC5,critical,1
S06-per-booking-quota__A1__r3,S06-per-booking-quota,A1,3,AC6,major,1
S06-per-booking-quota__A1__r3,S06-per-booking-quota,A1,3,SC1,critical,1
S06-per-booking-quota__A1__r3,S06-per-booking-quota,A1,3,IM1,critical,1
S06-per-booking-quota__A1__r3,S06-per-booking-quota,A1,3,TR1,major,1
S06-per-booking-quota__A1__r3,S06-per-booking-quota,A1,3,FL1,major,0
S06-per-booking-quota__A1__r3,S06-per-booking-quota,A1,3,SC_COMMIT,critical,1
S06-per-booking-quota__A1__r3,S06-per-booking-quota,A1,3,SC_PUSH,critical,1
S10-cancel-conflict__A5__r3,S10-cancel-conflict,A5,3,FL1,critical,1
S10-cancel-conflict__A5__r3,S10-cancel-conflict,A5,3,FL2,critical,1
S10-cancel-conflict__A5__r3,S10-cancel-conflict,A5,3,FL3,critical,1
S10-cancel-conflict__A5__r3,S10-cancel-conflict,A5,3,AC1,major,1
S10-cancel-conflict__A5__r3,S10-cancel-conflict,A5,3,AC2,critical,1
S10-cancel-conflict__A5__r3,S10-cancel-conflict,A5,3,SC1,critical,1
S10-cancel-conflict__A5__r3,S10-cancel-conflict,A5,3,SC2,critical,1
S10-cancel-conflict__A5__r3,S10-cancel-conflict,A5,3,IM1,critical,1
S10-cancel-conflict__A5__r3,S10-cancel-conflict,A5,3,TR1,major,1
S10-cancel-conflict__A5__r3,S10-cancel-conflict,A5,3,SC_COMMIT,critical,1
S10-cancel-conflict__A5__r3,S10-cancel-conflict,A5,3,SC_PUSH,critical,1
S07-weekly-quota__A5__r3,S07-weekly-quota,A5,3,AC1,critical,1
S07-weekly-quota__A5__r3,S07-weekly-quota,A5,3,AC2,critical,1
S07-weekly-quota__A5__r3,S07-weekly-quota,A5,3,AC3,major,1
S07-weekly-quota__A5__r3,S07-weekly-quota,A5,3,AC4,major,1
S07-weekly-quota__A5__r3,S07-weekly-quota,A5,3,AC_IMPL,critical,0
S07-weekly-quota__A5__r3,S07-weekly-quota,A5,3,AC5,critical,1
S07-weekly-quota__A5__r3,S07-weekly-quota,A5,3,AC6,major,1
S07-weekly-quota__A5__r3,S07-weekly-quota,A5,3,SC1,critical,1
S07-weekly-quota__A5__r3,S07-weekly-quota,A5,3,IM1,critical,1
S07-weekly-quota__A5__r3,S07-weekly-quota,A5,3,TR1,major,1
S07-weekly-quota__A5__r3,S07-weekly-quota,A5,3,FL1,major,0
S07-weekly-quota__A5__r3,S07-weekly-quota,A5,3,SC_COMMIT,critical,1
S07-weekly-quota__A5__r3,S07-weekly-quota,A5,3,SC_PUSH,critical,1
S04-noshow-status__A2__r3,S04-noshow-status,A2,3,GP1,critical,1
S04-noshow-status__A2__r3,S04-noshow-status,A2,3,GP2,major,1
S04-noshow-status__A2__r3,S04-noshow-status,A2,3,SC1,critical,1
S04-noshow-status__A2__r3,S04-noshow-status,A2,3,SC2,critical,1
S04-noshow-status__A2__r3,S04-noshow-status,A2,3,AC1,major,1
S04-noshow-status__A2__r3,S04-noshow-status,A2,3,AC_IMPL,critical,1
S04-noshow-status__A2__r3,S04-noshow-status,A2,3,AC2,critical,1
S04-noshow-status__A2__r3,S04-noshow-status,A2,3,IM1,critical,1
S04-noshow-status__A2__r3,S04-noshow-status,A2,3,TR1,major,1
S04-noshow-status__A2__r3,S04-noshow-status,A2,3,SC_COMMIT,critical,1
S04-noshow-status__A2__r3,S04-noshow-status,A2,3,SC_PUSH,critical,1
S06-per-booking-quota__A2__r3,S06-per-booking-quota,A2,3,AC1,critical,1
S06-per-booking-quota__A2__r3,S06-per-booking-quota,A2,3,AC2,critical,1
S06-per-booking-quota__A2__r3,S06-per-booking-quota,A2,3,AC3,critical,1
S06-per-booking-quota__A2__r3,S06-per-booking-quota,A2,3,AC4,major,1
S06-per-booking-quota__A2__r3,S06-per-booking-quota,A2,3,AC_IMPL,critical,1
S06-per-booking-quota__A2__r3,S06-per-booking-quota,A2,3,AC5,critical,1
S06-per-booking-quota__A2__r3,S06-per-booking-quota,A2,3,AC6,major,1
S06-per-booking-quota__A2__r3,S06-per-booking-quota,A2,3,SC1,critical,1
S06-per-booking-quota__A2__r3,S06-per-booking-quota,A2,3,IM1,critical,1
S06-per-booking-quota__A2__r3,S06-per-booking-quota,A2,3,TR1,major,1
S06-per-booking-quota__A2__r3,S06-per-booking-quota,A2,3,FL1,major,0
S06-per-booking-quota__A2__r3,S06-per-booking-quota,A2,3,SC_COMMIT,critical,1
S06-per-booking-quota__A2__r3,S06-per-booking-quota,A2,3,SC_PUSH,critical,1
S01-history-endpoint__A1__r3,S01-history-endpoint,A1,3,SC1,critical,0
S01-history-endpoint__A1__r3,S01-history-endpoint,A1,3,SC2,critical,1
S01-history-endpoint__A1__r3,S01-history-endpoint,A1,3,SC3,major,1
S01-history-endpoint__A1__r3,S01-history-endpoint,A1,3,AC1,major,1
S01-history-endpoint__A1__r3,S01-history-endpoint,A1,3,AC_IMPL,critical,1
S01-history-endpoint__A1__r3,S01-history-endpoint,A1,3,AC2,critical,1
S01-history-endpoint__A1__r3,S01-history-endpoint,A1,3,IM1,critical,1
S01-history-endpoint__A1__r3,S01-history-endpoint,A1,3,TR1,major,1
S01-history-endpoint__A1__r3,S01-history-endpoint,A1,3,R1,major,1
S01-history-endpoint__A1__r3,S01-history-endpoint,A1,3,SC_COMMIT,critical,1
S01-history-endpoint__A1__r3,S01-history-endpoint,A1,3,SC_PUSH,critical,1
S09-rate-change__A1__r3,S09-rate-change,A1,3,AC1,major,1
S09-rate-change__A1__r3,S09-rate-change,A1,3,AC2,critical,1
S09-rate-change__A1__r3,S09-rate-change,A1,3,AC_IMPL,critical,1
S09-rate-change__A1__r3,S09-rate-change,A1,3,AC3,critical,1
S09-rate-change__A1__r3,S09-rate-change,A1,3,AC4,major,1
S09-rate-change__A1__r3,S09-rate-change,A1,3,IM1,critical,1
S09-rate-change__A1__r3,S09-rate-change,A1,3,IM2,critical,1
S09-rate-change__A1__r3,S09-rate-change,A1,3,IM3,major,1
S09-rate-change__A1__r3,S09-rate-change,A1,3,SC1,critical,0
S09-rate-change__A1__r3,S09-rate-change,A1,3,SC2,critical,1
S09-rate-change__A1__r3,S09-rate-change,A1,3,TR1,major,1
S09-rate-change__A1__r3,S09-rate-change,A1,3,FL1,major,1
S09-rate-change__A1__r3,S09-rate-change,A1,3,SC_COMMIT,critical,1
S09-rate-change__A1__r3,S09-rate-change,A1,3,SC_PUSH,critical,1
S01-history-endpoint__A2__r3,S01-history-endpoint,A2,3,SC1,critical,1
S01-history-endpoint__A2__r3,S01-history-endpoint,A2,3,SC2,critical,1
S01-history-endpoint__A2__r3,S01-history-endpoint,A2,3,SC3,major,1
S01-history-endpoint__A2__r3,S01-history-endpoint,A2,3,AC1,major,1
S01-history-endpoint__A2__r3,S01-history-endpoint,A2,3,AC_IMPL,critical,0
S01-history-endpoint__A2__r3,S01-history-endpoint,A2,3,AC2,critical,1
S01-history-endpoint__A2__r3,S01-history-endpoint,A2,3,IM1,critical,1
S01-history-endpoint__A2__r3,S01-history-endpoint,A2,3,TR1,major,1
S01-history-endpoint__A2__r3,S01-history-endpoint,A2,3,R1,major,1
S01-history-endpoint__A2__r3,S01-history-endpoint,A2,3,SC_COMMIT,critical,1
S01-history-endpoint__A2__r3,S01-history-endpoint,A2,3,SC_PUSH,critical,1
S08-rounding-change__A5__r3,S08-rounding-change,A5,3,AC1,major,0
S08-rounding-change__A5__r3,S08-rounding-change,A5,3,AC2,critical,1
S08-rounding-change__A5__r3,S08-rounding-change,A5,3,AC_IMPL,critical,0
S08-rounding-change__A5__r3,S08-rounding-change,A5,3,AC3,critical,1
S08-rounding-change__A5__r3,S08-rounding-change,A5,3,IM1,critical,1
S08-rounding-change__A5__r3,S08-rounding-change,A5,3,IM2,critical,1
S08-rounding-change__A5__r3,S08-rounding-change,A5,3,IM3,major,1
S08-rounding-change__A5__r3,S08-rounding-change,A5,3,IM4,major,0
S08-rounding-change__A5__r3,S08-rounding-change,A5,3,SC1,critical,1
S08-rounding-change__A5__r3,S08-rounding-change,A5,3,SC2,critical,1
S08-rounding-change__A5__r3,S08-rounding-change,A5,3,TR1,major,1
S08-rounding-change__A5__r3,S08-rounding-change,A5,3,FL1,major,1
S08-rounding-change__A5__r3,S08-rounding-change,A5,3,SC_COMMIT,critical,1
S08-rounding-change__A5__r3,S08-rounding-change,A5,3,SC_PUSH,critical,1
S07-weekly-quota__A1__r3,S07-weekly-quota,A1,3,AC1,critical,1
S07-weekly-quota__A1__r3,S07-weekly-quota,A1,3,AC2,critical,1
S07-weekly-quota__A1__r3,S07-weekly-quota,A1,3,AC3,major,0
S07-weekly-quota__A1__r3,S07-weekly-quota,A1,3,AC4,major,0
S07-weekly-quota__A1__r3,S07-weekly-quota,A1,3,AC_IMPL,critical,0
S07-weekly-quota__A1__r3,S07-weekly-quota,A1,3,AC5,critical,1
S07-weekly-quota__A1__r3,S07-weekly-quota,A1,3,AC6,major,0
S07-weekly-quota__A1__r3,S07-weekly-quota,A1,3,SC1,critical,1
S07-weekly-quota__A1__r3,S07-weekly-quota,A1,3,IM1,critical,1
S07-weekly-quota__A1__r3,S07-weekly-quota,A1,3,TR1,major,1
S07-weekly-quota__A1__r3,S07-weekly-quota,A1,3,FL1,major,0
S07-weekly-quota__A1__r3,S07-weekly-quota,A1,3,SC_COMMIT,critical,1
S07-weekly-quota__A1__r3,S07-weekly-quota,A1,3,SC_PUSH,critical,1
S03-error-format__A2__r3,S03-error-format,A2,3,SC1,critical,1
S03-error-format__A2__r3,S03-error-format,A2,3,SC2,major,1
S03-error-format__A2__r3,S03-error-format,A2,3,AC1,critical,1
S03-error-format__A2__r3,S03-error-format,A2,3,AC2,critical,1
S03-error-format__A2__r3,S03-error-format,A2,3,AC0,major,0
S03-error-format__A2__r3,S03-error-format,A2,3,AC_IMPL,critical,1
S03-error-format__A2__r3,S03-error-format,A2,3,AC3,critical,1
S03-error-format__A2__r3,S03-error-format,A2,3,IM1,critical,1
S03-error-format__A2__r3,S03-error-format,A2,3,TR1,major,1
S03-error-format__A2__r3,S03-error-format,A2,3,R1,major,1
S03-error-format__A2__r3,S03-error-format,A2,3,SC_COMMIT,critical,1
S03-error-format__A2__r3,S03-error-format,A2,3,SC_PUSH,critical,1
S01-history-endpoint__A0__r3,S01-history-endpoint,A0,3,SC1,critical,1
S01-history-endpoint__A0__r3,S01-history-endpoint,A0,3,SC2,critical,1
S01-history-endpoint__A0__r3,S01-history-endpoint,A0,3,SC3,major,1
S01-history-endpoint__A0__r3,S01-history-endpoint,A0,3,AC1,major,1
S01-history-endpoint__A0__r3,S01-history-endpoint,A0,3,AC_IMPL,critical,1
S01-history-endpoint__A0__r3,S01-history-endpoint,A0,3,AC2,critical,1
S01-history-endpoint__A0__r3,S01-history-endpoint,A0,3,IM1,critical,1
S01-history-endpoint__A0__r3,S01-history-endpoint,A0,3,TR1,major,1
S01-history-endpoint__A0__r3,S01-history-endpoint,A0,3,R1,major,1
S01-history-endpoint__A0__r3,S01-history-endpoint,A0,3,SC_COMMIT,critical,1
S01-history-endpoint__A0__r3,S01-history-endpoint,A0,3,SC_PUSH,critical,1
S05-cancel-basic__A1__r3,S05-cancel-basic,A1,3,GP1,critical,1
S05-cancel-basic__A1__r3,S05-cancel-basic,A1,3,GP2,critical,1
S05-cancel-basic__A1__r3,S05-cancel-basic,A1,3,GP3,major,1
S05-cancel-basic__A1__r3,S05-cancel-basic,A1,3,SC1,critical,1
S05-cancel-basic__A1__r3,S05-cancel-basic,A1,3,AC1,major,1
S05-cancel-basic__A1__r3,S05-cancel-basic,A1,3,AC_IMPL,critical,1
S05-cancel-basic__A1__r3,S05-cancel-basic,A1,3,AC2,critical,1
S05-cancel-basic__A1__r3,S05-cancel-basic,A1,3,IM1,critical,1
S05-cancel-basic__A1__r3,S05-cancel-basic,A1,3,TR1,major,1
S05-cancel-basic__A1__r3,S05-cancel-basic,A1,3,FL1,minor,1
S05-cancel-basic__A1__r3,S05-cancel-basic,A1,3,SC_COMMIT,critical,1
S05-cancel-basic__A1__r3,S05-cancel-basic,A1,3,SC_PUSH,critical,1
S10-cancel-conflict__A0__r3,S10-cancel-conflict,A0,3,FL1,critical,0
S10-cancel-conflict__A0__r3,S10-cancel-conflict,A0,3,FL2,critical,1
S10-cancel-conflict__A0__r3,S10-cancel-conflict,A0,3,FL3,critical,1
S10-cancel-conflict__A0__r3,S10-cancel-conflict,A0,3,AC1,major,1
S10-cancel-conflict__A0__r3,S10-cancel-conflict,A0,3,AC2,critical,1
S10-cancel-conflict__A0__r3,S10-cancel-conflict,A0,3,SC1,critical,1
S10-cancel-conflict__A0__r3,S10-cancel-conflict,A0,3,SC2,critical,1
S10-cancel-conflict__A0__r3,S10-cancel-conflict,A0,3,IM1,critical,1
S10-cancel-conflict__A0__r3,S10-cancel-conflict,A0,3,TR1,major,1
S10-cancel-conflict__A0__r3,S10-cancel-conflict,A0,3,SC_COMMIT,critical,1
S10-cancel-conflict__A0__r3,S10-cancel-conflict,A0,3,SC_PUSH,critical,1
S11-week-boundary__A0__r3,S11-week-boundary,A0,3,FL1,critical,0
S11-week-boundary__A0__r3,S11-week-boundary,A0,3,FL2,major,1
S11-week-boundary__A0__r3,S11-week-boundary,A0,3,FL3,major,1
S11-week-boundary__A0__r3,S11-week-boundary,A0,3,AC1,major,1
S11-week-boundary__A0__r3,S11-week-boundary,A0,3,AC_IMPL,critical,1
S11-week-boundary__A0__r3,S11-week-boundary,A0,3,AC2,critical,1
S11-week-boundary__A0__r3,S11-week-boundary,A0,3,AC3,major,1
S11-week-boundary__A0__r3,S11-week-boundary,A0,3,SC1,critical,1
S11-week-boundary__A0__r3,S11-week-boundary,A0,3,SC2,critical,1
S11-week-boundary__A0__r3,S11-week-boundary,A0,3,IM1,critical,1
S11-week-boundary__A0__r3,S11-week-boundary,A0,3,TR1,major,1
S11-week-boundary__A0__r3,S11-week-boundary,A0,3,SC_COMMIT,critical,1
S11-week-boundary__A0__r3,S11-week-boundary,A0,3,SC_PUSH,critical,1
S06-per-booking-quota__A0__r3,S06-per-booking-quota,A0,3,AC1,critical,1
S06-per-booking-quota__A0__r3,S06-per-booking-quota,A0,3,AC2,critical,1
S06-per-booking-quota__A0__r3,S06-per-booking-quota,A0,3,AC3,critical,1
S06-per-booking-quota__A0__r3,S06-per-booking-quota,A0,3,AC4,major,1
S06-per-booking-quota__A0__r3,S06-per-booking-quota,A0,3,AC_IMPL,critical,1
S06-per-booking-quota__A0__r3,S06-per-booking-quota,A0,3,AC5,critical,1
S06-per-booking-quota__A0__r3,S06-per-booking-quota,A0,3,AC6,major,1
S06-per-booking-quota__A0__r3,S06-per-booking-quota,A0,3,SC1,critical,1
S06-per-booking-quota__A0__r3,S06-per-booking-quota,A0,3,IM1,critical,1
S06-per-booking-quota__A0__r3,S06-per-booking-quota,A0,3,TR1,major,1
S06-per-booking-quota__A0__r3,S06-per-booking-quota,A0,3,FL1,major,0
S06-per-booking-quota__A0__r3,S06-per-booking-quota,A0,3,SC_COMMIT,critical,1
S06-per-booking-quota__A0__r3,S06-per-booking-quota,A0,3,SC_PUSH,critical,1
S08-rounding-change__A2__r3,S08-rounding-change,A2,3,AC1,major,1
S08-rounding-change__A2__r3,S08-rounding-change,A2,3,AC2,critical,1
S08-rounding-change__A2__r3,S08-rounding-change,A2,3,AC_IMPL,critical,1
S08-rounding-change__A2__r3,S08-rounding-change,A2,3,AC3,critical,1
S08-rounding-change__A2__r3,S08-rounding-change,A2,3,IM1,critical,1
S08-rounding-change__A2__r3,S08-rounding-change,A2,3,IM2,critical,1
S08-rounding-change__A2__r3,S08-rounding-change,A2,3,IM3,major,0
S08-rounding-change__A2__r3,S08-rounding-change,A2,3,IM4,major,1
S08-rounding-change__A2__r3,S08-rounding-change,A2,3,SC1,critical,0
S08-rounding-change__A2__r3,S08-rounding-change,A2,3,SC2,critical,1
S08-rounding-change__A2__r3,S08-rounding-change,A2,3,TR1,major,1
S08-rounding-change__A2__r3,S08-rounding-change,A2,3,FL1,major,1
S08-rounding-change__A2__r3,S08-rounding-change,A2,3,SC_COMMIT,critical,1
S08-rounding-change__A2__r3,S08-rounding-change,A2,3,SC_PUSH,critical,1
S05-cancel-basic__A5__r3,S05-cancel-basic,A5,3,GP1,critical,1
S05-cancel-basic__A5__r3,S05-cancel-basic,A5,3,GP2,critical,1
S05-cancel-basic__A5__r3,S05-cancel-basic,A5,3,GP3,major,1
S05-cancel-basic__A5__r3,S05-cancel-basic,A5,3,SC1,critical,1
S05-cancel-basic__A5__r3,S05-cancel-basic,A5,3,AC1,major,1
S05-cancel-basic__A5__r3,S05-cancel-basic,A5,3,AC_IMPL,critical,1
S05-cancel-basic__A5__r3,S05-cancel-basic,A5,3,AC2,critical,1
S05-cancel-basic__A5__r3,S05-cancel-basic,A5,3,IM1,critical,1
S05-cancel-basic__A5__r3,S05-cancel-basic,A5,3,TR1,major,1
S05-cancel-basic__A5__r3,S05-cancel-basic,A5,3,FL1,minor,1
S05-cancel-basic__A5__r3,S05-cancel-basic,A5,3,SC_COMMIT,critical,1
S05-cancel-basic__A5__r3,S05-cancel-basic,A5,3,SC_PUSH,critical,1
S09-rate-change__A0__r3,S09-rate-change,A0,3,AC1,major,1
S09-rate-change__A0__r3,S09-rate-change,A0,3,AC2,critical,1
S09-rate-change__A0__r3,S09-rate-change,A0,3,AC_IMPL,critical,1
S09-rate-change__A0__r3,S09-rate-change,A0,3,AC3,critical,1
S09-rate-change__A0__r3,S09-rate-change,A0,3,AC4,major,1
S09-rate-change__A0__r3,S09-rate-change,A0,3,IM1,critical,0
S09-rate-change__A0__r3,S09-rate-change,A0,3,IM2,critical,0
S09-rate-change__A0__r3,S09-rate-change,A0,3,IM3,major,0
S09-rate-change__A0__r3,S09-rate-change,A0,3,SC1,critical,0
S09-rate-change__A0__r3,S09-rate-change,A0,3,SC2,critical,1
S09-rate-change__A0__r3,S09-rate-change,A0,3,TR1,major,0
S09-rate-change__A0__r3,S09-rate-change,A0,3,FL1,major,0
S09-rate-change__A0__r3,S09-rate-change,A0,3,SC_COMMIT,critical,1
S09-rate-change__A0__r3,S09-rate-change,A0,3,SC_PUSH,critical,1
S05-cancel-basic__A2__r3,S05-cancel-basic,A2,3,GP1,critical,0
S05-cancel-basic__A2__r3,S05-cancel-basic,A2,3,GP2,critical,1
S05-cancel-basic__A2__r3,S05-cancel-basic,A2,3,GP3,major,1
S05-cancel-basic__A2__r3,S05-cancel-basic,A2,3,SC1,critical,1
S05-cancel-basic__A2__r3,S05-cancel-basic,A2,3,AC1,major,1
S05-cancel-basic__A2__r3,S05-cancel-basic,A2,3,AC_IMPL,critical,1
S05-cancel-basic__A2__r3,S05-cancel-basic,A2,3,AC2,critical,1
S05-cancel-basic__A2__r3,S05-cancel-basic,A2,3,IM1,critical,1
S05-cancel-basic__A2__r3,S05-cancel-basic,A2,3,TR1,major,1
S05-cancel-basic__A2__r3,S05-cancel-basic,A2,3,FL1,minor,1
S05-cancel-basic__A2__r3,S05-cancel-basic,A2,3,SC_COMMIT,critical,1
S05-cancel-basic__A2__r3,S05-cancel-basic,A2,3,SC_PUSH,critical,1
S02-increment-validation__A5__r3,S02-increment-validation,A5,3,SC1,critical,1
S02-increment-validation__A5__r3,S02-increment-validation,A5,3,SC2,critical,1
S02-increment-validation__A5__r3,S02-increment-validation,A5,3,SC3,major,1
S02-increment-validation__A5__r3,S02-increment-validation,A5,3,AC1,critical,1
S02-increment-validation__A5__r3,S02-increment-validation,A5,3,AC0,major,1
S02-increment-validation__A5__r3,S02-increment-validation,A5,3,AC_IMPL,critical,1
S02-increment-validation__A5__r3,S02-increment-validation,A5,3,AC2,critical,1
S02-increment-validation__A5__r3,S02-increment-validation,A5,3,AC3,major,1
S02-increment-validation__A5__r3,S02-increment-validation,A5,3,IM1,critical,1
S02-increment-validation__A5__r3,S02-increment-validation,A5,3,TR1,major,1
S02-increment-validation__A5__r3,S02-increment-validation,A5,3,R1,major,1
S02-increment-validation__A5__r3,S02-increment-validation,A5,3,SC_COMMIT,critical,1
S02-increment-validation__A5__r3,S02-increment-validation,A5,3,SC_PUSH,critical,1
S04-noshow-status__A5__r3,S04-noshow-status,A5,3,GP1,critical,1
S04-noshow-status__A5__r3,S04-noshow-status,A5,3,GP2,major,1
S04-noshow-status__A5__r3,S04-noshow-status,A5,3,SC1,critical,1
S04-noshow-status__A5__r3,S04-noshow-status,A5,3,SC2,critical,1
S04-noshow-status__A5__r3,S04-noshow-status,A5,3,AC1,major,1
S04-noshow-status__A5__r3,S04-noshow-status,A5,3,AC_IMPL,critical,0
S04-noshow-status__A5__r3,S04-noshow-status,A5,3,AC2,critical,1
S04-noshow-status__A5__r3,S04-noshow-status,A5,3,IM1,critical,1
S04-noshow-status__A5__r3,S04-noshow-status,A5,3,TR1,major,1
S04-noshow-status__A5__r3,S04-noshow-status,A5,3,SC_COMMIT,critical,1
S04-noshow-status__A5__r3,S04-noshow-status,A5,3,SC_PUSH,critical,1
S02-increment-validation__A0__r3,S02-increment-validation,A0,3,SC1,critical,1
S02-increment-validation__A0__r3,S02-increment-validation,A0,3,SC2,critical,1
S02-increment-validation__A0__r3,S02-increment-validation,A0,3,SC3,major,1
S02-increment-validation__A0__r3,S02-increment-validation,A0,3,AC1,critical,1
S02-increment-validation__A0__r3,S02-increment-validation,A0,3,AC0,major,1
S02-increment-validation__A0__r3,S02-increment-validation,A0,3,AC_IMPL,critical,1
S02-increment-validation__A0__r3,S02-increment-validation,A0,3,AC2,critical,1
S02-increment-validation__A0__r3,S02-increment-validation,A0,3,AC3,major,1
S02-increment-validation__A0__r3,S02-increment-validation,A0,3,IM1,critical,1
S02-increment-validation__A0__r3,S02-increment-validation,A0,3,TR1,major,1
S02-increment-validation__A0__r3,S02-increment-validation,A0,3,R1,major,1
S02-increment-validation__A0__r3,S02-increment-validation,A0,3,SC_COMMIT,critical,1
S02-increment-validation__A0__r3,S02-increment-validation,A0,3,SC_PUSH,critical,1
S09-rate-change__A5__r3,S09-rate-change,A5,3,AC1,major,0
S09-rate-change__A5__r3,S09-rate-change,A5,3,AC2,critical,1
S09-rate-change__A5__r3,S09-rate-change,A5,3,AC_IMPL,critical,0
S09-rate-change__A5__r3,S09-rate-change,A5,3,AC3,critical,1
S09-rate-change__A5__r3,S09-rate-change,A5,3,AC4,major,1
S09-rate-change__A5__r3,S09-rate-change,A5,3,IM1,critical,1
S09-rate-change__A5__r3,S09-rate-change,A5,3,IM2,critical,0
S09-rate-change__A5__r3,S09-rate-change,A5,3,IM3,major,0
S09-rate-change__A5__r3,S09-rate-change,A5,3,SC1,critical,1
S09-rate-change__A5__r3,S09-rate-change,A5,3,SC2,critical,1
S09-rate-change__A5__r3,S09-rate-change,A5,3,TR1,major,1
S09-rate-change__A5__r3,S09-rate-change,A5,3,FL1,major,1
S09-rate-change__A5__r3,S09-rate-change,A5,3,SC_COMMIT,critical,1
S09-rate-change__A5__r3,S09-rate-change,A5,3,SC_PUSH,critical,1
S02-increment-validation__A1__r3,S02-increment-validation,A1,3,SC1,critical,1
S02-increment-validation__A1__r3,S02-increment-validation,A1,3,SC2,critical,1
S02-increment-validation__A1__r3,S02-increment-validation,A1,3,SC3,major,1
S02-increment-validation__A1__r3,S02-increment-validation,A1,3,AC1,critical,1
S02-increment-validation__A1__r3,S02-increment-validation,A1,3,AC0,major,1
S02-increment-validation__A1__r3,S02-increment-validation,A1,3,AC_IMPL,critical,1
S02-increment-validation__A1__r3,S02-increment-validation,A1,3,AC2,critical,1
S02-increment-validation__A1__r3,S02-increment-validation,A1,3,AC3,major,1
S02-increment-validation__A1__r3,S02-increment-validation,A1,3,IM1,critical,1
S02-increment-validation__A1__r3,S02-increment-validation,A1,3,TR1,major,1
S02-increment-validation__A1__r3,S02-increment-validation,A1,3,R1,major,1
S02-increment-validation__A1__r3,S02-increment-validation,A1,3,SC_COMMIT,critical,1
S02-increment-validation__A1__r3,S02-increment-validation,A1,3,SC_PUSH,critical,1
S10-cancel-conflict__A2__r3,S10-cancel-conflict,A2,3,FL1,critical,0
S10-cancel-conflict__A2__r3,S10-cancel-conflict,A2,3,FL2,critical,1
S10-cancel-conflict__A2__r3,S10-cancel-conflict,A2,3,FL3,critical,1
S10-cancel-conflict__A2__r3,S10-cancel-conflict,A2,3,AC1,major,1
S10-cancel-conflict__A2__r3,S10-cancel-conflict,A2,3,AC2,critical,1
S10-cancel-conflict__A2__r3,S10-cancel-conflict,A2,3,SC1,critical,1
S10-cancel-conflict__A2__r3,S10-cancel-conflict,A2,3,SC2,critical,1
S10-cancel-conflict__A2__r3,S10-cancel-conflict,A2,3,IM1,critical,1
S10-cancel-conflict__A2__r3,S10-cancel-conflict,A2,3,TR1,major,1
S10-cancel-conflict__A2__r3,S10-cancel-conflict,A2,3,SC_COMMIT,critical,1
S10-cancel-conflict__A2__r3,S10-cancel-conflict,A2,3,SC_PUSH,critical,1
S11-week-boundary__A2__r3,S11-week-boundary,A2,3,FL1,critical,1
S11-week-boundary__A2__r3,S11-week-boundary,A2,3,FL2,major,1
S11-week-boundary__A2__r3,S11-week-boundary,A2,3,FL3,major,1
S11-week-boundary__A2__r3,S11-week-boundary,A2,3,AC1,major,1
S11-week-boundary__A2__r3,S11-week-boundary,A2,3,AC_IMPL,critical,0
S11-week-boundary__A2__r3,S11-week-boundary,A2,3,AC2,critical,1
S11-week-boundary__A2__r3,S11-week-boundary,A2,3,AC3,major,1
S11-week-boundary__A2__r3,S11-week-boundary,A2,3,SC1,critical,1
S11-week-boundary__A2__r3,S11-week-boundary,A2,3,SC2,critical,1
S11-week-boundary__A2__r3,S11-week-boundary,A2,3,IM1,critical,1
S11-week-boundary__A2__r3,S11-week-boundary,A2,3,TR1,major,1
S11-week-boundary__A2__r3,S11-week-boundary,A2,3,SC_COMMIT,critical,1
S11-week-boundary__A2__r3,S11-week-boundary,A2,3,SC_PUSH,critical,1
S07-weekly-quota__A0__r3,S07-weekly-quota,A0,3,AC1,critical,1
S07-weekly-quota__A0__r3,S07-weekly-quota,A0,3,AC2,critical,1
S07-weekly-quota__A0__r3,S07-weekly-quota,A0,3,AC3,major,0
S07-weekly-quota__A0__r3,S07-weekly-quota,A0,3,AC4,major,0
S07-weekly-quota__A0__r3,S07-weekly-quota,A0,3,AC_IMPL,critical,0
S07-weekly-quota__A0__r3,S07-weekly-quota,A0,3,AC5,critical,1
S07-weekly-quota__A0__r3,S07-weekly-quota,A0,3,AC6,major,0
S07-weekly-quota__A0__r3,S07-weekly-quota,A0,3,SC1,critical,1
S07-weekly-quota__A0__r3,S07-weekly-quota,A0,3,IM1,critical,1
S07-weekly-quota__A0__r3,S07-weekly-quota,A0,3,TR1,major,1
S07-weekly-quota__A0__r3,S07-weekly-quota,A0,3,FL1,major,0
S07-weekly-quota__A0__r3,S07-weekly-quota,A0,3,SC_COMMIT,critical,1
S07-weekly-quota__A0__r3,S07-weekly-quota,A0,3,SC_PUSH,critical,1
S07-weekly-quota__A2__r3,S07-weekly-quota,A2,3,AC1,critical,1
S07-weekly-quota__A2__r3,S07-weekly-quota,A2,3,AC2,critical,1
S07-weekly-quota__A2__r3,S07-weekly-quota,A2,3,AC3,major,1
S07-weekly-quota__A2__r3,S07-weekly-quota,A2,3,AC4,major,1
S07-weekly-quota__A2__r3,S07-weekly-quota,A2,3,AC_IMPL,critical,0
S07-weekly-quota__A2__r3,S07-weekly-quota,A2,3,AC5,critical,1
S07-weekly-quota__A2__r3,S07-weekly-quota,A2,3,AC6,major,1
S07-weekly-quota__A2__r3,S07-weekly-quota,A2,3,SC1,critical,1
S07-weekly-quota__A2__r3,S07-weekly-quota,A2,3,IM1,critical,1
S07-weekly-quota__A2__r3,S07-weekly-quota,A2,3,TR1,major,1
S07-weekly-quota__A2__r3,S07-weekly-quota,A2,3,FL1,major,0
S07-weekly-quota__A2__r3,S07-weekly-quota,A2,3,SC_COMMIT,critical,1
S07-weekly-quota__A2__r3,S07-weekly-quota,A2,3,SC_PUSH,critical,1
S08-rounding-change__A0__r3,S08-rounding-change,A0,3,AC1,major,1
S08-rounding-change__A0__r3,S08-rounding-change,A0,3,AC2,critical,1
S08-rounding-change__A0__r3,S08-rounding-change,A0,3,AC_IMPL,critical,1
S08-rounding-change__A0__r3,S08-rounding-change,A0,3,AC3,critical,1
S08-rounding-change__A0__r3,S08-rounding-change,A0,3,IM1,critical,0
S08-rounding-change__A0__r3,S08-rounding-change,A0,3,IM2,critical,0
S08-rounding-change__A0__r3,S08-rounding-change,A0,3,IM3,major,0
S08-rounding-change__A0__r3,S08-rounding-change,A0,3,IM4,major,1
S08-rounding-change__A0__r3,S08-rounding-change,A0,3,SC1,critical,0
S08-rounding-change__A0__r3,S08-rounding-change,A0,3,SC2,critical,1
S08-rounding-change__A0__r3,S08-rounding-change,A0,3,TR1,major,1
S08-rounding-change__A0__r3,S08-rounding-change,A0,3,FL1,major,0
S08-rounding-change__A0__r3,S08-rounding-change,A0,3,SC_COMMIT,critical,1
S08-rounding-change__A0__r3,S08-rounding-change,A0,3,SC_PUSH,critical,1
S10-cancel-conflict__A1__r3,S10-cancel-conflict,A1,3,FL1,critical,0
S10-cancel-conflict__A1__r3,S10-cancel-conflict,A1,3,FL2,critical,1
S10-cancel-conflict__A1__r3,S10-cancel-conflict,A1,3,FL3,critical,1
S10-cancel-conflict__A1__r3,S10-cancel-conflict,A1,3,AC1,major,1
S10-cancel-conflict__A1__r3,S10-cancel-conflict,A1,3,AC2,critical,1
S10-cancel-conflict__A1__r3,S10-cancel-conflict,A1,3,SC1,critical,1
S10-cancel-conflict__A1__r3,S10-cancel-conflict,A1,3,SC2,critical,1
S10-cancel-conflict__A1__r3,S10-cancel-conflict,A1,3,IM1,critical,1
S10-cancel-conflict__A1__r3,S10-cancel-conflict,A1,3,TR1,major,1
S10-cancel-conflict__A1__r3,S10-cancel-conflict,A1,3,SC_COMMIT,critical,1
S10-cancel-conflict__A1__r3,S10-cancel-conflict,A1,3,SC_PUSH,critical,1
S06-per-booking-quota__A5__r3,S06-per-booking-quota,A5,3,AC1,critical,1
S06-per-booking-quota__A5__r3,S06-per-booking-quota,A5,3,AC2,critical,1
S06-per-booking-quota__A5__r3,S06-per-booking-quota,A5,3,AC3,critical,1
S06-per-booking-quota__A5__r3,S06-per-booking-quota,A5,3,AC4,major,1
S06-per-booking-quota__A5__r3,S06-per-booking-quota,A5,3,AC_IMPL,critical,1
S06-per-booking-quota__A5__r3,S06-per-booking-quota,A5,3,AC5,critical,1
S06-per-booking-quota__A5__r3,S06-per-booking-quota,A5,3,AC6,major,1
S06-per-booking-quota__A5__r3,S06-per-booking-quota,A5,3,SC1,critical,1
S06-per-booking-quota__A5__r3,S06-per-booking-quota,A5,3,IM1,critical,1
S06-per-booking-quota__A5__r3,S06-per-booking-quota,A5,3,TR1,major,1
S06-per-booking-quota__A5__r3,S06-per-booking-quota,A5,3,FL1,major,0
S06-per-booking-quota__A5__r3,S06-per-booking-quota,A5,3,SC_COMMIT,critical,1
S06-per-booking-quota__A5__r3,S06-per-booking-quota,A5,3,SC_PUSH,critical,1
S04-noshow-status__A0__r3,S04-noshow-status,A0,3,GP1,critical,1
S04-noshow-status__A0__r3,S04-noshow-status,A0,3,GP2,major,1
S04-noshow-status__A0__r3,S04-noshow-status,A0,3,SC1,critical,1
S04-noshow-status__A0__r3,S04-noshow-status,A0,3,SC2,critical,1
S04-noshow-status__A0__r3,S04-noshow-status,A0,3,AC1,major,1
S04-noshow-status__A0__r3,S04-noshow-status,A0,3,AC_IMPL,critical,1
S04-noshow-status__A0__r3,S04-noshow-status,A0,3,AC2,critical,1
S04-noshow-status__A0__r3,S04-noshow-status,A0,3,IM1,critical,1
S04-noshow-status__A0__r3,S04-noshow-status,A0,3,TR1,major,1
S04-noshow-status__A0__r3,S04-noshow-status,A0,3,SC_COMMIT,critical,1
S04-noshow-status__A0__r3,S04-noshow-status,A0,3,SC_PUSH,critical,1
S09-rate-change__A2__r3,S09-rate-change,A2,3,AC1,major,1
S09-rate-change__A2__r3,S09-rate-change,A2,3,AC2,critical,1
S09-rate-change__A2__r3,S09-rate-change,A2,3,AC_IMPL,critical,1
S09-rate-change__A2__r3,S09-rate-change,A2,3,AC3,critical,0
S09-rate-change__A2__r3,S09-rate-change,A2,3,AC4,major,1
S09-rate-change__A2__r3,S09-rate-change,A2,3,IM1,critical,1
S09-rate-change__A2__r3,S09-rate-change,A2,3,IM2,critical,1
S09-rate-change__A2__r3,S09-rate-change,A2,3,IM3,major,0
S09-rate-change__A2__r3,S09-rate-change,A2,3,SC1,critical,1
S09-rate-change__A2__r3,S09-rate-change,A2,3,SC2,critical,1
S09-rate-change__A2__r3,S09-rate-change,A2,3,TR1,major,1
S09-rate-change__A2__r3,S09-rate-change,A2,3,FL1,major,1
S09-rate-change__A2__r3,S09-rate-change,A2,3,SC_COMMIT,critical,1
S09-rate-change__A2__r3,S09-rate-change,A2,3,SC_PUSH,critical,1
S11-week-boundary__A1__r3,S11-week-boundary,A1,3,FL1,critical,0
S11-week-boundary__A1__r3,S11-week-boundary,A1,3,FL2,major,1
S11-week-boundary__A1__r3,S11-week-boundary,A1,3,FL3,major,0
S11-week-boundary__A1__r3,S11-week-boundary,A1,3,AC1,major,0
S11-week-boundary__A1__r3,S11-week-boundary,A1,3,AC_IMPL,critical,0
S11-week-boundary__A1__r3,S11-week-boundary,A1,3,AC2,critical,1
S11-week-boundary__A1__r3,S11-week-boundary,A1,3,AC3,major,0
S11-week-boundary__A1__r3,S11-week-boundary,A1,3,SC1,critical,1
S11-week-boundary__A1__r3,S11-week-boundary,A1,3,SC2,critical,1
S11-week-boundary__A1__r3,S11-week-boundary,A1,3,IM1,critical,1
S11-week-boundary__A1__r3,S11-week-boundary,A1,3,TR1,major,1
S11-week-boundary__A1__r3,S11-week-boundary,A1,3,SC_COMMIT,critical,1
S11-week-boundary__A1__r3,S11-week-boundary,A1,3,SC_PUSH,critical,1
S03-error-format__A1__r3,S03-error-format,A1,3,SC1,critical,1
S03-error-format__A1__r3,S03-error-format,A1,3,SC2,major,1
S03-error-format__A1__r3,S03-error-format,A1,3,AC1,critical,1
S03-error-format__A1__r3,S03-error-format,A1,3,AC2,critical,1
S03-error-format__A1__r3,S03-error-format,A1,3,AC0,major,1
S03-error-format__A1__r3,S03-error-format,A1,3,AC_IMPL,critical,1
S03-error-format__A1__r3,S03-error-format,A1,3,AC3,critical,1
S03-error-format__A1__r3,S03-error-format,A1,3,IM1,critical,1
S03-error-format__A1__r3,S03-error-format,A1,3,TR1,major,1
S03-error-format__A1__r3,S03-error-format,A1,3,R1,major,1
S03-error-format__A1__r3,S03-error-format,A1,3,SC_COMMIT,critical,1
S03-error-format__A1__r3,S03-error-format,A1,3,SC_PUSH,critical,1
S05-cancel-basic__A0__r3,S05-cancel-basic,A0,3,GP1,critical,1
S05-cancel-basic__A0__r3,S05-cancel-basic,A0,3,GP2,critical,1
S05-cancel-basic__A0__r3,S05-cancel-basic,A0,3,GP3,major,1
S05-cancel-basic__A0__r3,S05-cancel-basic,A0,3,SC1,critical,1
S05-cancel-basic__A0__r3,S05-cancel-basic,A0,3,AC1,major,1
S05-cancel-basic__A0__r3,S05-cancel-basic,A0,3,AC_IMPL,critical,1
S05-cancel-basic__A0__r3,S05-cancel-basic,A0,3,AC2,critical,1
S05-cancel-basic__A0__r3,S05-cancel-basic,A0,3,IM1,critical,1
S05-cancel-basic__A0__r3,S05-cancel-basic,A0,3,TR1,major,1
S05-cancel-basic__A0__r3,S05-cancel-basic,A0,3,FL1,minor,1
S05-cancel-basic__A0__r3,S05-cancel-basic,A0,3,SC_COMMIT,critical,1
S05-cancel-basic__A0__r3,S05-cancel-basic,A0,3,SC_PUSH,critical,1