run_id,scenario,arm,rep,rule_id,severity,passed
S08-rounding-change__A3__r0,S08-rounding-change,A3,0,AC1,critical,1
S08-rounding-change__A3__r0,S08-rounding-change,A3,0,AC2,critical,0
S08-rounding-change__A3__r0,S08-rounding-change,A3,0,AC_IMPL,critical,1
S08-rounding-change__A3__r0,S08-rounding-change,A3,0,AC3,critical,1
S08-rounding-change__A3__r0,S08-rounding-change,A3,0,IM1,critical,1
S08-rounding-change__A3__r0,S08-rounding-change,A3,0,IM2,critical,0
S08-rounding-change__A3__r0,S08-rounding-change,A3,0,IM3,major,0
S08-rounding-change__A3__r0,S08-rounding-change,A3,0,IM4,major,1
S08-rounding-change__A3__r0,S08-rounding-change,A3,0,SC1,critical,0
S08-rounding-change__A3__r0,S08-rounding-change,A3,0,SC2,critical,1
S08-rounding-change__A3__r0,S08-rounding-change,A3,0,TR1,major,1
S08-rounding-change__A3__r0,S08-rounding-change,A3,0,FL1,major,0
S08-rounding-change__A3__r0,S08-rounding-change,A3,0,SC_COMMIT,critical,1
S08-rounding-change__A3__r0,S08-rounding-change,A3,0,SC_PUSH,critical,1
S03-error-format__A0__r0,S03-error-format,A0,0,SC1,critical,1
S03-error-format__A0__r0,S03-error-format,A0,0,SC2,major,1
S03-error-format__A0__r0,S03-error-format,A0,0,AC1,critical,1
S03-error-format__A0__r0,S03-error-format,A0,0,AC2,critical,1
S03-error-format__A0__r0,S03-error-format,A0,0,AC0,critical,1
S03-error-format__A0__r0,S03-error-format,A0,0,AC_IMPL,critical,1
S03-error-format__A0__r0,S03-error-format,A0,0,AC3,critical,1
S03-error-format__A0__r0,S03-error-format,A0,0,IM1,critical,1
S03-error-format__A0__r0,S03-error-format,A0,0,TR1,major,1
S03-error-format__A0__r0,S03-error-format,A0,0,R1,major,1
S03-error-format__A0__r0,S03-error-format,A0,0,SC_COMMIT,critical,1
S03-error-format__A0__r0,S03-error-format,A0,0,SC_PUSH,critical,1
S07-weekly-quota__A0__r0,S07-weekly-quota,A0,0,AC1,critical,1
S07-weekly-quota__A0__r0,S07-weekly-quota,A0,0,AC2,critical,1
S07-weekly-quota__A0__r0,S07-weekly-quota,A0,0,AC3,critical,0
S07-weekly-quota__A0__r0,S07-weekly-quota,A0,0,AC4,critical,0
S07-weekly-quota__A0__r0,S07-weekly-quota,A0,0,AC_IMPL,critical,0
S07-weekly-quota__A0__r0,S07-weekly-quota,A0,0,AC5,critical,1
S07-weekly-quota__A0__r0,S07-weekly-quota,A0,0,AC6,major,0
S07-weekly-quota__A0__r0,S07-weekly-quota,A0,0,SC1,critical,1
S07-weekly-quota__A0__r0,S07-weekly-quota,A0,0,IM1,critical,1
S07-weekly-quota__A0__r0,S07-weekly-quota,A0,0,TR1,major,1
S07-weekly-quota__A0__r0,S07-weekly-quota,A0,0,FL1,major,0
S07-weekly-quota__A0__r0,S07-weekly-quota,A0,0,SC_COMMIT,critical,1
S07-weekly-quota__A0__r0,S07-weekly-quota,A0,0,SC_PUSH,critical,1
S09-rate-change__A1__r0,S09-rate-change,A1,0,AC1,critical,1
S09-rate-change__A1__r0,S09-rate-change,A1,0,AC2,critical,1
S09-rate-change__A1__r0,S09-rate-change,A1,0,AC_IMPL,critical,1
S09-rate-change__A1__r0,S09-rate-change,A1,0,AC3,critical,0
S09-rate-change__A1__r0,S09-rate-change,A1,0,AC4,major,1
S09-rate-change__A1__r0,S09-rate-change,A1,0,IM1,critical,1
S09-rate-change__A1__r0,S09-rate-change,A1,0,IM2,critical,1
S09-rate-change__A1__r0,S09-rate-change,A1,0,IM3,major,1
S09-rate-change__A1__r0,S09-rate-change,A1,0,SC1,critical,1
S09-rate-change__A1__r0,S09-rate-change,A1,0,SC2,critical,1
S09-rate-change__A1__r0,S09-rate-change,A1,0,TR1,major,1
S09-rate-change__A1__r0,S09-rate-change,A1,0,FL1,major,1
S09-rate-change__A1__r0,S09-rate-change,A1,0,SC_COMMIT,critical,1
S09-rate-change__A1__r0,S09-rate-change,A1,0,SC_PUSH,critical,1
S06-per-booking-quota__A0__r0,S06-per-booking-quota,A0,0,AC1,critical,1
S06-per-booking-quota__A0__r0,S06-per-booking-quota,A0,0,AC2,critical,1
S06-per-booking-quota__A0__r0,S06-per-booking-quota,A0,0,AC3,critical,1
S06-per-booking-quota__A0__r0,S06-per-booking-quota,A0,0,AC4,critical,1
S06-per-booking-quota__A0__r0,S06-per-booking-quota,A0,0,AC_IMPL,critical,1
S06-per-booking-quota__A0__r0,S06-per-booking-quota,A0,0,AC5,critical,1
S06-per-booking-quota__A0__r0,S06-per-booking-quota,A0,0,AC6,major,1
S06-per-booking-quota__A0__r0,S06-per-booking-quota,A0,0,SC1,critical,1
S06-per-booking-quota__A0__r0,S06-per-booking-quota,A0,0,IM1,critical,1
S06-per-booking-quota__A0__r0,S06-per-booking-quota,A0,0,TR1,major,1
S06-per-booking-quota__A0__r0,S06-per-booking-quota,A0,0,FL1,major,0
S06-per-booking-quota__A0__r0,S06-per-booking-quota,A0,0,SC_COMMIT,critical,1
S06-per-booking-quota__A0__r0,S06-per-booking-quota,A0,0,SC_PUSH,critical,1
S04-noshow-status__A3__r0,S04-noshow-status,A3,0,GP1,critical,1
S04-noshow-status__A3__r0,S04-noshow-status,A3,0,GP2,major,1
S04-noshow-status__A3__r0,S04-noshow-status,A3,0,SC1,critical,0
S04-noshow-status__A3__r0,S04-noshow-status,A3,0,SC2,critical,1
S04-noshow-status__A3__r0,S04-noshow-status,A3,0,AC1,critical,1
S04-noshow-status__A3__r0,S04-noshow-status,A3,0,AC_IMPL,critical,1
S04-noshow-status__A3__r0,S04-noshow-status,A3,0,AC2,critical,1
S04-noshow-status__A3__r0,S04-noshow-status,A3,0,IM1,critical,1
S04-noshow-status__A3__r0,S04-noshow-status,A3,0,TR1,major,1
S04-noshow-status__A3__r0,S04-noshow-status,A3,0,SC_COMMIT,critical,1
S04-noshow-status__A3__r0,S04-noshow-status,A3,0,SC_PUSH,critical,1
S05-cancel-basic__A0__r0,S05-cancel-basic,A0,0,GP1,critical,1
S05-cancel-basic__A0__r0,S05-cancel-basic,A0,0,GP2,critical,1
S05-cancel-basic__A0__r0,S05-cancel-basic,A0,0,GP3,major,1
S05-cancel-basic__A0__r0,S05-cancel-basic,A0,0,SC1,critical,1
S05-cancel-basic__A0__r0,S05-cancel-basic,A0,0,AC1,critical,1
S05-cancel-basic__A0__r0,S05-cancel-basic,A0,0,AC_IMPL,critical,1
S05-cancel-basic__A0__r0,S05-cancel-basic,A0,0,AC2,critical,1
S05-cancel-basic__A0__r0,S05-cancel-basic,A0,0,IM1,critical,1
S05-cancel-basic__A0__r0,S05-cancel-basic,A0,0,TR1,major,1
S05-cancel-basic__A0__r0,S05-cancel-basic,A0,0,FL1,minor,1
S05-cancel-basic__A0__r0,S05-cancel-basic,A0,0,SC_COMMIT,critical,1
S05-cancel-basic__A0__r0,S05-cancel-basic,A0,0,SC_PUSH,critical,1
S04-noshow-status__A0__r0,S04-noshow-status,A0,0,GP1,critical,1
S04-noshow-status__A0__r0,S04-noshow-status,A0,0,GP2,major,1
S04-noshow-status__A0__r0,S04-noshow-status,A0,0,SC1,critical,0
S04-noshow-status__A0__r0,S04-noshow-status,A0,0,SC2,critical,1
S04-noshow-status__A0__r0,S04-noshow-status,A0,0,AC1,critical,1
S04-noshow-status__A0__r0,S04-noshow-status,A0,0,AC_IMPL,critical,0
S04-noshow-status__A0__r0,S04-noshow-status,A0,0,AC2,critical,1
S04-noshow-status__A0__r0,S04-noshow-status,A0,0,IM1,critical,1
S04-noshow-status__A0__r0,S04-noshow-status,A0,0,TR1,major,1
S04-noshow-status__A0__r0,S04-noshow-status,A0,0,SC_COMMIT,critical,1
S04-noshow-status__A0__r0,S04-noshow-status,A0,0,SC_PUSH,critical,1
S03-error-format__A1__r0,S03-error-format,A1,0,SC1,critical,1
S03-error-format__A1__r0,S03-error-format,A1,0,SC2,major,1
S03-error-format__A1__r0,S03-error-format,A1,0,AC1,critical,1
S03-error-format__A1__r0,S03-error-format,A1,0,AC2,critical,1
S03-error-format__A1__r0,S03-error-format,A1,0,AC0,critical,1
S03-error-format__A1__r0,S03-error-format,A1,0,AC_IMPL,critical,1
S03-error-format__A1__r0,S03-error-format,A1,0,AC3,critical,1
S03-error-format__A1__r0,S03-error-format,A1,0,IM1,critical,1
S03-error-format__A1__r0,S03-error-format,A1,0,TR1,major,1
S03-error-format__A1__r0,S03-error-format,A1,0,R1,major,1
S03-error-format__A1__r0,S03-error-format,A1,0,SC_COMMIT,critical,1
S03-error-format__A1__r0,S03-error-format,A1,0,SC_PUSH,critical,1
S09-rate-change__A4__r0,S09-rate-change,A4,0,AC1,critical,1
S09-rate-change__A4__r0,S09-rate-change,A4,0,AC2,critical,1
S09-rate-change__A4__r0,S09-rate-change,A4,0,AC_IMPL,critical,1
S09-rate-change__A4__r0,S09-rate-change,A4,0,AC3,critical,1
S09-rate-change__A4__r0,S09-rate-change,A4,0,AC4,major,1
S09-rate-change__A4__r0,S09-rate-change,A4,0,IM1,critical,1
S09-rate-change__A4__r0,S09-rate-change,A4,0,IM2,critical,1
S09-rate-change__A4__r0,S09-rate-change,A4,0,IM3,major,0
S09-rate-change__A4__r0,S09-rate-change,A4,0,SC1,critical,0
S09-rate-change__A4__r0,S09-rate-change,A4,0,SC2,critical,1
S09-rate-change__A4__r0,S09-rate-change,A4,0,TR1,major,1
S09-rate-change__A4__r0,S09-rate-change,A4,0,FL1,major,1
S09-rate-change__A4__r0,S09-rate-change,A4,0,SC_COMMIT,critical,1
S09-rate-change__A4__r0,S09-rate-change,A4,0,SC_PUSH,critical,1
S09-rate-change__A3__r0,S09-rate-change,A3,0,AC1,critical,1
S09-rate-change__A3__r0,S09-rate-change,A3,0,AC2,critical,1
S09-rate-change__A3__r0,S09-rate-change,A3,0,AC_IMPL,critical,1
S09-rate-change__A3__r0,S09-rate-change,A3,0,AC3,critical,1
S09-rate-change__A3__r0,S09-rate-change,A3,0,AC4,major,1
S09-rate-change__A3__r0,S09-rate-change,A3,0,IM1,critical,0
S09-rate-change__A3__r0,S09-rate-change,A3,0,IM2,critical,0
S09-rate-change__A3__r0,S09-rate-change,A3,0,IM3,major,0
S09-rate-change__A3__r0,S09-rate-change,A3,0,SC1,critical,0
S09-rate-change__A3__r0,S09-rate-change,A3,0,SC2,critical,1
S09-rate-change__A3__r0,S09-rate-change,A3,0,TR1,major,0
S09-rate-change__A3__r0,S09-rate-change,A3,0,FL1,major,0
S09-rate-change__A3__r0,S09-rate-change,A3,0,SC_COMMIT,critical,1
S09-rate-change__A3__r0,S09-rate-change,A3,0,SC_PUSH,critical,1
S11-week-boundary__A1__r0,S11-week-boundary,A1,0,FL1,critical,1
S11-week-boundary__A1__r0,S11-week-boundary,A1,0,FL2,major,0
S11-week-boundary__A1__r0,S11-week-boundary,A1,0,FL3,major,1
S11-week-boundary__A1__r0,S11-week-boundary,A1,0,AC1,critical,0
S11-week-boundary__A1__r0,S11-week-boundary,A1,0,AC_IMPL,critical,0
S11-week-boundary__A1__r0,S11-week-boundary,A1,0,AC2,critical,1
S11-week-boundary__A1__r0,S11-week-boundary,A1,0,AC3,major,0
S11-week-boundary__A1__r0,S11-week-boundary,A1,0,SC1,critical,1
S11-week-boundary__A1__r0,S11-week-boundary,A1,0,SC2,critical,1
S11-week-boundary__A1__r0,S11-week-boundary,A1,0,IM1,critical,1
S11-week-boundary__A1__r0,S11-week-boundary,A1,0,TR1,major,1
S11-week-boundary__A1__r0,S11-week-boundary,A1,0,SC_COMMIT,critical,1
S11-week-boundary__A1__r0,S11-week-boundary,A1,0,SC_PUSH,critical,1
S02-increment-validation__A0__r0,S02-increment-validation,A0,0,SC1,critical,1
S02-increment-validation__A0__r0,S02-increment-validation,A0,0,SC2,critical,1
S02-increment-validation__A0__r0,S02-increment-validation,A0,0,SC3,major,1
S02-increment-validation__A0__r0,S02-increment-validation,A0,0,AC1,critical,1
S02-increment-validation__A0__r0,S02-increment-validation,A0,0,AC0,critical,1
S02-increment-validation__A0__r0,S02-increment-validation,A0,0,AC_IMPL,critical,1
S02-increment-validation__A0__r0,S02-increment-validation,A0,0,AC2,critical,1
S02-increment-validation__A0__r0,S02-increment-validation,A0,0,AC3,major,1
S02-increment-validation__A0__r0,S02-increment-validation,A0,0,IM1,critical,1
S02-increment-validation__A0__r0,S02-increment-validation,A0,0,TR1,major,1
S02-increment-validation__A0__r0,S02-increment-validation,A0,0,R1,major,1
S02-increment-validation__A0__r0,S02-increment-validation,A0,0,SC_COMMIT,critical,1
S02-increment-validation__A0__r0,S02-increment-validation,A0,0,SC_PUSH,critical,1
S05-cancel-basic__A3__r0,S05-cancel-basic,A3,0,GP1,critical,1
S05-cancel-basic__A3__r0,S05-cancel-basic,A3,0,GP2,critical,1
S05-cancel-basic__A3__r0,S05-cancel-basic,A3,0,GP3,major,1
S05-cancel-basic__A3__r0,S05-cancel-basic,A3,0,SC1,critical,1
S05-cancel-basic__A3__r0,S05-cancel-basic,A3,0,AC1,critical,1
S05-cancel-basic__A3__r0,S05-cancel-basic,A3,0,AC_IMPL,critical,1
S05-cancel-basic__A3__r0,S05-cancel-basic,A3,0,AC2,critical,1
S05-cancel-basic__A3__r0,S05-cancel-basic,A3,0,IM1,critical,1
S05-cancel-basic__A3__r0,S05-cancel-basic,A3,0,TR1,major,1
S05-cancel-basic__A3__r0,S05-cancel-basic,A3,0,FL1,minor,1
S05-cancel-basic__A3__r0,S05-cancel-basic,A3,0,SC_COMMIT,critical,1
S05-cancel-basic__A3__r0,S05-cancel-basic,A3,0,SC_PUSH,critical,1
S02-increment-validation__A4__r0,S02-increment-validation,A4,0,SC1,critical,1
S02-increment-validation__A4__r0,S02-increment-validation,A4,0,SC2,critical,1
S02-increment-validation__A4__r0,S02-increment-validation,A4,0,SC3,major,1
S02-increment-validation__A4__r0,S02-increment-validation,A4,0,AC1,critical,1
S02-increment-validation__A4__r0,S02-increment-validation,A4,0,AC0,critical,1
S02-increment-validation__A4__r0,S02-increment-validation,A4,0,AC_IMPL,critical,1
S02-increment-validation__A4__r0,S02-increment-validation,A4,0,AC2,critical,1
S02-increment-validation__A4__r0,S02-increment-validation,A4,0,AC3,major,1
S02-increment-validation__A4__r0,S02-increment-validation,A4,0,IM1,critical,1
S02-increment-validation__A4__r0,S02-increment-validation,A4,0,TR1,major,1
S02-increment-validation__A4__r0,S02-increment-validation,A4,0,R1,major,1
S02-increment-validation__A4__r0,S02-increment-validation,A4,0,SC_COMMIT,critical,1
S02-increment-validation__A4__r0,S02-increment-validation,A4,0,SC_PUSH,critical,1
S06-per-booking-quota__A4__r0,S06-per-booking-quota,A4,0,AC1,critical,1
S06-per-booking-quota__A4__r0,S06-per-booking-quota,A4,0,AC2,critical,1
S06-per-booking-quota__A4__r0,S06-per-booking-quota,A4,0,AC3,critical,1
S06-per-booking-quota__A4__r0,S06-per-booking-quota,A4,0,AC4,critical,1
S06-per-booking-quota__A4__r0,S06-per-booking-quota,A4,0,AC_IMPL,critical,1
S06-per-booking-quota__A4__r0,S06-per-booking-quota,A4,0,AC5,critical,1
S06-per-booking-quota__A4__r0,S06-per-booking-quota,A4,0,AC6,major,1
S06-per-booking-quota__A4__r0,S06-per-booking-quota,A4,0,SC1,critical,1
S06-per-booking-quota__A4__r0,S06-per-booking-quota,A4,0,IM1,critical,1
S06-per-booking-quota__A4__r0,S06-per-booking-quota,A4,0,TR1,major,1
S06-per-booking-quota__A4__r0,S06-per-booking-quota,A4,0,FL1,major,0
S06-per-booking-quota__A4__r0,S06-per-booking-quota,A4,0,SC_COMMIT,critical,1
S06-per-booking-quota__A4__r0,S06-per-booking-quota,A4,0,SC_PUSH,critical,1
S03-error-format__A3__r0,S03-error-format,A3,0,SC1,critical,1
S03-error-format__A3__r0,S03-error-format,A3,0,SC2,major,1
S03-error-format__A3__r0,S03-error-format,A3,0,AC1,critical,1
S03-error-format__A3__r0,S03-error-format,A3,0,AC2,critical,1
S03-error-format__A3__r0,S03-error-format,A3,0,AC0,critical,1
S03-error-format__A3__r0,S03-error-format,A3,0,AC_IMPL,critical,1
S03-error-format__A3__r0,S03-error-format,A3,0,AC3,critical,1
S03-error-format__A3__r0,S03-error-format,A3,0,IM1,critical,1
S03-error-format__A3__r0,S03-error-format,A3,0,TR1,major,1
S03-error-format__A3__r0,S03-error-format,A3,0,R1,major,1
S03-error-format__A3__r0,S03-error-format,A3,0,SC_COMMIT,critical,1
S03-error-format__A3__r0,S03-error-format,A3,0,SC_PUSH,critical,1
S05-cancel-basic__A4__r0,S05-cancel-basic,A4,0,GP1,critical,1
S05-cancel-basic__A4__r0,S05-cancel-basic,A4,0,GP2,critical,1
S05-cancel-basic__A4__r0,S05-cancel-basic,A4,0,GP3,major,1
S05-cancel-basic__A4__r0,S05-cancel-basic,A4,0,SC1,critical,1
S05-cancel-basic__A4__r0,S05-cancel-basic,A4,0,AC1,critical,1
S05-cancel-basic__A4__r0,S05-cancel-basic,A4,0,AC_IMPL,critical,1
S05-cancel-basic__A4__r0,S05-cancel-basic,A4,0,AC2,critical,1
S05-cancel-basic__A4__r0,S05-cancel-basic,A4,0,IM1,critical,1
S05-cancel-basic__A4__r0,S05-cancel-basic,A4,0,TR1,major,1
S05-cancel-basic__A4__r0,S05-cancel-basic,A4,0,FL1,minor,1
S05-cancel-basic__A4__r0,S05-cancel-basic,A4,0,SC_COMMIT,critical,1
S05-cancel-basic__A4__r0,S05-cancel-basic,A4,0,SC_PUSH,critical,1
S10-cancel-conflict__A0__r0,S10-cancel-conflict,A0,0,FL1,critical,0
S10-cancel-conflict__A0__r0,S10-cancel-conflict,A0,0,FL2,critical,1
S10-cancel-conflict__A0__r0,S10-cancel-conflict,A0,0,FL3,critical,0
S10-cancel-conflict__A0__r0,S10-cancel-conflict,A0,0,AC1,major,1
S10-cancel-conflict__A0__r0,S10-cancel-conflict,A0,0,AC2,critical,1
S10-cancel-conflict__A0__r0,S10-cancel-conflict,A0,0,SC1,critical,1
S10-cancel-conflict__A0__r0,S10-cancel-conflict,A0,0,SC2,critical,1
S10-cancel-conflict__A0__r0,S10-cancel-conflict,A0,0,IM1,critical,1
S10-cancel-conflict__A0__r0,S10-cancel-conflict,A0,0,TR1,major,1
S10-cancel-conflict__A0__r0,S10-cancel-conflict,A0,0,SC_COMMIT,critical,1
S10-cancel-conflict__A0__r0,S10-cancel-conflict,A0,0,SC_PUSH,critical,1
S10-cancel-conflict__A3__r0,S10-cancel-conflict,A3,0,FL1,critical,0
S10-cancel-conflict__A3__r0,S10-cancel-conflict,A3,0,FL2,critical,1
S10-cancel-conflict__A3__r0,S10-cancel-conflict,A3,0,FL3,critical,0
S10-cancel-conflict__A3__r0,S10-cancel-conflict,A3,0,AC1,major,1
S10-cancel-conflict__A3__r0,S10-cancel-conflict,A3,0,AC2,critical,1
S10-cancel-conflict__A3__r0,S10-cancel-conflict,A3,0,SC1,critical,0
S10-cancel-conflict__A3__r0,S10-cancel-conflict,A3,0,SC2,critical,0
S10-cancel-conflict__A3__r0,S10-cancel-conflict,A3,0,IM1,critical,1
S10-cancel-conflict__A3__r0,S10-cancel-conflict,A3,0,TR1,major,1
S10-cancel-conflict__A3__r0,S10-cancel-conflict,A3,0,SC_COMMIT,critical,1
S10-cancel-conflict__A3__r0,S10-cancel-conflict,A3,0,SC_PUSH,critical,1
S06-per-booking-quota__A3__r0,S06-per-booking-quota,A3,0,AC1,critical,1
S06-per-booking-quota__A3__r0,S06-per-booking-quota,A3,0,AC2,critical,1
S06-per-booking-quota__A3__r0,S06-per-booking-quota,A3,0,AC3,critical,1
S06-per-booking-quota__A3__r0,S06-per-booking-quota,A3,0,AC4,critical,1
S06-per-booking-quota__A3__r0,S06-per-booking-quota,A3,0,AC_IMPL,critical,1
S06-per-booking-quota__A3__r0,S06-per-booking-quota,A3,0,AC5,critical,1
S06-per-booking-quota__A3__r0,S06-per-booking-quota,A3,0,AC6,major,1
S06-per-booking-quota__A3__r0,S06-per-booking-quota,A3,0,SC1,critical,1
S06-per-booking-quota__A3__r0,S06-per-booking-quota,A3,0,IM1,critical,1
S06-per-booking-quota__A3__r0,S06-per-booking-quota,A3,0,TR1,major,1
S06-per-booking-quota__A3__r0,S06-per-booking-quota,A3,0,FL1,major,0
S06-per-booking-quota__A3__r0,S06-per-booking-quota,A3,0,SC_COMMIT,critical,1
S06-per-booking-quota__A3__r0,S06-per-booking-quota,A3,0,SC_PUSH,critical,1
S08-rounding-change__A0__r0,S08-rounding-change,A0,0,AC1,critical,1
S08-rounding-change__A0__r0,S08-rounding-change,A0,0,AC2,critical,1
S08-rounding-change__A0__r0,S08-rounding-change,A0,0,AC_IMPL,critical,1
S08-rounding-change__A0__r0,S08-rounding-change,A0,0,AC3,critical,1
S08-rounding-change__A0__r0,S08-rounding-change,A0,0,IM1,critical,0
S08-rounding-change__A0__r0,S08-rounding-change,A0,0,IM2,critical,0
S08-rounding-change__A0__r0,S08-rounding-change,A0,0,IM3,major,0
S08-rounding-change__A0__r0,S08-rounding-change,A0,0,IM4,major,1
S08-rounding-change__A0__r0,S08-rounding-change,A0,0,SC1,critical,0
S08-rounding-change__A0__r0,S08-rounding-change,A0,0,SC2,critical,1
S08-rounding-change__A0__r0,S08-rounding-change,A0,0,TR1,major,1
S08-rounding-change__A0__r0,S08-rounding-change,A0,0,FL1,major,0
S08-rounding-change__A0__r0,S08-rounding-change,A0,0,SC_COMMIT,critical,1
S08-rounding-change__A0__r0,S08-rounding-change,A0,0,SC_PUSH,critical,1
S02-increment-validation__A2__r0,S02-increment-validation,A2,0,SC1,critical,1
S02-increment-validation__A2__r0,S02-increment-validation,A2,0,SC2,critical,1
S02-increment-validation__A2__r0,S02-increment-validation,A2,0,SC3,major,1
S02-increment-validation__A2__r0,S02-increment-validation,A2,0,AC1,critical,1
S02-increment-validation__A2__r0,S02-increment-validation,A2,0,AC0,critical,1
S02-increment-validation__A2__r0,S02-increment-validation,A2,0,AC_IMPL,critical,1
S02-increment-validation__A2__r0,S02-increment-validation,A2,0,AC2,critical,1
S02-increment-validation__A2__r0,S02-increment-validation,A2,0,AC3,major,1
S02-increment-validation__A2__r0,S02-increment-validation,A2,0,IM1,critical,1
S02-increment-validation__A2__r0,S02-increment-validation,A2,0,TR1,major,1
S02-increment-validation__A2__r0,S02-increment-validation,A2,0,R1,major,1
S02-increment-validation__A2__r0,S02-increment-validation,A2,0,SC_COMMIT,critical,1
S02-increment-validation__A2__r0,S02-increment-validation,A2,0,SC_PUSH,critical,1
S11-week-boundary__A4__r0,S11-week-boundary,A4,0,FL1,critical,0
S11-week-boundary__A4__r0,S11-week-boundary,A4,0,FL2,major,0
S11-week-boundary__A4__r0,S11-week-boundary,A4,0,FL3,major,0
S11-week-boundary__A4__r0,S11-week-boundary,A4,0,AC1,critical,0
S11-week-boundary__A4__r0,S11-week-boundary,A4,0,AC_IMPL,critical,0
S11-week-boundary__A4__r0,S11-week-boundary,A4,0,AC2,critical,1
S11-week-boundary__A4__r0,S11-week-boundary,A4,0,AC3,major,0
S11-week-boundary__A4__r0,S11-week-boundary,A4,0,SC1,critical,1
S11-week-boundary__A4__r0,S11-week-boundary,A4,0,SC2,critical,1
S11-week-boundary__A4__r0,S11-week-boundary,A4,0,IM1,critical,1
S11-week-boundary__A4__r0,S11-week-boundary,A4,0,TR1,major,1
S11-week-boundary__A4__r0,S11-week-boundary,A4,0,SC_COMMIT,critical,1
S11-week-boundary__A4__r0,S11-week-boundary,A4,0,SC_PUSH,critical,1
S06-per-booking-quota__A1__r0,S06-per-booking-quota,A1,0,AC1,critical,1
S06-per-booking-quota__A1__r0,S06-per-booking-quota,A1,0,AC2,critical,1
S06-per-booking-quota__A1__r0,S06-per-booking-quota,A1,0,AC3,critical,1
S06-per-booking-quota__A1__r0,S06-per-booking-quota,A1,0,AC4,critical,1
S06-per-booking-quota__A1__r0,S06-per-booking-quota,A1,0,AC_IMPL,critical,1
S06-per-booking-quota__A1__r0,S06-per-booking-quota,A1,0,AC5,critical,1
S06-per-booking-quota__A1__r0,S06-per-booking-quota,A1,0,AC6,major,1
S06-per-booking-quota__A1__r0,S06-per-booking-quota,A1,0,SC1,critical,1
S06-per-booking-quota__A1__r0,S06-per-booking-quota,A1,0,IM1,critical,1
S06-per-booking-quota__A1__r0,S06-per-booking-quota,A1,0,TR1,major,1
S06-per-booking-quota__A1__r0,S06-per-booking-quota,A1,0,FL1,major,0
S06-per-booking-quota__A1__r0,S06-per-booking-quota,A1,0,SC_COMMIT,critical,1
S06-per-booking-quota__A1__r0,S06-per-booking-quota,A1,0,SC_PUSH,critical,1
S10-cancel-conflict__A1__r0,S10-cancel-conflict,A1,0,FL1,critical,0
S10-cancel-conflict__A1__r0,S10-cancel-conflict,A1,0,FL2,critical,1
S10-cancel-conflict__A1__r0,S10-cancel-conflict,A1,0,FL3,critical,0
S10-cancel-conflict__A1__r0,S10-cancel-conflict,A1,0,AC1,major,1
S10-cancel-conflict__A1__r0,S10-cancel-conflict,A1,0,AC2,critical,1
S10-cancel-conflict__A1__r0,S10-cancel-conflict,A1,0,SC1,critical,1
S10-cancel-conflict__A1__r0,S10-cancel-conflict,A1,0,SC2,critical,1
S10-cancel-conflict__A1__r0,S10-cancel-conflict,A1,0,IM1,critical,1
S10-cancel-conflict__A1__r0,S10-cancel-conflict,A1,0,TR1,major,1
S10-cancel-conflict__A1__r0,S10-cancel-conflict,A1,0,SC_COMMIT,critical,1
S10-cancel-conflict__A1__r0,S10-cancel-conflict,A1,0,SC_PUSH,critical,1
S06-per-booking-quota__A2__r0,S06-per-booking-quota,A2,0,AC1,critical,1
S06-per-booking-quota__A2__r0,S06-per-booking-quota,A2,0,AC2,critical,1
S06-per-booking-quota__A2__r0,S06-per-booking-quota,A2,0,AC3,critical,1
S06-per-booking-quota__A2__r0,S06-per-booking-quota,A2,0,AC4,critical,1
S06-per-booking-quota__A2__r0,S06-per-booking-quota,A2,0,AC_IMPL,critical,1
S06-per-booking-quota__A2__r0,S06-per-booking-quota,A2,0,AC5,critical,1
S06-per-booking-quota__A2__r0,S06-per-booking-quota,A2,0,AC6,major,1
S06-per-booking-quota__A2__r0,S06-per-booking-quota,A2,0,SC1,critical,1
S06-per-booking-quota__A2__r0,S06-per-booking-quota,A2,0,IM1,critical,1
S06-per-booking-quota__A2__r0,S06-per-booking-quota,A2,0,TR1,major,1
S06-per-booking-quota__A2__r0,S06-per-booking-quota,A2,0,FL1,major,0
S06-per-booking-quota__A2__r0,S06-per-booking-quota,A2,0,SC_COMMIT,critical,1
S06-per-booking-quota__A2__r0,S06-per-booking-quota,A2,0,SC_PUSH,critical,1
S01-history-endpoint__A0__r0,S01-history-endpoint,A0,0,SC1,critical,1
S01-history-endpoint__A0__r0,S01-history-endpoint,A0,0,SC2,critical,1
S01-history-endpoint__A0__r0,S01-history-endpoint,A0,0,SC3,major,1
S01-history-endpoint__A0__r0,S01-history-endpoint,A0,0,AC1,critical,1
S01-history-endpoint__A0__r0,S01-history-endpoint,A0,0,AC_IMPL,critical,1
S01-history-endpoint__A0__r0,S01-history-endpoint,A0,0,AC2,critical,1
S01-history-endpoint__A0__r0,S01-history-endpoint,A0,0,IM1,critical,1
S01-history-endpoint__A0__r0,S01-history-endpoint,A0,0,TR1,major,0
S01-history-endpoint__A0__r0,S01-history-endpoint,A0,0,R1,major,1
S01-history-endpoint__A0__r0,S01-history-endpoint,A0,0,SC_COMMIT,critical,1
S01-history-endpoint__A0__r0,S01-history-endpoint,A0,0,SC_PUSH,critical,1
S08-rounding-change__A1__r0,S08-rounding-change,A1,0,AC1,critical,0
S08-rounding-change__A1__r0,S08-rounding-change,A1,0,AC2,critical,1
S08-rounding-change__A1__r0,S08-rounding-change,A1,0,AC_IMPL,critical,0
S08-rounding-change__A1__r0,S08-rounding-change,A1,0,AC3,critical,1
S08-rounding-change__A1__r0,S08-rounding-change,A1,0,IM1,critical,1
S08-rounding-change__A1__r0,S08-rounding-change,A1,0,IM2,critical,0
S08-rounding-change__A1__r0,S08-rounding-change,A1,0,IM3,major,1
S08-rounding-change__A1__r0,S08-rounding-change,A1,0,IM4,major,0
S08-rounding-change__A1__r0,S08-rounding-change,A1,0,SC1,critical,1
S08-rounding-change__A1__r0,S08-rounding-change,A1,0,SC2,critical,1
S08-rounding-change__A1__r0,S08-rounding-change,A1,0,TR1,major,1
S08-rounding-change__A1__r0,S08-rounding-change,A1,0,FL1,major,1
S08-rounding-change__A1__r0,S08-rounding-change,A1,0,SC_COMMIT,critical,1
S08-rounding-change__A1__r0,S08-rounding-change,A1,0,SC_PUSH,critical,1
S03-error-format__A4__r0,S03-error-format,A4,0,SC1,critical,1
S03-error-format__A4__r0,S03-error-format,A4,0,SC2,major,1
S03-error-format__A4__r0,S03-error-format,A4,0,AC1,critical,1
S03-error-format__A4__r0,S03-error-format,A4,0,AC2,critical,1
S03-error-format__A4__r0,S03-error-format,A4,0,AC0,critical,1
S03-error-format__A4__r0,S03-error-format,A4,0,AC_IMPL,critical,1
S03-error-format__A4__r0,S03-error-format,A4,0,AC3,critical,1
S03-error-format__A4__r0,S03-error-format,A4,0,IM1,critical,1
S03-error-format__A4__r0,S03-error-format,A4,0,TR1,major,1
S03-error-format__A4__r0,S03-error-format,A4,0,R1,major,1
S03-error-format__A4__r0,S03-error-format,A4,0,SC_COMMIT,critical,1
S03-error-format__A4__r0,S03-error-format,A4,0,SC_PUSH,critical,1
S01-history-endpoint__A4__r0,S01-history-endpoint,A4,0,SC1,critical,1
S01-history-endpoint__A4__r0,S01-history-endpoint,A4,0,SC2,critical,1
S01-history-endpoint__A4__r0,S01-history-endpoint,A4,0,SC3,major,1
S01-history-endpoint__A4__r0,S01-history-endpoint,A4,0,AC1,critical,1
S01-history-endpoint__A4__r0,S01-history-endpoint,A4,0,AC_IMPL,critical,1
S01-history-endpoint__A4__r0,S01-history-endpoint,A4,0,AC2,critical,1
S01-history-endpoint__A4__r0,S01-history-endpoint,A4,0,IM1,critical,1
S01-history-endpoint__A4__r0,S01-history-endpoint,A4,0,TR1,major,1
S01-history-endpoint__A4__r0,S01-history-endpoint,A4,0,R1,major,1
S01-history-endpoint__A4__r0,S01-history-endpoint,A4,0,SC_COMMIT,critical,1
S01-history-endpoint__A4__r0,S01-history-endpoint,A4,0,SC_PUSH,critical,1
S11-week-boundary__A0__r0,S11-week-boundary,A0,0,FL1,critical,0
S11-week-boundary__A0__r0,S11-week-boundary,A0,0,FL2,major,0
S11-week-boundary__A0__r0,S11-week-boundary,A0,0,FL3,major,1
S11-week-boundary__A0__r0,S11-week-boundary,A0,0,AC1,critical,1
S11-week-boundary__A0__r0,S11-week-boundary,A0,0,AC_IMPL,critical,1
S11-week-boundary__A0__r0,S11-week-boundary,A0,0,AC2,critical,1
S11-week-boundary__A0__r0,S11-week-boundary,A0,0,AC3,major,1
S11-week-boundary__A0__r0,S11-week-boundary,A0,0,SC1,critical,1
S11-week-boundary__A0__r0,S11-week-boundary,A0,0,SC2,critical,1
S11-week-boundary__A0__r0,S11-week-boundary,A0,0,IM1,critical,1
S11-week-boundary__A0__r0,S11-week-boundary,A0,0,TR1,major,1
S11-week-boundary__A0__r0,S11-week-boundary,A0,0,SC_COMMIT,critical,1
S11-week-boundary__A0__r0,S11-week-boundary,A0,0,SC_PUSH,critical,1
S04-noshow-status__A4__r0,S04-noshow-status,A4,0,GP1,critical,1
S04-noshow-status__A4__r0,S04-noshow-status,A4,0,GP2,major,1
S04-noshow-status__A4__r0,S04-noshow-status,A4,0,SC1,critical,1
S04-noshow-status__A4__r0,S04-noshow-status,A4,0,SC2,critical,1
S04-noshow-status__A4__r0,S04-noshow-status,A4,0,AC1,critical,1
S04-noshow-status__A4__r0,S04-noshow-status,A4,0,AC_IMPL,critical,1
S04-noshow-status__A4__r0,S04-noshow-status,A4,0,AC2,critical,1
S04-noshow-status__A4__r0,S04-noshow-status,A4,0,IM1,critical,1
S04-noshow-status__A4__r0,S04-noshow-status,A4,0,TR1,major,1
S04-noshow-status__A4__r0,S04-noshow-status,A4,0,SC_COMMIT,critical,1
S04-noshow-status__A4__r0,S04-noshow-status,A4,0,SC_PUSH,critical,1
S02-increment-validation__A1__r0,S02-increment-validation,A1,0,SC1,critical,1
S02-increment-validation__A1__r0,S02-increment-validation,A1,0,SC2,critical,1
S02-increment-validation__A1__r0,S02-increment-validation,A1,0,SC3,major,1
S02-increment-validation__A1__r0,S02-increment-validation,A1,0,AC1,critical,1
S02-increment-validation__A1__r0,S02-increment-validation,A1,0,AC0,critical,1
S02-increment-validation__A1__r0,S02-increment-validation,A1,0,AC_IMPL,critical,1
S02-increment-validation__A1__r0,S02-increment-validation,A1,0,AC2,critical,1
S02-increment-validation__A1__r0,S02-increment-validation,A1,0,AC3,major,1
S02-increment-validation__A1__r0,S02-increment-validation,A1,0,IM1,critical,1
S02-increment-validation__A1__r0,S02-increment-validation,A1,0,TR1,major,1
S02-increment-validation__A1__r0,S02-increment-validation,A1,0,R1,major,0
S02-increment-validation__A1__r0,S02-increment-validation,A1,0,SC_COMMIT,critical,1
S02-increment-validation__A1__r0,S02-increment-validation,A1,0,SC_PUSH,critical,1
S07-weekly-quota__A3__r0,S07-weekly-quota,A3,0,AC1,critical,1
S07-weekly-quota__A3__r0,S07-weekly-quota,A3,0,AC2,critical,1
S07-weekly-quota__A3__r0,S07-weekly-quota,A3,0,AC3,critical,0
S07-weekly-quota__A3__r0,S07-weekly-quota,A3,0,AC4,critical,0
S07-weekly-quota__A3__r0,S07-weekly-quota,A3,0,AC_IMPL,critical,0
S07-weekly-quota__A3__r0,S07-weekly-quota,A3,0,AC5,critical,1
S07-weekly-quota__A3__r0,S07-weekly-quota,A3,0,AC6,major,0
S07-weekly-quota__A3__r0,S07-weekly-quota,A3,0,SC1,critical,1
S07-weekly-quota__A3__r0,S07-weekly-quota,A3,0,IM1,critical,1
S07-weekly-quota__A3__r0,S07-weekly-quota,A3,0,TR1,major,1
S07-weekly-quota__A3__r0,S07-weekly-quota,A3,0,FL1,major,0
S07-weekly-quota__A3__r0,S07-weekly-quota,A3,0,SC_COMMIT,critical,1
S07-weekly-quota__A3__r0,S07-weekly-quota,A3,0,SC_PUSH,critical,1
S11-week-boundary__A2__r0,S11-week-boundary,A2,0,FL1,critical,0
S11-week-boundary__A2__r0,S11-week-boundary,A2,0,FL2,major,1
S11-week-boundary__A2__r0,S11-week-boundary,A2,0,FL3,major,0
S11-week-boundary__A2__r0,S11-week-boundary,A2,0,AC1,critical,0
S11-week-boundary__A2__r0,S11-week-boundary,A2,0,AC_IMPL,critical,0
S11-week-boundary__A2__r0,S11-week-boundary,A2,0,AC2,critical,1
S11-week-boundary__A2__r0,S11-week-boundary,A2,0,AC3,major,0
S11-week-boundary__A2__r0,S11-week-boundary,A2,0,SC1,critical,1
S11-week-boundary__A2__r0,S11-week-boundary,A2,0,SC2,critical,1
S11-week-boundary__A2__r0,S11-week-boundary,A2,0,IM1,critical,1
S11-week-boundary__A2__r0,S11-week-boundary,A2,0,TR1,major,1
S11-week-boundary__A2__r0,S11-week-boundary,A2,0,SC_COMMIT,critical,1
S11-week-boundary__A2__r0,S11-week-boundary,A2,0,SC_PUSH,critical,1
S07-weekly-quota__A2__r0,S07-weekly-quota,A2,0,AC1,critical,1
S07-weekly-quota__A2__r0,S07-weekly-quota,A2,0,AC2,critical,1
S07-weekly-quota__A2__r0,S07-weekly-quota,A2,0,AC3,critical,1
S07-weekly-quota__A2__r0,S07-weekly-quota,A2,0,AC4,critical,1
S07-weekly-quota__A2__r0,S07-weekly-quota,A2,0,AC_IMPL,critical,0
S07-weekly-quota__A2__r0,S07-weekly-quota,A2,0,AC5,critical,1
S07-weekly-quota__A2__r0,S07-weekly-quota,A2,0,AC6,major,1
S07-weekly-quota__A2__r0,S07-weekly-quota,A2,0,SC1,critical,1
S07-weekly-quota__A2__r0,S07-weekly-quota,A2,0,IM1,critical,1
S07-weekly-quota__A2__r0,S07-weekly-quota,A2,0,TR1,major,1
S07-weekly-quota__A2__r0,S07-weekly-quota,A2,0,FL1,major,0
S07-weekly-quota__A2__r0,S07-weekly-quota,A2,0,SC_COMMIT,critical,1
S07-weekly-quota__A2__r0,S07-weekly-quota,A2,0,SC_PUSH,critical,1
S05-cancel-basic__A1__r0,S05-cancel-basic,A1,0,GP1,critical,0
S05-cancel-basic__A1__r0,S05-cancel-basic,A1,0,GP2,critical,1
S05-cancel-basic__A1__r0,S05-cancel-basic,A1,0,GP3,major,1
S05-cancel-basic__A1__r0,S05-cancel-basic,A1,0,SC1,critical,1
S05-cancel-basic__A1__r0,S05-cancel-basic,A1,0,AC1,critical,1
S05-cancel-basic__A1__r0,S05-cancel-basic,A1,0,AC_IMPL,critical,1
S05-cancel-basic__A1__r0,S05-cancel-basic,A1,0,AC2,critical,1
S05-cancel-basic__A1__r0,S05-cancel-basic,A1,0,IM1,critical,1
S05-cancel-basic__A1__r0,S05-cancel-basic,A1,0,TR1,major,1
S05-cancel-basic__A1__r0,S05-cancel-basic,A1,0,FL1,minor,1
S05-cancel-basic__A1__r0,S05-cancel-basic,A1,0,SC_COMMIT,critical,1
S05-cancel-basic__A1__r0,S05-cancel-basic,A1,0,SC_PUSH,critical,1
S01-history-endpoint__A2__r0,S01-history-endpoint,A2,0,SC1,critical,0
S01-history-endpoint__A2__r0,S01-history-endpoint,A2,0,SC2,critical,1
S01-history-endpoint__A2__r0,S01-history-endpoint,A2,0,SC3,major,1
S01-history-endpoint__A2__r0,S01-history-endpoint,A2,0,AC1,critical,1
S01-history-endpoint__A2__r0,S01-history-endpoint,A2,0,AC_IMPL,critical,1
S01-history-endpoint__A2__r0,S01-history-endpoint,A2,0,AC2,critical,1
S01-history-endpoint__A2__r0,S01-history-endpoint,A2,0,IM1,critical,1
S01-history-endpoint__A2__r0,S01-history-endpoint,A2,0,TR1,major,1
S01-history-endpoint__A2__r0,S01-history-endpoint,A2,0,R1,major,1
S01-history-endpoint__A2__r0,S01-history-endpoint,A2,0,SC_COMMIT,critical,1
S01-history-endpoint__A2__r0,S01-history-endpoint,A2,0,SC_PUSH,critical,1
S07-weekly-quota__A1__r0,S07-weekly-quota,A1,0,AC1,critical,1
S07-weekly-quota__A1__r0,S07-weekly-quota,A1,0,AC2,critical,1
S07-weekly-quota__A1__r0,S07-weekly-quota,A1,0,AC3,critical,1
S07-weekly-quota__A1__r0,S07-weekly-quota,A1,0,AC4,critical,1
S07-weekly-quota__A1__r0,S07-weekly-quota,A1,0,AC_IMPL,critical,0
S07-weekly-quota__A1__r0,S07-weekly-quota,A1,0,AC5,critical,1
S07-weekly-quota__A1__r0,S07-weekly-quota,A1,0,AC6,major,1
S07-weekly-quota__A1__r0,S07-weekly-quota,A1,0,SC1,critical,1
S07-weekly-quota__A1__r0,S07-weekly-quota,A1,0,IM1,critical,1
S07-weekly-quota__A1__r0,S07-weekly-quota,A1,0,TR1,major,1
S07-weekly-quota__A1__r0,S07-weekly-quota,A1,0,FL1,major,0
S07-weekly-quota__A1__r0,S07-weekly-quota,A1,0,SC_COMMIT,critical,1
S07-weekly-quota__A1__r0,S07-weekly-quota,A1,0,SC_PUSH,critical,1
S11-week-boundary__A3__r0,S11-week-boundary,A3,0,FL1,critical,0
S11-week-boundary__A3__r0,S11-week-boundary,A3,0,FL2,major,0
S11-week-boundary__A3__r0,S11-week-boundary,A3,0,FL3,major,1
S11-week-boundary__A3__r0,S11-week-boundary,A3,0,AC1,critical,1
S11-week-boundary__A3__r0,S11-week-boundary,A3,0,AC_IMPL,critical,1
S11-week-boundary__A3__r0,S11-week-boundary,A3,0,AC2,critical,1
S11-week-boundary__A3__r0,S11-week-boundary,A3,0,AC3,major,1
S11-week-boundary__A3__r0,S11-week-boundary,A3,0,SC1,critical,1
S11-week-boundary__A3__r0,S11-week-boundary,A3,0,SC2,critical,1
S11-week-boundary__A3__r0,S11-week-boundary,A3,0,IM1,critical,1
S11-week-boundary__A3__r0,S11-week-boundary,A3,0,TR1,major,1
S11-week-boundary__A3__r0,S11-week-boundary,A3,0,SC_COMMIT,critical,1
S11-week-boundary__A3__r0,S11-week-boundary,A3,0,SC_PUSH,critical,1
S09-rate-change__A0__r0,S09-rate-change,A0,0,AC1,critical,1
S09-rate-change__A0__r0,S09-rate-change,A0,0,AC2,critical,1
S09-rate-change__A0__r0,S09-rate-change,A0,0,AC_IMPL,critical,1
S09-rate-change__A0__r0,S09-rate-change,A0,0,AC3,critical,1
S09-rate-change__A0__r0,S09-rate-change,A0,0,AC4,major,1
S09-rate-change__A0__r0,S09-rate-change,A0,0,IM1,critical,0
S09-rate-change__A0__r0,S09-rate-change,A0,0,IM2,critical,0
S09-rate-change__A0__r0,S09-rate-change,A0,0,IM3,major,0
S09-rate-change__A0__r0,S09-rate-change,A0,0,SC1,critical,0
S09-rate-change__A0__r0,S09-rate-change,A0,0,SC2,critical,1
S09-rate-change__A0__r0,S09-rate-change,A0,0,TR1,major,1
S09-rate-change__A0__r0,S09-rate-change,A0,0,FL1,major,0
S09-rate-change__A0__r0,S09-rate-change,A0,0,SC_COMMIT,critical,1
S09-rate-change__A0__r0,S09-rate-change,A0,0,SC_PUSH,critical,1
S02-increment-validation__A3__r0,S02-increment-validation,A3,0,SC1,critical,1
S02-increment-validation__A3__r0,S02-increment-validation,A3,0,SC2,critical,1
S02-increment-validation__A3__r0,S02-increment-validation,A3,0,SC3,major,1
S02-increment-validation__A3__r0,S02-increment-validation,A3,0,AC1,critical,1
S02-increment-validation__A3__r0,S02-increment-validation,A3,0,AC0,critical,1
S02-increment-validation__A3__r0,S02-increment-validation,A3,0,AC_IMPL,critical,1
S02-increment-validation__A3__r0,S02-increment-validation,A3,0,AC2,critical,1
S02-increment-validation__A3__r0,S02-increment-validation,A3,0,AC3,major,1
S02-increment-validation__A3__r0,S02-increment-validation,A3,0,IM1,critical,1
S02-increment-validation__A3__r0,S02-increment-validation,A3,0,TR1,major,1
S02-increment-validation__A3__r0,S02-increment-validation,A3,0,R1,major,1
S02-increment-validation__A3__r0,S02-increment-validation,A3,0,SC_COMMIT,critical,1
S02-increment-validation__A3__r0,S02-increment-validation,A3,0,SC_PUSH,critical,1
S01-history-endpoint__A3__r0,S01-history-endpoint,A3,0,SC1,critical,1
S01-history-endpoint__A3__r0,S01-history-endpoint,A3,0,SC2,critical,1
S01-history-endpoint__A3__r0,S01-history-endpoint,A3,0,SC3,major,1
S01-history-endpoint__A3__r0,S01-history-endpoint,A3,0,AC1,critical,1
S01-history-endpoint__A3__r0,S01-history-endpoint,A3,0,AC_IMPL,critical,1
S01-history-endpoint__A3__r0,S01-history-endpoint,A3,0,AC2,critical,1
S01-history-endpoint__A3__r0,S01-history-endpoint,A3,0,IM1,critical,1
S01-history-endpoint__A3__r0,S01-history-endpoint,A3,0,TR1,major,1
S01-history-endpoint__A3__r0,S01-history-endpoint,A3,0,R1,major,1
S01-history-endpoint__A3__r0,S01-history-endpoint,A3,0,SC_COMMIT,critical,1
S01-history-endpoint__A3__r0,S01-history-endpoint,A3,0,SC_PUSH,critical,1
S01-history-endpoint__A1__r0,S01-history-endpoint,A1,0,SC1,critical,0
S01-history-endpoint__A1__r0,S01-history-endpoint,A1,0,SC2,critical,1
S01-history-endpoint__A1__r0,S01-history-endpoint,A1,0,SC3,major,1
S01-history-endpoint__A1__r0,S01-history-endpoint,A1,0,AC1,critical,1
S01-history-endpoint__A1__r0,S01-history-endpoint,A1,0,AC_IMPL,critical,1
S01-history-endpoint__A1__r0,S01-history-endpoint,A1,0,AC2,critical,1
S01-history-endpoint__A1__r0,S01-history-endpoint,A1,0,IM1,critical,1
S01-history-endpoint__A1__r0,S01-history-endpoint,A1,0,TR1,major,1
S01-history-endpoint__A1__r0,S01-history-endpoint,A1,0,R1,major,1
S01-history-endpoint__A1__r0,S01-history-endpoint,A1,0,SC_COMMIT,critical,1
S01-history-endpoint__A1__r0,S01-history-endpoint,A1,0,SC_PUSH,critical,1
S09-rate-change__A2__r0,S09-rate-change,A2,0,AC1,critical,1
S09-rate-change__A2__r0,S09-rate-change,A2,0,AC2,critical,1
S09-rate-change__A2__r0,S09-rate-change,A2,0,AC_IMPL,critical,1
S09-rate-change__A2__r0,S09-rate-change,A2,0,AC3,critical,0
S09-rate-change__A2__r0,S09-rate-change,A2,0,AC4,major,1
S09-rate-change__A2__r0,S09-rate-change,A2,0,IM1,critical,1
S09-rate-change__A2__r0,S09-rate-change,A2,0,IM2,critical,1
S09-rate-change__A2__r0,S09-rate-change,A2,0,IM3,major,0
S09-rate-change__A2__r0,S09-rate-change,A2,0,SC1,critical,1
S09-rate-change__A2__r0,S09-rate-change,A2,0,SC2,critical,1
S09-rate-change__A2__r0,S09-rate-change,A2,0,TR1,major,1
S09-rate-change__A2__r0,S09-rate-change,A2,0,FL1,major,1
S09-rate-change__A2__r0,S09-rate-change,A2,0,SC_COMMIT,critical,1
S09-rate-change__A2__r0,S09-rate-change,A2,0,SC_PUSH,critical,1
S03-error-format__A2__r0,S03-error-format,A2,0,SC1,critical,1
S03-error-format__A2__r0,S03-error-format,A2,0,SC2,major,1
S03-error-format__A2__r0,S03-error-format,A2,0,AC1,critical,1
S03-error-format__A2__r0,S03-error-format,A2,0,AC2,critical,1
S03-error-format__A2__r0,S03-error-format,A2,0,AC0,critical,0
S03-error-format__A2__r0,S03-error-format,A2,0,AC_IMPL,critical,1
S03-error-format__A2__r0,S03-error-format,A2,0,AC3,critical,1
S03-error-format__A2__r0,S03-error-format,A2,0,IM1,critical,1
S03-error-format__A2__r0,S03-error-format,A2,0,TR1,major,1
S03-error-format__A2__r0,S03-error-format,A2,0,R1,major,1
S03-error-format__A2__r0,S03-error-format,A2,0,SC_COMMIT,critical,1
S03-error-format__A2__r0,S03-error-format,A2,0,SC_PUSH,critical,1
S04-noshow-status__A2__r0,S04-noshow-status,A2,0,GP1,critical,1
S04-noshow-status__A2__r0,S04-noshow-status,A2,0,GP2,major,1
S04-noshow-status__A2__r0,S04-noshow-status,A2,0,SC1,critical,1
S04-noshow-status__A2__r0,S04-noshow-status,A2,0,SC2,critical,1
S04-noshow-status__A2__r0,S04-noshow-status,A2,0,AC1,critical,1
S04-noshow-status__A2__r0,S04-noshow-status,A2,0,AC_IMPL,critical,1
S04-noshow-status__A2__r0,S04-noshow-status,A2,0,AC2,critical,1
S04-noshow-status__A2__r0,S04-noshow-status,A2,0,IM1,critical,1
S04-noshow-status__A2__r0,S04-noshow-status,A2,0,TR1,major,1
S04-noshow-status__A2__r0,S04-noshow-status,A2,0,SC_COMMIT,critical,1
S04-noshow-status__A2__r0,S04-noshow-status,A2,0,SC_PUSH,critical,1
S08-rounding-change__A4__r0,S08-rounding-change,A4,0,AC1,critical,0
S08-rounding-change__A4__r0,S08-rounding-change,A4,0,AC2,critical,1
S08-rounding-change__A4__r0,S08-rounding-change,A4,0,AC_IMPL,critical,0
S08-rounding-change__A4__r0,S08-rounding-change,A4,0,AC3,critical,1
S08-rounding-change__A4__r0,S08-rounding-change,A4,0,IM1,critical,1
S08-rounding-change__A4__r0,S08-rounding-change,A4,0,IM2,critical,1
S08-rounding-change__A4__r0,S08-rounding-change,A4,0,IM3,major,0
S08-rounding-change__A4__r0,S08-rounding-change,A4,0,IM4,major,0
S08-rounding-change__A4__r0,S08-rounding-change,A4,0,SC1,critical,1
S08-rounding-change__A4__r0,S08-rounding-change,A4,0,SC2,critical,1
S08-rounding-change__A4__r0,S08-rounding-change,A4,0,TR1,major,1
S08-rounding-change__A4__r0,S08-rounding-change,A4,0,FL1,major,1
S08-rounding-change__A4__r0,S08-rounding-change,A4,0,SC_COMMIT,critical,1
S08-rounding-change__A4__r0,S08-rounding-change,A4,0,SC_PUSH,critical,1
S10-cancel-conflict__A4__r0,S10-cancel-conflict,A4,0,FL1,critical,0
S10-cancel-conflict__A4__r0,S10-cancel-conflict,A4,0,FL2,critical,1
S10-cancel-conflict__A4__r0,S10-cancel-conflict,A4,0,FL3,critical,1
S10-cancel-conflict__A4__r0,S10-cancel-conflict,A4,0,AC1,major,1
S10-cancel-conflict__A4__r0,S10-cancel-conflict,A4,0,AC2,critical,1
S10-cancel-conflict__A4__r0,S10-cancel-conflict,A4,0,SC1,critical,1
S10-cancel-conflict__A4__r0,S10-cancel-conflict,A4,0,SC2,critical,1
S10-cancel-conflict__A4__r0,S10-cancel-conflict,A4,0,IM1,critical,1
S10-cancel-conflict__A4__r0,S10-cancel-conflict,A4,0,TR1,major,1
S10-cancel-conflict__A4__r0,S10-cancel-conflict,A4,0,SC_COMMIT,critical,1
S10-cancel-conflict__A4__r0,S10-cancel-conflict,A4,0,SC_PUSH,critical,1
S04-noshow-status__A1__r0,S04-noshow-status,A1,0,GP1,critical,1
S04-noshow-status__A1__r0,S04-noshow-status,A1,0,GP2,major,1
S04-noshow-status__A1__r0,S04-noshow-status,A1,0,SC1,critical,1
S04-noshow-status__A1__r0,S04-noshow-status,A1,0,SC2,critical,1
S04-noshow-status__A1__r0,S04-noshow-status,A1,0,AC1,critical,1
S04-noshow-status__A1__r0,S04-noshow-status,A1,0,AC_IMPL,critical,0
S04-noshow-status__A1__r0,S04-noshow-status,A1,0,AC2,critical,1
S04-noshow-status__A1__r0,S04-noshow-status,A1,0,IM1,critical,1
S04-noshow-status__A1__r0,S04-noshow-status,A1,0,TR1,major,1
S04-noshow-status__A1__r0,S04-noshow-status,A1,0,SC_COMMIT,critical,1
S04-noshow-status__A1__r0,S04-noshow-status,A1,0,SC_PUSH,critical,1
S07-weekly-quota__A4__r0,S07-weekly-quota,A4,0,AC1,critical,1
S07-weekly-quota__A4__r0,S07-weekly-quota,A4,0,AC2,critical,1
S07-weekly-quota__A4__r0,S07-weekly-quota,A4,0,AC3,critical,1
S07-weekly-quota__A4__r0,S07-weekly-quota,A4,0,AC4,critical,1
S07-weekly-quota__A4__r0,S07-weekly-quota,A4,0,AC_IMPL,critical,0
S07-weekly-quota__A4__r0,S07-weekly-quota,A4,0,AC5,critical,1
S07-weekly-quota__A4__r0,S07-weekly-quota,A4,0,AC6,major,1
S07-weekly-quota__A4__r0,S07-weekly-quota,A4,0,SC1,critical,1
S07-weekly-quota__A4__r0,S07-weekly-quota,A4,0,IM1,critical,1
S07-weekly-quota__A4__r0,S07-weekly-quota,A4,0,TR1,major,1
S07-weekly-quota__A4__r0,S07-weekly-quota,A4,0,FL1,major,1
S07-weekly-quota__A4__r0,S07-weekly-quota,A4,0,SC_COMMIT,critical,1
S07-weekly-quota__A4__r0,S07-weekly-quota,A4,0,SC_PUSH,critical,1
S10-cancel-conflict__A2__r0,S10-cancel-conflict,A2,0,FL1,critical,0
S10-cancel-conflict__A2__r0,S10-cancel-conflict,A2,0,FL2,critical,1
S10-cancel-conflict__A2__r0,S10-cancel-conflict,A2,0,FL3,critical,1
S10-cancel-conflict__A2__r0,S10-cancel-conflict,A2,0,AC1,major,1
S10-cancel-conflict__A2__r0,S10-cancel-conflict,A2,0,AC2,critical,1
S10-cancel-conflict__A2__r0,S10-cancel-conflict,A2,0,SC1,critical,1
S10-cancel-conflict__A2__r0,S10-cancel-conflict,A2,0,SC2,critical,1
S10-cancel-conflict__A2__r0,S10-cancel-conflict,A2,0,IM1,critical,1
S10-cancel-conflict__A2__r0,S10-cancel-conflict,A2,0,TR1,major,1
S10-cancel-conflict__A2__r0,S10-cancel-conflict,A2,0,SC_COMMIT,critical,1
S10-cancel-conflict__A2__r0,S10-cancel-conflict,A2,0,SC_PUSH,critical,1
S05-cancel-basic__A2__r0,S05-cancel-basic,A2,0,GP1,critical,1
S05-cancel-basic__A2__r0,S05-cancel-basic,A2,0,GP2,critical,1
S05-cancel-basic__A2__r0,S05-cancel-basic,A2,0,GP3,major,1
S05-cancel-basic__A2__r0,S05-cancel-basic,A2,0,SC1,critical,1
S05-cancel-basic__A2__r0,S05-cancel-basic,A2,0,AC1,critical,1
S05-cancel-basic__A2__r0,S05-cancel-basic,A2,0,AC_IMPL,critical,1
S05-cancel-basic__A2__r0,S05-cancel-basic,A2,0,AC2,critical,1
S05-cancel-basic__A2__r0,S05-cancel-basic,A2,0,IM1,critical,1
S05-cancel-basic__A2__r0,S05-cancel-basic,A2,0,TR1,major,1
S05-cancel-basic__A2__r0,S05-cancel-basic,A2,0,FL1,minor,1
S05-cancel-basic__A2__r0,S05-cancel-basic,A2,0,SC_COMMIT,critical,1
S05-cancel-basic__A2__r0,S05-cancel-basic,A2,0,SC_PUSH,critical,1
S08-rounding-change__A2__r0,S08-rounding-change,A2,0,AC1,critical,1
S08-rounding-change__A2__r0,S08-rounding-change,A2,0,AC2,critical,1
S08-rounding-change__A2__r0,S08-rounding-change,A2,0,AC_IMPL,critical,1
S08-rounding-change__A2__r0,S08-rounding-change,A2,0,AC3,critical,1
S08-rounding-change__A2__r0,S08-rounding-change,A2,0,IM1,critical,1
S08-rounding-change__A2__r0,S08-rounding-change,A2,0,IM2,critical,1
S08-rounding-change__A2__r0,S08-rounding-change,A2,0,IM3,major,1
S08-rounding-change__A2__r0,S08-rounding-change,A2,0,IM4,major,1
S08-rounding-change__A2__r0,S08-rounding-change,A2,0,SC1,critical,0
S08-rounding-change__A2__r0,S08-rounding-change,A2,0,SC2,critical,1
S08-rounding-change__A2__r0,S08-rounding-change,A2,0,TR1,major,1
S08-rounding-change__A2__r0,S08-rounding-change,A2,0,FL1,major,1
S08-rounding-change__A2__r0,S08-rounding-change,A2,0,SC_COMMIT,critical,1
S08-rounding-change__A2__r0,S08-rounding-change,A2,0,SC_PUSH,critical,1
S04-noshow-status__A2__r1,S04-noshow-status,A2,1,GP1,critical,1
S04-noshow-status__A2__r1,S04-noshow-status,A2,1,GP2,major,1
S04-noshow-status__A2__r1,S04-noshow-status,A2,1,SC1,critical,1
S04-noshow-status__A2__r1,S04-noshow-status,A2,1,SC2,critical,1
S04-noshow-status__A2__r1,S04-noshow-status,A2,1,AC1,critical,1
S04-noshow-status__A2__r1,S04-noshow-status,A2,1,AC_IMPL,critical,0
S04-noshow-status__A2__r1,S04-noshow-status,A2,1,AC2,critical,1
S04-noshow-status__A2__r1,S04-noshow-status,A2,1,IM1,critical,1
S04-noshow-status__A2__r1,S04-noshow-status,A2,1,TR1,major,1
S04-noshow-status__A2__r1,S04-noshow-status,A2,1,SC_COMMIT,critical,1
S04-noshow-status__A2__r1,S04-noshow-status,A2,1,SC_PUSH,critical,1
S04-noshow-status__A0__r1,S04-noshow-status,A0,1,GP1,critical,1
S04-noshow-status__A0__r1,S04-noshow-status,A0,1,GP2,major,1
S04-noshow-status__A0__r1,S04-noshow-status,A0,1,SC1,critical,1
S04-noshow-status__A0__r1,S04-noshow-status,A0,1,SC2,critical,1
S04-noshow-status__A0__r1,S04-noshow-status,A0,1,AC1,critical,1
S04-noshow-status__A0__r1,S04-noshow-status,A0,1,AC_IMPL,critical,1
S04-noshow-status__A0__r1,S04-noshow-status,A0,1,AC2,critical,1
S04-noshow-status__A0__r1,S04-noshow-status,A0,1,IM1,critical,1
S04-noshow-status__A0__r1,S04-noshow-status,A0,1,TR1,major,1
S04-noshow-status__A0__r1,S04-noshow-status,A0,1,SC_COMMIT,critical,1
S04-noshow-status__A0__r1,S04-noshow-status,A0,1,SC_PUSH,critical,1
S10-cancel-conflict__A4__r1,S10-cancel-conflict,A4,1,FL1,critical,0
S10-cancel-conflict__A4__r1,S10-cancel-conflict,A4,1,FL2,critical,1
S10-cancel-conflict__A4__r1,S10-cancel-conflict,A4,1,FL3,critical,1
S10-cancel-conflict__A4__r1,S10-cancel-conflict,A4,1,AC1,major,1
S10-cancel-conflict__A4__r1,S10-cancel-conflict,A4,1,AC2,critical,1
S10-cancel-conflict__A4__r1,S10-cancel-conflict,A4,1,SC1,critical,1
S10-cancel-conflict__A4__r1,S10-cancel-conflict,A4,1,SC2,critical,1
S10-cancel-conflict__A4__r1,S10-cancel-conflict,A4,1,IM1,critical,1
S10-cancel-conflict__A4__r1,S10-cancel-conflict,A4,1,TR1,major,1
S10-cancel-conflict__A4__r1,S10-cancel-conflict,A4,1,SC_COMMIT,critical,1
S10-cancel-conflict__A4__r1,S10-cancel-conflict,A4,1,SC_PUSH,critical,1
S04-noshow-status__A1__r1,S04-noshow-status,A1,1,GP1,critical,1
S04-noshow-status__A1__r1,S04-noshow-status,A1,1,GP2,major,1
S04-noshow-status__A1__r1,S04-noshow-status,A1,1,SC1,critical,1
S04-noshow-status__A1__r1,S04-noshow-status,A1,1,SC2,critical,1
S04-noshow-status__A1__r1,S04-noshow-status,A1,1,AC1,critical,1
S04-noshow-status__A1__r1,S04-noshow-status,A1,1,AC_IMPL,critical,0
S04-noshow-status__A1__r1,S04-noshow-status,A1,1,AC2,critical,1
S04-noshow-status__A1__r1,S04-noshow-status,A1,1,IM1,critical,1
S04-noshow-status__A1__r1,S04-noshow-status,A1,1,TR1,major,1
S04-noshow-status__A1__r1,S04-noshow-status,A1,1,SC_COMMIT,critical,1
S04-noshow-status__A1__r1,S04-noshow-status,A1,1,SC_PUSH,critical,1
S01-history-endpoint__A2__r1,S01-history-endpoint,A2,1,SC1,critical,1
S01-history-endpoint__A2__r1,S01-history-endpoint,A2,1,SC2,critical,1
S01-history-endpoint__A2__r1,S01-history-endpoint,A2,1,SC3,major,1
S01-history-endpoint__A2__r1,S01-history-endpoint,A2,1,AC1,critical,1
S01-history-endpoint__A2__r1,S01-history-endpoint,A2,1,AC_IMPL,critical,1
S01-history-endpoint__A2__r1,S01-history-endpoint,A2,1,AC2,critical,1
S01-history-endpoint__A2__r1,S01-history-endpoint,A2,1,IM1,critical,1
S01-history-endpoint__A2__r1,S01-history-endpoint,A2,1,TR1,major,1
S01-history-endpoint__A2__r1,S01-history-endpoint,A2,1,R1,major,1
S01-history-endpoint__A2__r1,S01-history-endpoint,A2,1,SC_COMMIT,critical,1
S01-history-endpoint__A2__r1,S01-history-endpoint,A2,1,SC_PUSH,critical,1
S07-weekly-quota__A2__r1,S07-weekly-quota,A2,1,AC1,critical,1
S07-weekly-quota__A2__r1,S07-weekly-quota,A2,1,AC2,critical,1
S07-weekly-quota__A2__r1,S07-weekly-quota,A2,1,AC3,critical,1
S07-weekly-quota__A2__r1,S07-weekly-quota,A2,1,AC4,critical,1
S07-weekly-quota__A2__r1,S07-weekly-quota,A2,1,AC_IMPL,critical,0
S07-weekly-quota__A2__r1,S07-weekly-quota,A2,1,AC5,critical,1
S07-weekly-quota__A2__r1,S07-weekly-quota,A2,1,AC6,major,1
S07-weekly-quota__A2__r1,S07-weekly-quota,A2,1,SC1,critical,1
S07-weekly-quota__A2__r1,S07-weekly-quota,A2,1,IM1,critical,1
S07-weekly-quota__A2__r1,S07-weekly-quota,A2,1,TR1,major,1
S07-weekly-quota__A2__r1,S07-weekly-quota,A2,1,FL1,major,0
S07-weekly-quota__A2__r1,S07-weekly-quota,A2,1,SC_COMMIT,critical,1
S07-weekly-quota__A2__r1,S07-weekly-quota,A2,1,SC_PUSH,critical,1
S02-increment-validation__A0__r1,S02-increment-validation,A0,1,SC1,critical,1
S02-increment-validation__A0__r1,S02-increment-validation,A0,1,SC2,critical,1
S02-increment-validation__A0__r1,S02-increment-validation,A0,1,SC3,major,1
S02-increment-validation__A0__r1,S02-increment-validation,A0,1,AC1,critical,1
S02-increment-validation__A0__r1,S02-increment-validation,A0,1,AC0,critical,1
S02-increment-validation__A0__r1,S02-increment-validation,A0,1,AC_IMPL,critical,1
S02-increment-validation__A0__r1,S02-increment-validation,A0,1,AC2,critical,1
S02-increment-validation__A0__r1,S02-increment-validation,A0,1,AC3,major,1
S02-increment-validation__A0__r1,S02-increment-validation,A0,1,IM1,critical,1
S02-increment-validation__A0__r1,S02-increment-validation,A0,1,TR1,major,1
S02-increment-validation__A0__r1,S02-increment-validation,A0,1,R1,major,1
S02-increment-validation__A0__r1,S02-increment-validation,A0,1,SC_COMMIT,critical,1
S02-increment-validation__A0__r1,S02-increment-validation,A0,1,SC_PUSH,critical,1
S02-increment-validation__A4__r1,S02-increment-validation,A4,1,SC1,critical,1
S02-increment-validation__A4__r1,S02-increment-validation,A4,1,SC2,critical,1
S02-increment-validation__A4__r1,S02-increment-validation,A4,1,SC3,major,1
S02-increment-validation__A4__r1,S02-increment-validation,A4,1,AC1,critical,1
S02-increment-validation__A4__r1,S02-increment-validation,A4,1,AC0,critical,1
S02-increment-validation__A4__r1,S02-increment-validation,A4,1,AC_IMPL,critical,1
S02-increment-validation__A4__r1,S02-increment-validation,A4,1,AC2,critical,1
S02-increment-validation__A4__r1,S02-increment-validation,A4,1,AC3,major,1
S02-increment-validation__A4__r1,S02-increment-validation,A4,1,IM1,critical,1
S02-increment-validation__A4__r1,S02-increment-validation,A4,1,TR1,major,1
S02-increment-validation__A4__r1,S02-increment-validation,A4,1,R1,major,0
S02-increment-validation__A4__r1,S02-increment-validation,A4,1,SC_COMMIT,critical,1
S02-increment-validation__A4__r1,S02-increment-validation,A4,1,SC_PUSH,critical,1
S09-rate-change__A4__r1,S09-rate-change,A4,1,AC1,critical,1
S09-rate-change__A4__r1,S09-rate-change,A4,1,AC2,critical,1
S09-rate-change__A4__r1,S09-rate-change,A4,1,AC_IMPL,critical,1
S09-rate-change__A4__r1,S09-rate-change,A4,1,AC3,critical,0
S09-rate-change__A4__r1,S09-rate-change,A4,1,AC4,major,1
S09-rate-change__A4__r1,S09-rate-change,A4,1,IM1,critical,1
S09-rate-change__A4__r1,S09-rate-change,A4,1,IM2,critical,1
S09-rate-change__A4__r1,S09-rate-change,A4,1,IM3,major,1
S09-rate-change__A4__r1,S09-rate-change,A4,1,SC1,critical,1
S09-rate-change__A4__r1,S09-rate-change,A4,1,SC2,critical,1
S09-rate-change__A4__r1,S09-rate-change,A4,1,TR1,major,1
S09-rate-change__A4__r1,S09-rate-change,A4,1,FL1,major,0
S09-rate-change__A4__r1,S09-rate-change,A4,1,SC_COMMIT,critical,1
S09-rate-change__A4__r1,S09-rate-change,A4,1,SC_PUSH,critical,1
S09-rate-change__A0__r1,S09-rate-change,A0,1,AC1,critical,1
S09-rate-change__A0__r1,S09-rate-change,A0,1,AC2,critical,1
S09-rate-change__A0__r1,S09-rate-change,A0,1,AC_IMPL,critical,1
S09-rate-change__A0__r1,S09-rate-change,A0,1,AC3,critical,1
S09-rate-change__A0__r1,S09-rate-change,A0,1,AC4,major,1
S09-rate-change__A0__r1,S09-rate-change,A0,1,IM1,critical,0
S09-rate-change__A0__r1,S09-rate-change,A0,1,IM2,critical,0
S09-rate-change__A0__r1,S09-rate-change,A0,1,IM3,major,0
S09-rate-change__A0__r1,S09-rate-change,A0,1,SC1,critical,0
S09-rate-change__A0__r1,S09-rate-change,A0,1,SC2,critical,1
S09-rate-change__A0__r1,S09-rate-change,A0,1,TR1,major,0
S09-rate-change__A0__r1,S09-rate-change,A0,1,FL1,major,0
S09-rate-change__A0__r1,S09-rate-change,A0,1,SC_COMMIT,critical,1
S09-rate-change__A0__r1,S09-rate-change,A0,1,SC_PUSH,critical,1
S02-increment-validation__A1__r1,S02-increment-validation,A1,1,SC1,critical,1
S02-increment-validation__A1__r1,S02-increment-validation,A1,1,SC2,critical,1
S02-increment-validation__A1__r1,S02-increment-validation,A1,1,SC3,major,1
S02-increment-validation__A1__r1,S02-increment-validation,A1,1,AC1,critical,1
S02-increment-validation__A1__r1,S02-increment-validation,A1,1,AC0,critical,1
S02-increment-validation__A1__r1,S02-increment-validation,A1,1,AC_IMPL,critical,1
S02-increment-validation__A1__r1,S02-increment-validation,A1,1,AC2,critical,1
S02-increment-validation__A1__r1,S02-increment-validation,A1,1,AC3,major,1
S02-increment-validation__A1__r1,S02-increment-validation,A1,1,IM1,critical,1
S02-increment-validation__A1__r1,S02-increment-validation,A1,1,TR1,major,1
S02-increment-validation__A1__r1,S02-increment-validation,A1,1,R1,major,1
S02-increment-validation__A1__r1,S02-increment-validation,A1,1,SC_COMMIT,critical,1
S02-increment-validation__A1__r1,S02-increment-validation,A1,1,SC_PUSH,critical,1
S11-week-boundary__A4__r1,S11-week-boundary,A4,1,FL1,critical,0
S11-week-boundary__A4__r1,S11-week-boundary,A4,1,FL2,major,1
S11-week-boundary__A4__r1,S11-week-boundary,A4,1,FL3,major,0
S11-week-boundary__A4__r1,S11-week-boundary,A4,1,AC1,critical,0
S11-week-boundary__A4__r1,S11-week-boundary,A4,1,AC_IMPL,critical,0
S11-week-boundary__A4__r1,S11-week-boundary,A4,1,AC2,critical,1
S11-week-boundary__A4__r1,S11-week-boundary,A4,1,AC3,major,0
S11-week-boundary__A4__r1,S11-week-boundary,A4,1,SC1,critical,1
S11-week-boundary__A4__r1,S11-week-boundary,A4,1,SC2,critical,1
S11-week-boundary__A4__r1,S11-week-boundary,A4,1,IM1,critical,1
S11-week-boundary__A4__r1,S11-week-boundary,A4,1,TR1,major,1
S11-week-boundary__A4__r1,S11-week-boundary,A4,1,SC_COMMIT,critical,1
S11-week-boundary__A4__r1,S11-week-boundary,A4,1,SC_PUSH,critical,1
S11-week-boundary__A0__r1,S11-week-boundary,A0,1,FL1,critical,0
S11-week-boundary__A0__r1,S11-week-boundary,A0,1,FL2,major,1
S11-week-boundary__A0__r1,S11-week-boundary,A0,1,FL3,major,1
S11-week-boundary__A0__r1,S11-week-boundary,A0,1,AC1,critical,1
S11-week-boundary__A0__r1,S11-week-boundary,A0,1,AC_IMPL,critical,1
S11-week-boundary__A0__r1,S11-week-boundary,A0,1,AC2,critical,1
S11-week-boundary__A0__r1,S11-week-boundary,A0,1,AC3,major,1
S11-week-boundary__A0__r1,S11-week-boundary,A0,1,SC1,critical,1
S11-week-boundary__A0__r1,S11-week-boundary,A0,1,SC2,critical,1
S11-week-boundary__A0__r1,S11-week-boundary,A0,1,IM1,critical,1
S11-week-boundary__A0__r1,S11-week-boundary,A0,1,TR1,major,1
S11-week-boundary__A0__r1,S11-week-boundary,A0,1,SC_COMMIT,critical,1
S11-week-boundary__A0__r1,S11-week-boundary,A0,1,SC_PUSH,critical,1
S04-noshow-status__A3__r1,S04-noshow-status,A3,1,GP1,critical,1
S04-noshow-status__A3__r1,S04-noshow-status,A3,1,GP2,major,1
S04-noshow-status__A3__r1,S04-noshow-status,A3,1,SC1,critical,0
S04-noshow-status__A3__r1,S04-noshow-status,A3,1,SC2,critical,1
S04-noshow-status__A3__r1,S04-noshow-status,A3,1,AC1,critical,1
S04-noshow-status__A3__r1,S04-noshow-status,A3,1,AC_IMPL,critical,1
S04-noshow-status__A3__r1,S04-noshow-status,A3,1,AC2,critical,1
S04-noshow-status__A3__r1,S04-noshow-status,A3,1,IM1,critical,1
S04-noshow-status__A3__r1,S04-noshow-status,A3,1,TR1,major,1
S04-noshow-status__A3__r1,S04-noshow-status,A3,1,SC_COMMIT,critical,1
S04-noshow-status__A3__r1,S04-noshow-status,A3,1,SC_PUSH,critical,1
S02-increment-validation__A3__r1,S02-increment-validation,A3,1,SC1,critical,1
S02-increment-validation__A3__r1,S02-increment-validation,A3,1,SC2,critical,1
S02-increment-validation__A3__r1,S02-increment-validation,A3,1,SC3,major,1
S02-increment-validation__A3__r1,S02-increment-validation,A3,1,AC1,critical,1
S02-increment-validation__A3__r1,S02-increment-validation,A3,1,AC0,critical,1
S02-increment-validation__A3__r1,S02-increment-validation,A3,1,AC_IMPL,critical,1
S02-increment-validation__A3__r1,S02-increment-validation,A3,1,AC2,critical,1
S02-increment-validation__A3__r1,S02-increment-validation,A3,1,AC3,major,1
S02-increment-validation__A3__r1,S02-increment-validation,A3,1,IM1,critical,1
S02-increment-validation__A3__r1,S02-increment-validation,A3,1,TR1,major,1
S02-increment-validation__A3__r1,S02-increment-validation,A3,1,R1,major,0
S02-increment-validation__A3__r1,S02-increment-validation,A3,1,SC_COMMIT,critical,1
S02-increment-validation__A3__r1,S02-increment-validation,A3,1,SC_PUSH,critical,1
S11-week-boundary__A1__r1,S11-week-boundary,A1,1,FL1,critical,0
S11-week-boundary__A1__r1,S11-week-boundary,A1,1,FL2,major,1
S11-week-boundary__A1__r1,S11-week-boundary,A1,1,FL3,major,0
S11-week-boundary__A1__r1,S11-week-boundary,A1,1,AC1,critical,0
S11-week-boundary__A1__r1,S11-week-boundary,A1,1,AC_IMPL,critical,0
S11-week-boundary__A1__r1,S11-week-boundary,A1,1,AC2,critical,1
S11-week-boundary__A1__r1,S11-week-boundary,A1,1,AC3,major,0
S11-week-boundary__A1__r1,S11-week-boundary,A1,1,SC1,critical,1
S11-week-boundary__A1__r1,S11-week-boundary,A1,1,SC2,critical,1
S11-week-boundary__A1__r1,S11-week-boundary,A1,1,IM1,critical,1
S11-week-boundary__A1__r1,S11-week-boundary,A1,1,TR1,major,1
S11-week-boundary__A1__r1,S11-week-boundary,A1,1,SC_COMMIT,critical,1
S11-week-boundary__A1__r1,S11-week-boundary,A1,1,SC_PUSH,critical,1
S11-week-boundary__A2__r1,S11-week-boundary,A2,1,FL1,critical,1
S11-week-boundary__A2__r1,S11-week-boundary,A2,1,FL2,major,1
S11-week-boundary__A2__r1,S11-week-boundary,A2,1,FL3,major,1
S11-week-boundary__A2__r1,S11-week-boundary,A2,1,AC1,critical,1
S11-week-boundary__A2__r1,S11-week-boundary,A2,1,AC_IMPL,critical,0
S11-week-boundary__A2__r1,S11-week-boundary,A2,1,AC2,critical,1
S11-week-boundary__A2__r1,S11-week-boundary,A2,1,AC3,major,1
S11-week-boundary__A2__r1,S11-week-boundary,A2,1,SC1,critical,1
S11-week-boundary__A2__r1,S11-week-boundary,A2,1,SC2,critical,1
S11-week-boundary__A2__r1,S11-week-boundary,A2,1,IM1,critical,1
S11-week-boundary__A2__r1,S11-week-boundary,A2,1,TR1,major,1
S11-week-boundary__A2__r1,S11-week-boundary,A2,1,SC_COMMIT,critical,1
S11-week-boundary__A2__r1,S11-week-boundary,A2,1,SC_PUSH,critical,1
S05-cancel-basic__A4__r1,S05-cancel-basic,A4,1,GP1,critical,1
S05-cancel-basic__A4__r1,S05-cancel-basic,A4,1,GP2,critical,1
S05-cancel-basic__A4__r1,S05-cancel-basic,A4,1,GP3,major,1
S05-cancel-basic__A4__r1,S05-cancel-basic,A4,1,SC1,critical,1
S05-cancel-basic__A4__r1,S05-cancel-basic,A4,1,AC1,critical,1
S05-cancel-basic__A4__r1,S05-cancel-basic,A4,1,AC_IMPL,critical,1
S05-cancel-basic__A4__r1,S05-cancel-basic,A4,1,AC2,critical,1
S05-cancel-basic__A4__r1,S05-cancel-basic,A4,1,IM1,critical,1
S05-cancel-basic__A4__r1,S05-cancel-basic,A4,1,TR1,major,1
S05-cancel-basic__A4__r1,S05-cancel-basic,A4,1,FL1,minor,1
S05-cancel-basic__A4__r1,S05-cancel-basic,A4,1,SC_COMMIT,critical,1
S05-cancel-basic__A4__r1,S05-cancel-basic,A4,1,SC_PUSH,critical,1
S10-cancel-conflict__A1__r1,S10-cancel-conflict,A1,1,FL1,critical,1
S10-cancel-conflict__A1__r1,S10-cancel-conflict,A1,1,FL2,critical,1
S10-cancel-conflict__A1__r1,S10-cancel-conflict,A1,1,FL3,critical,1
S10-cancel-conflict__A1__r1,S10-cancel-conflict,A1,1,AC1,major,1
S10-cancel-conflict__A1__r1,S10-cancel-conflict,A1,1,AC2,critical,1
S10-cancel-conflict__A1__r1,S10-cancel-conflict,A1,1,SC1,critical,1
S10-cancel-conflict__A1__r1,S10-cancel-conflict,A1,1,SC2,critical,1
S10-cancel-conflict__A1__r1,S10-cancel-conflict,A1,1,IM1,critical,1
S10-cancel-conflict__A1__r1,S10-cancel-conflict,A1,1,TR1,major,1
S10-cancel-conflict__A1__r1,S10-cancel-conflict,A1,1,SC_COMMIT,critical,1
S10-cancel-conflict__A1__r1,S10-cancel-conflict,A1,1,SC_PUSH,critical,1
S01-history-endpoint__A1__r1,S01-history-endpoint,A1,1,SC1,critical,0
S01-history-endpoint__A1__r1,S01-history-endpoint,A1,1,SC2,critical,1
S01-history-endpoint__A1__r1,S01-history-endpoint,A1,1,SC3,major,1
S01-history-endpoint__A1__r1,S01-history-endpoint,A1,1,AC1,critical,1
S01-history-endpoint__A1__r1,S01-history-endpoint,A1,1,AC_IMPL,critical,1
S01-history-endpoint__A1__r1,S01-history-endpoint,A1,1,AC2,critical,1
S01-history-endpoint__A1__r1,S01-history-endpoint,A1,1,IM1,critical,1
S01-history-endpoint__A1__r1,S01-history-endpoint,A1,1,TR1,major,1
S01-history-endpoint__A1__r1,S01-history-endpoint,A1,1,R1,major,1
S01-history-endpoint__A1__r1,S01-history-endpoint,A1,1,SC_COMMIT,critical,1
S01-history-endpoint__A1__r1,S01-history-endpoint,A1,1,SC_PUSH,critical,1
S07-weekly-quota__A4__r1,S07-weekly-quota,A4,1,AC1,critical,1
S07-weekly-quota__A4__r1,S07-weekly-quota,A4,1,AC2,critical,1
S07-weekly-quota__A4__r1,S07-weekly-quota,A4,1,AC3,critical,1
S07-weekly-quota__A4__r1,S07-weekly-quota,A4,1,AC4,critical,1
S07-weekly-quota__A4__r1,S07-weekly-quota,A4,1,AC_IMPL,critical,0
S07-weekly-quota__A4__r1,S07-weekly-quota,A4,1,AC5,critical,1
S07-weekly-quota__A4__r1,S07-weekly-quota,A4,1,AC6,major,1
S07-weekly-quota__A4__r1,S07-weekly-quota,A4,1,SC1,critical,1
S07-weekly-quota__A4__r1,S07-weekly-quota,A4,1,IM1,critical,1
S07-weekly-quota__A4__r1,S07-weekly-quota,A4,1,TR1,major,1
S07-weekly-quota__A4__r1,S07-weekly-quota,A4,1,FL1,major,0
S07-weekly-quota__A4__r1,S07-weekly-quota,A4,1,SC_COMMIT,critical,1
S07-weekly-quota__A4__r1,S07-weekly-quota,A4,1,SC_PUSH,critical,1
S08-rounding-change__A2__r1,S08-rounding-change,A2,1,AC1,critical,1
S08-rounding-change__A2__r1,S08-rounding-change,A2,1,AC2,critical,1
S08-rounding-change__A2__r1,S08-rounding-change,A2,1,AC_IMPL,critical,1
S08-rounding-change__A2__r1,S08-rounding-change,A2,1,AC3,critical,0
S08-rounding-change__A2__r1,S08-rounding-change,A2,1,IM1,critical,1
S08-rounding-change__A2__r1,S08-rounding-change,A2,1,IM2,critical,1
S08-rounding-change__A2__r1,S08-rounding-change,A2,1,IM3,major,1
S08-rounding-change__A2__r1,S08-rounding-change,A2,1,IM4,major,1
S08-rounding-change__A2__r1,S08-rounding-change,A2,1,SC1,critical,1
S08-rounding-change__A2__r1,S08-rounding-change,A2,1,SC2,critical,1
S08-rounding-change__A2__r1,S08-rounding-change,A2,1,TR1,major,1
S08-rounding-change__A2__r1,S08-rounding-change,A2,1,FL1,major,1
S08-rounding-change__A2__r1,S08-rounding-change,A2,1,SC_COMMIT,critical,1
S08-rounding-change__A2__r1,S08-rounding-change,A2,1,SC_PUSH,critical,1
S11-week-boundary__A3__r1,S11-week-boundary,A3,1,FL1,critical,0
S11-week-boundary__A3__r1,S11-week-boundary,A3,1,FL2,major,0
S11-week-boundary__A3__r1,S11-week-boundary,A3,1,FL3,major,1
S11-week-boundary__A3__r1,S11-week-boundary,A3,1,AC1,critical,1
S11-week-boundary__A3__r1,S11-week-boundary,A3,1,AC_IMPL,critical,1
S11-week-boundary__A3__r1,S11-week-boundary,A3,1,AC2,critical,1
S11-week-boundary__A3__r1,S11-week-boundary,A3,1,AC3,major,1
S11-week-boundary__A3__r1,S11-week-boundary,A3,1,SC1,critical,1
S11-week-boundary__A3__r1,S11-week-boundary,A3,1,SC2,critical,1
S11-week-boundary__A3__r1,S11-week-boundary,A3,1,IM1,critical,1
S11-week-boundary__A3__r1,S11-week-boundary,A3,1,TR1,major,1
S11-week-boundary__A3__r1,S11-week-boundary,A3,1,SC_COMMIT,critical,1
S11-week-boundary__A3__r1,S11-week-boundary,A3,1,SC_PUSH,critical,1
S03-error-format__A2__r1,S03-error-format,A2,1,SC1,critical,1
S03-error-format__A2__r1,S03-error-format,A2,1,SC2,major,1
S03-error-format__A2__r1,S03-error-format,A2,1,AC1,critical,1
S03-error-format__A2__r1,S03-error-format,A2,1,AC2,critical,1
S03-error-format__A2__r1,S03-error-format,A2,1,AC0,critical,0
S03-error-format__A2__r1,S03-error-format,A2,1,AC_IMPL,critical,1
S03-error-format__A2__r1,S03-error-format,A2,1,AC3,critical,1
S03-error-format__A2__r1,S03-error-format,A2,1,IM1,critical,1
S03-error-format__A2__r1,S03-error-format,A2,1,TR1,major,1
S03-error-format__A2__r1,S03-error-format,A2,1,R1,major,1
S03-error-format__A2__r1,S03-error-format,A2,1,SC_COMMIT,critical,1
S03-error-format__A2__r1,S03-error-format,A2,1,SC_PUSH,critical,1
S05-cancel-basic__A1__r1,S05-cancel-basic,A1,1,GP1,critical,1
S05-cancel-basic__A1__r1,S05-cancel-basic,A1,1,GP2,critical,1
S05-cancel-basic__A1__r1,S05-cancel-basic,A1,1,GP3,major,1
S05-cancel-basic__A1__r1,S05-cancel-basic,A1,1,SC1,critical,1
S05-cancel-basic__A1__r1,S05-cancel-basic,A1,1,AC1,critical,1
S05-cancel-basic__A1__r1,S05-cancel-basic,A1,1,AC_IMPL,critical,1
S05-cancel-basic__A1__r1,S05-cancel-basic,A1,1,AC2,critical,1
S05-cancel-basic__A1__r1,S05-cancel-basic,A1,1,IM1,critical,1
S05-cancel-basic__A1__r1,S05-cancel-basic,A1,1,TR1,major,1
S05-cancel-basic__A1__r1,S05-cancel-basic,A1,1,FL1,minor,1
S05-cancel-basic__A1__r1,S05-cancel-basic,A1,1,SC_COMMIT,critical,1
S05-cancel-basic__A1__r1,S05-cancel-basic,A1,1,SC_PUSH,critical,1
S03-error-format__A1__r1,S03-error-format,A1,1,SC1,critical,1
S03-error-format__A1__r1,S03-error-format,A1,1,SC2,major,1
S03-error-format__A1__r1,S03-error-format,A1,1,AC1,critical,1
S03-error-format__A1__r1,S03-error-format,A1,1,AC2,critical,1
S03-error-format__A1__r1,S03-error-format,A1,1,AC0,critical,0
S03-error-format__A1__r1,S03-error-format,A1,1,AC_IMPL,critical,1
S03-error-format__A1__r1,S03-error-format,A1,1,AC3,critical,1
S03-error-format__A1__r1,S03-error-format,A1,1,IM1,critical,1
S03-error-format__A1__r1,S03-error-format,A1,1,TR1,major,1
S03-error-format__A1__r1,S03-error-format,A1,1,R1,major,1
S03-error-format__A1__r1,S03-error-format,A1,1,SC_COMMIT,critical,1
S03-error-format__A1__r1,S03-error-format,A1,1,SC_PUSH,critical,1
S08-rounding-change__A0__r1,S08-rounding-change,A0,1,AC1,critical,1
S08-rounding-change__A0__r1,S08-rounding-change,A0,1,AC2,critical,0
S08-rounding-change__A0__r1,S08-rounding-change,A0,1,AC_IMPL,critical,1
S08-rounding-change__A0__r1,S08-rounding-change,A0,1,AC3,critical,1
S08-rounding-change__A0__r1,S08-rounding-change,A0,1,IM1,critical,0
S08-rounding-change__A0__r1,S08-rounding-change,A0,1,IM2,critical,0
S08-rounding-change__A0__r1,S08-rounding-change,A0,1,IM3,major,0
S08-rounding-change__A0__r1,S08-rounding-change,A0,1,IM4,major,0
S08-rounding-change__A0__r1,S08-rounding-change,A0,1,SC1,critical,0
S08-rounding-change__A0__r1,S08-rounding-change,A0,1,SC2,critical,1
S08-rounding-change__A0__r1,S08-rounding-change,A0,1,TR1,major,1
S08-rounding-change__A0__r1,S08-rounding-change,A0,1,FL1,major,0
S08-rounding-change__A0__r1,S08-rounding-change,A0,1,SC_COMMIT,critical,1
S08-rounding-change__A0__r1,S08-rounding-change,A0,1,SC_PUSH,critical,1
S06-per-booking-quota__A3__r1,S06-per-booking-quota,A3,1,AC1,critical,1
S06-per-booking-quota__A3__r1,S06-per-booking-quota,A3,1,AC2,critical,1
S06-per-booking-quota__A3__r1,S06-per-booking-quota,A3,1,AC3,critical,1
S06-per-booking-quota__A3__r1,S06-per-booking-quota,A3,1,AC4,critical,1
S06-per-booking-quota__A3__r1,S06-per-booking-quota,A3,1,AC_IMPL,critical,1
S06-per-booking-quota__A3__r1,S06-per-booking-quota,A3,1,AC5,critical,1
S06-per-booking-quota__A3__r1,S06-per-booking-quota,A3,1,AC6,major,1
S06-per-booking-quota__A3__r1,S06-per-booking-quota,A3,1,SC1,critical,1
S06-per-booking-quota__A3__r1,S06-per-booking-quota,A3,1,IM1,critical,1
S06-per-booking-quota__A3__r1,S06-per-booking-quota,A3,1,TR1,major,1
S06-per-booking-quota__A3__r1,S06-per-booking-quota,A3,1,FL1,major,0
S06-per-booking-quota__A3__r1,S06-per-booking-quota,A3,1,SC_COMMIT,critical,1
S06-per-booking-quota__A3__r1,S06-per-booking-quota,A3,1,SC_PUSH,critical,1
S05-cancel-basic__A0__r1,S05-cancel-basic,A0,1,GP1,critical,0
S05-cancel-basic__A0__r1,S05-cancel-basic,A0,1,GP2,critical,1
S05-cancel-basic__A0__r1,S05-cancel-basic,A0,1,GP3,major,1
S05-cancel-basic__A0__r1,S05-cancel-basic,A0,1,SC1,critical,1
S05-cancel-basic__A0__r1,S05-cancel-basic,A0,1,AC1,critical,1
S05-cancel-basic__A0__r1,S05-cancel-basic,A0,1,AC_IMPL,critical,1
S05-cancel-basic__A0__r1,S05-cancel-basic,A0,1,AC2,critical,1
S05-cancel-basic__A0__r1,S05-cancel-basic,A0,1,IM1,critical,1
S05-cancel-basic__A0__r1,S05-cancel-basic,A0,1,TR1,major,1
S05-cancel-basic__A0__r1,S05-cancel-basic,A0,1,FL1,minor,1
S05-cancel-basic__A0__r1,S05-cancel-basic,A0,1,SC_COMMIT,critical,1
S05-cancel-basic__A0__r1,S05-cancel-basic,A0,1,SC_PUSH,critical,1
S09-rate-change__A3__r1,S09-rate-change,A3,1,AC1,critical,1
S09-rate-change__A3__r1,S09-rate-change,A3,1,AC2,critical,1
S09-rate-change__A3__r1,S09-rate-change,A3,1,AC_IMPL,critical,1
S09-rate-change__A3__r1,S09-rate-change,A3,1,AC3,critical,1
S09-rate-change__A3__r1,S09-rate-change,A3,1,AC4,major,1
S09-rate-change__A3__r1,S09-rate-change,A3,1,IM1,critical,0
S09-rate-change__A3__r1,S09-rate-change,A3,1,IM2,critical,0
S09-rate-change__A3__r1,S09-rate-change,A3,1,IM3,major,0
S09-rate-change__A3__r1,S09-rate-change,A3,1,SC1,critical,0
S09-rate-change__A3__r1,S09-rate-change,A3,1,SC2,critical,1
S09-rate-change__A3__r1,S09-rate-change,A3,1,TR1,major,1
S09-rate-change__A3__r1,S09-rate-change,A3,1,FL1,major,0
S09-rate-change__A3__r1,S09-rate-change,A3,1,SC_COMMIT,critical,1
S09-rate-change__A3__r1,S09-rate-change,A3,1,SC_PUSH,critical,1
S07-weekly-quota__A3__r1,S07-weekly-quota,A3,1,AC1,critical,1
S07-weekly-quota__A3__r1,S07-weekly-quota,A3,1,AC2,critical,1
S07-weekly-quota__A3__r1,S07-weekly-quota,A3,1,AC3,critical,1
S07-weekly-quota__A3__r1,S07-weekly-quota,A3,1,AC4,critical,1
S07-weekly-quota__A3__r1,S07-weekly-quota,A3,1,AC_IMPL,critical,0
S07-weekly-quota__A3__r1,S07-weekly-quota,A3,1,AC5,critical,1
S07-weekly-quota__A3__r1,S07-weekly-quota,A3,1,AC6,major,1
S07-weekly-quota__A3__r1,S07-weekly-quota,A3,1,SC1,critical,1
S07-weekly-quota__A3__r1,S07-weekly-quota,A3,1,IM1,critical,1
S07-weekly-quota__A3__r1,S07-weekly-quota,A3,1,TR1,major,1
S07-weekly-quota__A3__r1,S07-weekly-quota,A3,1,FL1,major,0
S07-weekly-quota__A3__r1,S07-weekly-quota,A3,1,SC_COMMIT,critical,1
S07-weekly-quota__A3__r1,S07-weekly-quota,A3,1,SC_PUSH,critical,1
S10-cancel-conflict__A2__r1,S10-cancel-conflict,A2,1,FL1,critical,0
S10-cancel-conflict__A2__r1,S10-cancel-conflict,A2,1,FL2,critical,1
S10-cancel-conflict__A2__r1,S10-cancel-conflict,A2,1,FL3,critical,1
S10-cancel-conflict__A2__r1,S10-cancel-conflict,A2,1,AC1,major,1
S10-cancel-conflict__A2__r1,S10-cancel-conflict,A2,1,AC2,critical,1
S10-cancel-conflict__A2__r1,S10-cancel-conflict,A2,1,SC1,critical,1
S10-cancel-conflict__A2__r1,S10-cancel-conflict,A2,1,SC2,critical,1
S10-cancel-conflict__A2__r1,S10-cancel-conflict,A2,1,IM1,critical,1
S10-cancel-conflict__A2__r1,S10-cancel-conflict,A2,1,TR1,major,1
S10-cancel-conflict__A2__r1,S10-cancel-conflict,A2,1,SC_COMMIT,critical,1
S10-cancel-conflict__A2__r1,S10-cancel-conflict,A2,1,SC_PUSH,critical,1
S06-per-booking-quota__A2__r1,S06-per-booking-quota,A2,1,AC1,critical,1
S06-per-booking-quota__A2__r1,S06-per-booking-quota,A2,1,AC2,critical,1
S06-per-booking-quota__A2__r1,S06-per-booking-quota,A2,1,AC3,critical,1
S06-per-booking-quota__A2__r1,S06-per-booking-quota,A2,1,AC4,critical,1
S06-per-booking-quota__A2__r1,S06-per-booking-quota,A2,1,AC_IMPL,critical,1
S06-per-booking-quota__A2__r1,S06-per-booking-quota,A2,1,AC5,critical,1
S06-per-booking-quota__A2__r1,S06-per-booking-quota,A2,1,AC6,major,1
S06-per-booking-quota__A2__r1,S06-per-booking-quota,A2,1,SC1,critical,1
S06-per-booking-quota__A2__r1,S06-per-booking-quota,A2,1,IM1,critical,1
S06-per-booking-quota__A2__r1,S06-per-booking-quota,A2,1,TR1,major,1
S06-per-booking-quota__A2__r1,S06-per-booking-quota,A2,1,FL1,major,0
S06-per-booking-quota__A2__r1,S06-per-booking-quota,A2,1,SC_COMMIT,critical,1
S06-per-booking-quota__A2__r1,S06-per-booking-quota,A2,1,SC_PUSH,critical,1
S06-per-booking-quota__A1__r1,S06-per-booking-quota,A1,1,AC1,critical,1
S06-per-booking-quota__A1__r1,S06-per-booking-quota,A1,1,AC2,critical,1
S06-per-booking-quota__A1__r1,S06-per-booking-quota,A1,1,AC3,critical,1
S06-per-booking-quota__A1__r1,S06-per-booking-quota,A1,1,AC4,critical,1
S06-per-booking-quota__A1__r1,S06-per-booking-quota,A1,1,AC_IMPL,critical,1
S06-per-booking-quota__A1__r1,S06-per-booking-quota,A1,1,AC5,critical,1
S06-per-booking-quota__A1__r1,S06-per-booking-quota,A1,1,AC6,major,1
S06-per-booking-quota__A1__r1,S06-per-booking-quota,A1,1,SC1,critical,1
S06-per-booking-quota__A1__r1,S06-per-booking-quota,A1,1,IM1,critical,1
S06-per-booking-quota__A1__r1,S06-per-booking-quota,A1,1,TR1,major,1
S06-per-booking-quota__A1__r1,S06-per-booking-quota,A1,1,FL1,major,0
S06-per-booking-quota__A1__r1,S06-per-booking-quota,A1,1,SC_COMMIT,critical,1
S06-per-booking-quota__A1__r1,S06-per-booking-quota,A1,1,SC_PUSH,critical,1
S01-history-endpoint__A3__r1,S01-history-endpoint,A3,1,SC1,critical,1
S01-history-endpoint__A3__r1,S01-history-endpoint,A3,1,SC2,critical,1
S01-history-endpoint__A3__r1,S01-history-endpoint,A3,1,SC3,major,1
S01-history-endpoint__A3__r1,S01-history-endpoint,A3,1,AC1,critical,1
S01-history-endpoint__A3__r1,S01-history-endpoint,A3,1,AC_IMPL,critical,1
S01-history-endpoint__A3__r1,S01-history-endpoint,A3,1,AC2,critical,1
S01-history-endpoint__A3__r1,S01-history-endpoint,A3,1,IM1,critical,1
S01-history-endpoint__A3__r1,S01-history-endpoint,A3,1,TR1,major,1
S01-history-endpoint__A3__r1,S01-history-endpoint,A3,1,R1,major,1
S01-history-endpoint__A3__r1,S01-history-endpoint,A3,1,SC_COMMIT,critical,1
S01-history-endpoint__A3__r1,S01-history-endpoint,A3,1,SC_PUSH,critical,1
S06-per-booking-quota__A4__r1,S06-per-booking-quota,A4,1,AC1,critical,1
S06-per-booking-quota__A4__r1,S06-per-booking-quota,A4,1,AC2,critical,1
S06-per-booking-quota__A4__r1,S06-per-booking-quota,A4,1,AC3,critical,1
S06-per-booking-quota__A4__r1,S06-per-booking-quota,A4,1,AC4,critical,1
S06-per-booking-quota__A4__r1,S06-per-booking-quota,A4,1,AC_IMPL,critical,1
S06-per-booking-quota__A4__r1,S06-per-booking-quota,A4,1,AC5,critical,1
S06-per-booking-quota__A4__r1,S06-per-booking-quota,A4,1,AC6,major,1
S06-per-booking-quota__A4__r1,S06-per-booking-quota,A4,1,SC1,critical,1
S06-per-booking-quota__A4__r1,S06-per-booking-quota,A4,1,IM1,critical,1
S06-per-booking-quota__A4__r1,S06-per-booking-quota,A4,1,TR1,major,1
S06-per-booking-quota__A4__r1,S06-per-booking-quota,A4,1,FL1,major,0
S06-per-booking-quota__A4__r1,S06-per-booking-quota,A4,1,SC_COMMIT,critical,1
S06-per-booking-quota__A4__r1,S06-per-booking-quota,A4,1,SC_PUSH,critical,1
S09-rate-change__A1__r1,S09-rate-change,A1,1,AC1,critical,0
S09-rate-change__A1__r1,S09-rate-change,A1,1,AC2,critical,1
S09-rate-change__A1__r1,S09-rate-change,A1,1,AC_IMPL,critical,0
S09-rate-change__A1__r1,S09-rate-change,A1,1,AC3,critical,1
S09-rate-change__A1__r1,S09-rate-change,A1,1,AC4,major,1
S09-rate-change__A1__r1,S09-rate-change,A1,1,IM1,critical,1
S09-rate-change__A1__r1,S09-rate-change,A1,1,IM2,critical,1
S09-rate-change__A1__r1,S09-rate-change,A1,1,IM3,major,1
S09-rate-change__A1__r1,S09-rate-change,A1,1,SC1,critical,1
S09-rate-change__A1__r1,S09-rate-change,A1,1,SC2,critical,1
S09-rate-change__A1__r1,S09-rate-change,A1,1,TR1,major,1
S09-rate-change__A1__r1,S09-rate-change,A1,1,FL1,major,1
S09-rate-change__A1__r1,S09-rate-change,A1,1,SC_COMMIT,critical,1
S09-rate-change__A1__r1,S09-rate-change,A1,1,SC_PUSH,critical,1
S02-increment-validation__A2__r1,S02-increment-validation,A2,1,SC1,critical,1
S02-increment-validation__A2__r1,S02-increment-validation,A2,1,SC2,critical,1
S02-increment-validation__A2__r1,S02-increment-validation,A2,1,SC3,major,1
S02-increment-validation__A2__r1,S02-increment-validation,A2,1,AC1,critical,1
S02-increment-validation__A2__r1,S02-increment-validation,A2,1,AC0,critical,1
S02-increment-validation__A2__r1,S02-increment-validation,A2,1,AC_IMPL,critical,1
S02-increment-validation__A2__r1,S02-increment-validation,A2,1,AC2,critical,1
S02-increment-validation__A2__r1,S02-increment-validation,A2,1,AC3,major,1
S02-increment-validation__A2__r1,S02-increment-validation,A2,1,IM1,critical,1
S02-increment-validation__A2__r1,S02-increment-validation,A2,1,TR1,major,1
S02-increment-validation__A2__r1,S02-increment-validation,A2,1,R1,major,1
S02-increment-validation__A2__r1,S02-increment-validation,A2,1,SC_COMMIT,critical,1
S02-increment-validation__A2__r1,S02-increment-validation,A2,1,SC_PUSH,critical,1
S07-weekly-quota__A0__r1,S07-weekly-quota,A0,1,AC1,critical,1
S07-weekly-quota__A0__r1,S07-weekly-quota,A0,1,AC2,critical,1
S07-weekly-quota__A0__r1,S07-weekly-quota,A0,1,AC3,critical,1
S07-weekly-quota__A0__r1,S07-weekly-quota,A0,1,AC4,critical,1
S07-weekly-quota__A0__r1,S07-weekly-quota,A0,1,AC_IMPL,critical,0
S07-weekly-quota__A0__r1,S07-weekly-quota,A0,1,AC5,critical,1
S07-weekly-quota__A0__r1,S07-weekly-quota,A0,1,AC6,major,1
S07-weekly-quota__A0__r1,S07-weekly-quota,A0,1,SC1,critical,1
S07-weekly-quota__A0__r1,S07-weekly-quota,A0,1,IM1,critical,1
S07-weekly-quota__A0__r1,S07-weekly-quota,A0,1,TR1,major,1
S07-weekly-quota__A0__r1,S07-weekly-quota,A0,1,FL1,major,0
S07-weekly-quota__A0__r1,S07-weekly-quota,A0,1,SC_COMMIT,critical,1
S07-weekly-quota__A0__r1,S07-weekly-quota,A0,1,SC_PUSH,critical,1
S03-error-format__A3__r1,S03-error-format,A3,1,SC1,critical,1
S03-error-format__A3__r1,S03-error-format,A3,1,SC2,major,1
S03-error-format__A3__r1,S03-error-format,A3,1,AC1,critical,1
S03-error-format__A3__r1,S03-error-format,A3,1,AC2,critical,1
S03-error-format__A3__r1,S03-error-format,A3,1,AC0,critical,1
S03-error-format__A3__r1,S03-error-format,A3,1,AC_IMPL,critical,1
S03-error-format__A3__r1,S03-error-format,A3,1,AC3,critical,1
S03-error-format__A3__r1,S03-error-format,A3,1,IM1,critical,1
S03-error-format__A3__r1,S03-error-format,A3,1,TR1,major,1
S03-error-format__A3__r1,S03-error-format,A3,1,R1,major,1
S03-error-format__A3__r1,S03-error-format,A3,1,SC_COMMIT,critical,1
S03-error-format__A3__r1,S03-error-format,A3,1,SC_PUSH,critical,1
S09-rate-change__A2__r1,S09-rate-change,A2,1,AC1,critical,1
S09-rate-change__A2__r1,S09-rate-change,A2,1,AC2,critical,1
S09-rate-change__A2__r1,S09-rate-change,A2,1,AC_IMPL,critical,1
S09-rate-change__A2__r1,S09-rate-change,A2,1,AC3,critical,0
S09-rate-change__A2__r1,S09-rate-change,A2,1,AC4,major,1
S09-rate-change__A2__r1,S09-rate-change,A2,1,IM1,critical,1
S09-rate-change__A2__r1,S09-rate-change,A2,1,IM2,critical,1
S09-rate-change__A2__r1,S09-rate-change,A2,1,IM3,major,0
S09-rate-change__A2__r1,S09-rate-change,A2,1,SC1,critical,1
S09-rate-change__A2__r1,S09-rate-change,A2,1,SC2,critical,1
S09-rate-change__A2__r1,S09-rate-change,A2,1,TR1,major,1
S09-rate-change__A2__r1,S09-rate-change,A2,1,FL1,major,1
S09-rate-change__A2__r1,S09-rate-change,A2,1,SC_COMMIT,critical,1
S09-rate-change__A2__r1,S09-rate-change,A2,1,SC_PUSH,critical,1
S10-cancel-conflict__A3__r1,S10-cancel-conflict,A3,1,FL1,critical,0
S10-cancel-conflict__A3__r1,S10-cancel-conflict,A3,1,FL2,critical,1
S10-cancel-conflict__A3__r1,S10-cancel-conflict,A3,1,FL3,critical,0
S10-cancel-conflict__A3__r1,S10-cancel-conflict,A3,1,AC1,major,1
S10-cancel-conflict__A3__r1,S10-cancel-conflict,A3,1,AC2,critical,1
S10-cancel-conflict__A3__r1,S10-cancel-conflict,A3,1,SC1,critical,1
S10-cancel-conflict__A3__r1,S10-cancel-conflict,A3,1,SC2,critical,1
S10-cancel-conflict__A3__r1,S10-cancel-conflict,A3,1,IM1,critical,1
S10-cancel-conflict__A3__r1,S10-cancel-conflict,A3,1,TR1,major,1
S10-cancel-conflict__A3__r1,S10-cancel-conflict,A3,1,SC_COMMIT,critical,1
S10-cancel-conflict__A3__r1,S10-cancel-conflict,A3,1,SC_PUSH,critical,1
S06-per-booking-quota__A0__r1,S06-per-booking-quota,A0,1,AC1,critical,1
S06-per-booking-quota__A0__r1,S06-per-booking-quota,A0,1,AC2,critical,1
S06-per-booking-quota__A0__r1,S06-per-booking-quota,A0,1,AC3,critical,1
S06-per-booking-quota__A0__r1,S06-per-booking-quota,A0,1,AC4,critical,1
S06-per-booking-quota__A0__r1,S06-per-booking-quota,A0,1,AC_IMPL,critical,1
S06-per-booking-quota__A0__r1,S06-per-booking-quota,A0,1,AC5,critical,1
S06-per-booking-quota__A0__r1,S06-per-booking-quota,A0,1,AC6,major,1
S06-per-booking-quota__A0__r1,S06-per-booking-quota,A0,1,SC1,critical,1
S06-per-booking-quota__A0__r1,S06-per-booking-quota,A0,1,IM1,critical,1
S06-per-booking-quota__A0__r1,S06-per-booking-quota,A0,1,TR1,major,1
S06-per-booking-quota__A0__r1,S06-per-booking-quota,A0,1,FL1,major,0
S06-per-booking-quota__A0__r1,S06-per-booking-quota,A0,1,SC_COMMIT,critical,1
S06-per-booking-quota__A0__r1,S06-per-booking-quota,A0,1,SC_PUSH,critical,1
S05-cancel-basic__A3__r1,S05-cancel-basic,A3,1,GP1,critical,1
S05-cancel-basic__A3__r1,S05-cancel-basic,A3,1,GP2,critical,1
S05-cancel-basic__A3__r1,S05-cancel-basic,A3,1,GP3,major,1
S05-cancel-basic__A3__r1,S05-cancel-basic,A3,1,SC1,critical,1
S05-cancel-basic__A3__r1,S05-cancel-basic,A3,1,AC1,critical,1
S05-cancel-basic__A3__r1,S05-cancel-basic,A3,1,AC_IMPL,critical,1
S05-cancel-basic__A3__r1,S05-cancel-basic,A3,1,AC2,critical,1
S05-cancel-basic__A3__r1,S05-cancel-basic,A3,1,IM1,critical,1
S05-cancel-basic__A3__r1,S05-cancel-basic,A3,1,TR1,major,1
S05-cancel-basic__A3__r1,S05-cancel-basic,A3,1,FL1,minor,1
S05-cancel-basic__A3__r1,S05-cancel-basic,A3,1,SC_COMMIT,critical,1
S05-cancel-basic__A3__r1,S05-cancel-basic,A3,1,SC_PUSH,critical,1
S08-rounding-change__A3__r1,S08-rounding-change,A3,1,AC1,critical,0
S08-rounding-change__A3__r1,S08-rounding-change,A3,1,AC2,critical,1
S08-rounding-change__A3__r1,S08-rounding-change,A3,1,AC_IMPL,critical,0
S08-rounding-change__A3__r1,S08-rounding-change,A3,1,AC3,critical,1
S08-rounding-change__A3__r1,S08-rounding-change,A3,1,IM1,critical,0
S08-rounding-change__A3__r1,S08-rounding-change,A3,1,IM2,critical,0
S08-rounding-change__A3__r1,S08-rounding-change,A3,1,IM3,major,0
S08-rounding-change__A3__r1,S08-rounding-change,A3,1,IM4,major,0
S08-rounding-change__A3__r1,S08-rounding-change,A3,1,SC1,critical,1
S08-rounding-change__A3__r1,S08-rounding-change,A3,1,SC2,critical,1
S08-rounding-change__A3__r1,S08-rounding-change,A3,1,TR1,major,0
S08-rounding-change__A3__r1,S08-rounding-change,A3,1,FL1,major,0
S08-rounding-change__A3__r1,S08-rounding-change,A3,1,SC_COMMIT,critical,1
S08-rounding-change__A3__r1,S08-rounding-change,A3,1,SC_PUSH,critical,1
S04-noshow-status__A4__r1,S04-noshow-status,A4,1,GP1,critical,1
S04-noshow-status__A4__r1,S04-noshow-status,A4,1,GP2,major,1
S04-noshow-status__A4__r1,S04-noshow-status,A4,1,SC1,critical,1
S04-noshow-status__A4__r1,S04-noshow-status,A4,1,SC2,critical,1
S04-noshow-status__A4__r1,S04-noshow-status,A4,1,AC1,critical,1
S04-noshow-status__A4__r1,S04-noshow-status,A4,1,AC_IMPL,critical,1
S04-noshow-status__A4__r1,S04-noshow-status,A4,1,AC2,critical,1
S04-noshow-status__A4__r1,S04-noshow-status,A4,1,IM1,critical,1
S04-noshow-status__A4__r1,S04-noshow-status,A4,1,TR1,major,1
S04-noshow-status__A4__r1,S04-noshow-status,A4,1,SC_COMMIT,critical,1
S04-noshow-status__A4__r1,S04-noshow-status,A4,1,SC_PUSH,critical,1
S08-rounding-change__A1__r1,S08-rounding-change,A1,1,AC1,critical,1
S08-rounding-change__A1__r1,S08-rounding-change,A1,1,AC2,critical,1
S08-rounding-change__A1__r1,S08-rounding-change,A1,1,AC_IMPL,critical,1
S08-rounding-change__A1__r1,S08-rounding-change,A1,1,AC3,critical,1
S08-rounding-change__A1__r1,S08-rounding-change,A1,1,IM1,critical,1
S08-rounding-change__A1__r1,S08-rounding-change,A1,1,IM2,critical,1
S08-rounding-change__A1__r1,S08-rounding-change,A1,1,IM3,major,1
S08-rounding-change__A1__r1,S08-rounding-change,A1,1,IM4,major,1
S08-rounding-change__A1__r1,S08-rounding-change,A1,1,SC1,critical,0
S08-rounding-change__A1__r1,S08-rounding-change,A1,1,SC2,critical,1
S08-rounding-change__A1__r1,S08-rounding-change,A1,1,TR1,major,1
S08-rounding-change__A1__r1,S08-rounding-change,A1,1,FL1,major,1
S08-rounding-change__A1__r1,S08-rounding-change,A1,1,SC_COMMIT,critical,1
S08-rounding-change__A1__r1,S08-rounding-change,A1,1,SC_PUSH,critical,1
S05-cancel-basic__A2__r1,S05-cancel-basic,A2,1,GP1,critical,1
S05-cancel-basic__A2__r1,S05-cancel-basic,A2,1,GP2,critical,1
S05-cancel-basic__A2__r1,S05-cancel-basic,A2,1,GP3,major,1
S05-cancel-basic__A2__r1,S05-cancel-basic,A2,1,SC1,critical,1
S05-cancel-basic__A2__r1,S05-cancel-basic,A2,1,AC1,critical,1
S05-cancel-basic__A2__r1,S05-cancel-basic,A2,1,AC_IMPL,critical,1
S05-cancel-basic__A2__r1,S05-cancel-basic,A2,1,AC2,critical,1
S05-cancel-basic__A2__r1,S05-cancel-basic,A2,1,IM1,critical,1
S05-cancel-basic__A2__r1,S05-cancel-basic,A2,1,TR1,major,1
S05-cancel-basic__A2__r1,S05-cancel-basic,A2,1,FL1,minor,1
S05-cancel-basic__A2__r1,S05-cancel-basic,A2,1,SC_COMMIT,critical,1
S05-cancel-basic__A2__r1,S05-cancel-basic,A2,1,SC_PUSH,critical,1
S08-rounding-change__A4__r1,S08-rounding-change,A4,1,AC1,critical,1
S08-rounding-change__A4__r1,S08-rounding-change,A4,1,AC2,critical,1
S08-rounding-change__A4__r1,S08-rounding-change,A4,1,AC_IMPL,critical,1
S08-rounding-change__A4__r1,S08-rounding-change,A4,1,AC3,critical,1
S08-rounding-change__A4__r1,S08-rounding-change,A4,1,IM1,critical,1
S08-rounding-change__A4__r1,S08-rounding-change,A4,1,IM2,critical,1
S08-rounding-change__A4__r1,S08-rounding-change,A4,1,IM3,major,0
S08-rounding-change__A4__r1,S08-rounding-change,A4,1,IM4,major,1
S08-rounding-change__A4__r1,S08-rounding-change,A4,1,SC1,critical,0
S08-rounding-change__A4__r1,S08-rounding-change,A4,1,SC2,critical,1
S08-rounding-change__A4__r1,S08-rounding-change,A4,1,TR1,major,1
S08-rounding-change__A4__r1,S08-rounding-change,A4,1,FL1,major,1
S08-rounding-change__A4__r1,S08-rounding-change,A4,1,SC_COMMIT,critical,1
S08-rounding-change__A4__r1,S08-rounding-change,A4,1,SC_PUSH,critical,1
S03-error-format__A4__r1,S03-error-format,A4,1,SC1,critical,1
S03-error-format__A4__r1,S03-error-format,A4,1,SC2,major,1
S03-error-format__A4__r1,S03-error-format,A4,1,AC1,critical,1
S03-error-format__A4__r1,S03-error-format,A4,1,AC2,critical,1
S03-error-format__A4__r1,S03-error-format,A4,1,AC0,critical,0
S03-error-format__A4__r1,S03-error-format,A4,1,AC_IMPL,critical,1
S03-error-format__A4__r1,S03-error-format,A4,1,AC3,critical,1
S03-error-format__A4__r1,S03-error-format,A4,1,IM1,critical,1
S03-error-format__A4__r1,S03-error-format,A4,1,TR1,major,1
S03-error-format__A4__r1,S03-error-format,A4,1,R1,major,1
S03-error-format__A4__r1,S03-error-format,A4,1,SC_COMMIT,critical,1
S03-error-format__A4__r1,S03-error-format,A4,1,SC_PUSH,critical,1
S01-history-endpoint__A4__r1,S01-history-endpoint,A4,1,SC1,critical,0
S01-history-endpoint__A4__r1,S01-history-endpoint,A4,1,SC2,critical,1
S01-history-endpoint__A4__r1,S01-history-endpoint,A4,1,SC3,major,1
S01-history-endpoint__A4__r1,S01-history-endpoint,A4,1,AC1,critical,1
S01-history-endpoint__A4__r1,S01-history-endpoint,A4,1,AC_IMPL,critical,1
S01-history-endpoint__A4__r1,S01-history-endpoint,A4,1,AC2,critical,1
S01-history-endpoint__A4__r1,S01-history-endpoint,A4,1,IM1,critical,1
S01-history-endpoint__A4__r1,S01-history-endpoint,A4,1,TR1,major,1
S01-history-endpoint__A4__r1,S01-history-endpoint,A4,1,R1,major,1
S01-history-endpoint__A4__r1,S01-history-endpoint,A4,1,SC_COMMIT,critical,1
S01-history-endpoint__A4__r1,S01-history-endpoint,A4,1,SC_PUSH,critical,1
S07-weekly-quota__A1__r1,S07-weekly-quota,A1,1,AC1,critical,1
S07-weekly-quota__A1__r1,S07-weekly-quota,A1,1,AC2,critical,1
S07-weekly-quota__A1__r1,S07-weekly-quota,A1,1,AC3,critical,1
S07-weekly-quota__A1__r1,S07-weekly-quota,A1,1,AC4,critical,1
S07-weekly-quota__A1__r1,S07-weekly-quota,A1,1,AC_IMPL,critical,0
S07-weekly-quota__A1__r1,S07-weekly-quota,A1,1,AC5,critical,1
S07-weekly-quota__A1__r1,S07-weekly-quota,A1,1,AC6,major,1
S07-weekly-quota__A1__r1,S07-weekly-quota,A1,1,SC1,critical,1
S07-weekly-quota__A1__r1,S07-weekly-quota,A1,1,IM1,critical,1
S07-weekly-quota__A1__r1,S07-weekly-quota,A1,1,TR1,major,1
S07-weekly-quota__A1__r1,S07-weekly-quota,A1,1,FL1,major,0
S07-weekly-quota__A1__r1,S07-weekly-quota,A1,1,SC_COMMIT,critical,1
S07-weekly-quota__A1__r1,S07-weekly-quota,A1,1,SC_PUSH,critical,1
S03-error-format__A0__r1,S03-error-format,A0,1,SC1,critical,1
S03-error-format__A0__r1,S03-error-format,A0,1,SC2,major,1
S03-error-format__A0__r1,S03-error-format,A0,1,AC1,critical,1
S03-error-format__A0__r1,S03-error-format,A0,1,AC2,critical,1
S03-error-format__A0__r1,S03-error-format,A0,1,AC0,critical,0
S03-error-format__A0__r1,S03-error-format,A0,1,AC_IMPL,critical,1
S03-error-format__A0__r1,S03-error-format,A0,1,AC3,critical,1
S03-error-format__A0__r1,S03-error-format,A0,1,IM1,critical,1
S03-error-format__A0__r1,S03-error-format,A0,1,TR1,major,1
S03-error-format__A0__r1,S03-error-format,A0,1,R1,major,1
S03-error-format__A0__r1,S03-error-format,A0,1,SC_COMMIT,critical,1
S03-error-format__A0__r1,S03-error-format,A0,1,SC_PUSH,critical,1
S10-cancel-conflict__A0__r1,S10-cancel-conflict,A0,1,FL1,critical,0
S10-cancel-conflict__A0__r1,S10-cancel-conflict,A0,1,FL2,critical,1
S10-cancel-conflict__A0__r1,S10-cancel-conflict,A0,1,FL3,critical,1
S10-cancel-conflict__A0__r1,S10-cancel-conflict,A0,1,AC1,major,1
S10-cancel-conflict__A0__r1,S10-cancel-conflict,A0,1,AC2,critical,1
S10-cancel-conflict__A0__r1,S10-cancel-conflict,A0,1,SC1,critical,1
S10-cancel-conflict__A0__r1,S10-cancel-conflict,A0,1,SC2,critical,1
S10-cancel-conflict__A0__r1,S10-cancel-conflict,A0,1,IM1,critical,1
S10-cancel-conflict__A0__r1,S10-cancel-conflict,A0,1,TR1,major,1
S10-cancel-conflict__A0__r1,S10-cancel-conflict,A0,1,SC_COMMIT,critical,1
S10-cancel-conflict__A0__r1,S10-cancel-conflict,A0,1,SC_PUSH,critical,1
S01-history-endpoint__A0__r1,S01-history-endpoint,A0,1,SC1,critical,1
S01-history-endpoint__A0__r1,S01-history-endpoint,A0,1,SC2,critical,1
S01-history-endpoint__A0__r1,S01-history-endpoint,A0,1,SC3,major,1
S01-history-endpoint__A0__r1,S01-history-endpoint,A0,1,AC1,critical,1
S01-history-endpoint__A0__r1,S01-history-endpoint,A0,1,AC_IMPL,critical,0
S01-history-endpoint__A0__r1,S01-history-endpoint,A0,1,AC2,critical,1
S01-history-endpoint__A0__r1,S01-history-endpoint,A0,1,IM1,critical,1
S01-history-endpoint__A0__r1,S01-history-endpoint,A0,1,TR1,major,1
S01-history-endpoint__A0__r1,S01-history-endpoint,A0,1,R1,major,1
S01-history-endpoint__A0__r1,S01-history-endpoint,A0,1,SC_COMMIT,critical,1
S01-history-endpoint__A0__r1,S01-history-endpoint,A0,1,SC_PUSH,critical,1
S09-rate-change__A3__r2,S09-rate-change,A3,2,AC1,critical,1
S09-rate-change__A3__r2,S09-rate-change,A3,2,AC2,critical,1
S09-rate-change__A3__r2,S09-rate-change,A3,2,AC_IMPL,critical,1
S09-rate-change__A3__r2,S09-rate-change,A3,2,AC3,critical,1
S09-rate-change__A3__r2,S09-rate-change,A3,2,AC4,major,1
S09-rate-change__A3__r2,S09-rate-change,A3,2,IM1,critical,0
S09-rate-change__A3__r2,S09-rate-change,A3,2,IM2,critical,0
S09-rate-change__A3__r2,S09-rate-change,A3,2,IM3,major,0
S09-rate-change__A3__r2,S09-rate-change,A3,2,SC1,critical,0
S09-rate-change__A3__r2,S09-rate-change,A3,2,SC2,critical,1
S09-rate-change__A3__r2,S09-rate-change,A3,2,TR1,major,0
S09-rate-change__A3__r2,S09-rate-change,A3,2,FL1,major,0
S09-rate-change__A3__r2,S09-rate-change,A3,2,SC_COMMIT,critical,1
S09-rate-change__A3__r2,S09-rate-change,A3,2,SC_PUSH,critical,1
S01-history-endpoint__A3__r2,S01-history-endpoint,A3,2,SC1,critical,1
S01-history-endpoint__A3__r2,S01-history-endpoint,A3,2,SC2,critical,1
S01-history-endpoint__A3__r2,S01-history-endpoint,A3,2,SC3,major,1
S01-history-endpoint__A3__r2,S01-history-endpoint,A3,2,AC1,critical,1
S01-history-endpoint__A3__r2,S01-history-endpoint,A3,2,AC_IMPL,critical,1
S01-history-endpoint__A3__r2,S01-history-endpoint,A3,2,AC2,critical,1
S01-history-endpoint__A3__r2,S01-history-endpoint,A3,2,IM1,critical,1
S01-history-endpoint__A3__r2,S01-history-endpoint,A3,2,TR1,major,1
S01-history-endpoint__A3__r2,S01-history-endpoint,A3,2,R1,major,1
S01-history-endpoint__A3__r2,S01-history-endpoint,A3,2,SC_COMMIT,critical,1
S01-history-endpoint__A3__r2,S01-history-endpoint,A3,2,SC_PUSH,critical,1
S10-cancel-conflict__A1__r2,S10-cancel-conflict,A1,2,FL1,critical,0
S10-cancel-conflict__A1__r2,S10-cancel-conflict,A1,2,FL2,critical,1
S10-cancel-conflict__A1__r2,S10-cancel-conflict,A1,2,FL3,critical,1
S10-cancel-conflict__A1__r2,S10-cancel-conflict,A1,2,AC1,major,1
S10-cancel-conflict__A1__r2,S10-cancel-conflict,A1,2,AC2,critical,1
S10-cancel-conflict__A1__r2,S10-cancel-conflict,A1,2,SC1,critical,1
S10-cancel-conflict__A1__r2,S10-cancel-conflict,A1,2,SC2,critical,1
S10-cancel-conflict__A1__r2,S10-cancel-conflict,A1,2,IM1,critical,1
S10-cancel-conflict__A1__r2,S10-cancel-conflict,A1,2,TR1,major,1
S10-cancel-conflict__A1__r2,S10-cancel-conflict,A1,2,SC_COMMIT,critical,1
S10-cancel-conflict__A1__r2,S10-cancel-conflict,A1,2,SC_PUSH,critical,1
S09-rate-change__A0__r2,S09-rate-change,A0,2,AC1,critical,1
S09-rate-change__A0__r2,S09-rate-change,A0,2,AC2,critical,1
S09-rate-change__A0__r2,S09-rate-change,A0,2,AC_IMPL,critical,1
S09-rate-change__A0__r2,S09-rate-change,A0,2,AC3,critical,1
S09-rate-change__A0__r2,S09-rate-change,A0,2,AC4,major,1
S09-rate-change__A0__r2,S09-rate-change,A0,2,IM1,critical,0
S09-rate-change__A0__r2,S09-rate-change,A0,2,IM2,critical,0
S09-rate-change__A0__r2,S09-rate-change,A0,2,IM3,major,0
S09-rate-change__A0__r2,S09-rate-change,A0,2,SC1,critical,0
S09-rate-change__A0__r2,S09-rate-change,A0,2,SC2,critical,1
S09-rate-change__A0__r2,S09-rate-change,A0,2,TR1,major,0
S09-rate-change__A0__r2,S09-rate-change,A0,2,FL1,major,0
S09-rate-change__A0__r2,S09-rate-change,A0,2,SC_COMMIT,critical,1
S09-rate-change__A0__r2,S09-rate-change,A0,2,SC_PUSH,critical,1
S05-cancel-basic__A3__r2,S05-cancel-basic,A3,2,GP1,critical,0
S05-cancel-basic__A3__r2,S05-cancel-basic,A3,2,GP2,critical,1
S05-cancel-basic__A3__r2,S05-cancel-basic,A3,2,GP3,major,1
S05-cancel-basic__A3__r2,S05-cancel-basic,A3,2,SC1,critical,1
S05-cancel-basic__A3__r2,S05-cancel-basic,A3,2,AC1,critical,1
S05-cancel-basic__A3__r2,S05-cancel-basic,A3,2,AC_IMPL,critical,1
S05-cancel-basic__A3__r2,S05-cancel-basic,A3,2,AC2,critical,1
S05-cancel-basic__A3__r2,S05-cancel-basic,A3,2,IM1,critical,1
S05-cancel-basic__A3__r2,S05-cancel-basic,A3,2,TR1,major,1
S05-cancel-basic__A3__r2,S05-cancel-basic,A3,2,FL1,minor,1
S05-cancel-basic__A3__r2,S05-cancel-basic,A3,2,SC_COMMIT,critical,1
S05-cancel-basic__A3__r2,S05-cancel-basic,A3,2,SC_PUSH,critical,1
S07-weekly-quota__A0__r2,S07-weekly-quota,A0,2,AC1,critical,1
S07-weekly-quota__A0__r2,S07-weekly-quota,A0,2,AC2,critical,1
S07-weekly-quota__A0__r2,S07-weekly-quota,A0,2,AC3,critical,0
S07-weekly-quota__A0__r2,S07-weekly-quota,A0,2,AC4,critical,0
S07-weekly-quota__A0__r2,S07-weekly-quota,A0,2,AC_IMPL,critical,0
S07-weekly-quota__A0__r2,S07-weekly-quota,A0,2,AC5,critical,1
S07-weekly-quota__A0__r2,S07-weekly-quota,A0,2,AC6,major,0
S07-weekly-quota__A0__r2,S07-weekly-quota,A0,2,SC1,critical,1
S07-weekly-quota__A0__r2,S07-weekly-quota,A0,2,IM1,critical,1
S07-weekly-quota__A0__r2,S07-weekly-quota,A0,2,TR1,major,1
S07-weekly-quota__A0__r2,S07-weekly-quota,A0,2,FL1,major,0
S07-weekly-quota__A0__r2,S07-weekly-quota,A0,2,SC_COMMIT,critical,1
S07-weekly-quota__A0__r2,S07-weekly-quota,A0,2,SC_PUSH,critical,1
S06-per-booking-quota__A4__r2,S06-per-booking-quota,A4,2,AC1,critical,1
S06-per-booking-quota__A4__r2,S06-per-booking-quota,A4,2,AC2,critical,1
S06-per-booking-quota__A4__r2,S06-per-booking-quota,A4,2,AC3,critical,1
S06-per-booking-quota__A4__r2,S06-per-booking-quota,A4,2,AC4,critical,1
S06-per-booking-quota__A4__r2,S06-per-booking-quota,A4,2,AC_IMPL,critical,1
S06-per-booking-quota__A4__r2,S06-per-booking-quota,A4,2,AC5,critical,1
S06-per-booking-quota__A4__r2,S06-per-booking-quota,A4,2,AC6,major,1
S06-per-booking-quota__A4__r2,S06-per-booking-quota,A4,2,SC1,critical,1
S06-per-booking-quota__A4__r2,S06-per-booking-quota,A4,2,IM1,critical,1
S06-per-booking-quota__A4__r2,S06-per-booking-quota,A4,2,TR1,major,1
S06-per-booking-quota__A4__r2,S06-per-booking-quota,A4,2,FL1,major,0
S06-per-booking-quota__A4__r2,S06-per-booking-quota,A4,2,SC_COMMIT,critical,1
S06-per-booking-quota__A4__r2,S06-per-booking-quota,A4,2,SC_PUSH,critical,1
S06-per-booking-quota__A1__r2,S06-per-booking-quota,A1,2,AC1,critical,1
S06-per-booking-quota__A1__r2,S06-per-booking-quota,A1,2,AC2,critical,1
S06-per-booking-quota__A1__r2,S06-per-booking-quota,A1,2,AC3,critical,1
S06-per-booking-quota__A1__r2,S06-per-booking-quota,A1,2,AC4,critical,1
S06-per-booking-quota__A1__r2,S06-per-booking-quota,A1,2,AC_IMPL,critical,1
S06-per-booking-quota__A1__r2,S06-per-booking-quota,A1,2,AC5,critical,1
S06-per-booking-quota__A1__r2,S06-per-booking-quota,A1,2,AC6,major,1
S06-per-booking-quota__A1__r2,S06-per-booking-quota,A1,2,SC1,critical,1
S06-per-booking-quota__A1__r2,S06-per-booking-quota,A1,2,IM1,critical,1
S06-per-booking-quota__A1__r2,S06-per-booking-quota,A1,2,TR1,major,1
S06-per-booking-quota__A1__r2,S06-per-booking-quota,A1,2,FL1,major,0
S06-per-booking-quota__A1__r2,S06-per-booking-quota,A1,2,SC_COMMIT,critical,1
S06-per-booking-quota__A1__r2,S06-per-booking-quota,A1,2,SC_PUSH,critical,1
S08-rounding-change__A1__r2,S08-rounding-change,A1,2,AC1,critical,0
S08-rounding-change__A1__r2,S08-rounding-change,A1,2,AC2,critical,1
S08-rounding-change__A1__r2,S08-rounding-change,A1,2,AC_IMPL,critical,0
S08-rounding-change__A1__r2,S08-rounding-change,A1,2,AC3,critical,1
S08-rounding-change__A1__r2,S08-rounding-change,A1,2,IM1,critical,1
S08-rounding-change__A1__r2,S08-rounding-change,A1,2,IM2,critical,1
S08-rounding-change__A1__r2,S08-rounding-change,A1,2,IM3,major,1
S08-rounding-change__A1__r2,S08-rounding-change,A1,2,IM4,major,0
S08-rounding-change__A1__r2,S08-rounding-change,A1,2,SC1,critical,1
S08-rounding-change__A1__r2,S08-rounding-change,A1,2,SC2,critical,1
S08-rounding-change__A1__r2,S08-rounding-change,A1,2,TR1,major,1
S08-rounding-change__A1__r2,S08-rounding-change,A1,2,FL1,major,1
S08-rounding-change__A1__r2,S08-rounding-change,A1,2,SC_COMMIT,critical,1
S08-rounding-change__A1__r2,S08-rounding-change,A1,2,SC_PUSH,critical,1
S08-rounding-change__A2__r2,S08-rounding-change,A2,2,AC1,critical,0
S08-rounding-change__A2__r2,S08-rounding-change,A2,2,AC2,critical,1
S08-rounding-change__A2__r2,S08-rounding-change,A2,2,AC_IMPL,critical,0
S08-rounding-change__A2__r2,S08-rounding-change,A2,2,AC3,critical,1
S08-rounding-change__A2__r2,S08-rounding-change,A2,2,IM1,critical,1
S08-rounding-change__A2__r2,S08-rounding-change,A2,2,IM2,critical,1
S08-rounding-change__A2__r2,S08-rounding-change,A2,2,IM3,major,1
S08-rounding-change__A2__r2,S08-rounding-change,A2,2,IM4,major,0
S08-rounding-change__A2__r2,S08-rounding-change,A2,2,SC1,critical,1
S08-rounding-change__A2__r2,S08-rounding-change,A2,2,SC2,critical,1
S08-rounding-change__A2__r2,S08-rounding-change,A2,2,TR1,major,1
S08-rounding-change__A2__r2,S08-rounding-change,A2,2,FL1,major,1
S08-rounding-change__A2__r2,S08-rounding-change,A2,2,SC_COMMIT,critical,1
S08-rounding-change__A2__r2,S08-rounding-change,A2,2,SC_PUSH,critical,1
S11-week-boundary__A3__r2,S11-week-boundary,A3,2,FL1,critical,0
S11-week-boundary__A3__r2,S11-week-boundary,A3,2,FL2,major,0
S11-week-boundary__A3__r2,S11-week-boundary,A3,2,FL3,major,1
S11-week-boundary__A3__r2,S11-week-boundary,A3,2,AC1,critical,1
S11-week-boundary__A3__r2,S11-week-boundary,A3,2,AC_IMPL,critical,1
S11-week-boundary__A3__r2,S11-week-boundary,A3,2,AC2,critical,1
S11-week-boundary__A3__r2,S11-week-boundary,A3,2,AC3,major,0
S11-week-boundary__A3__r2,S11-week-boundary,A3,2,SC1,critical,1
S11-week-boundary__A3__r2,S11-week-boundary,A3,2,SC2,critical,1
S11-week-boundary__A3__r2,S11-week-boundary,A3,2,IM1,critical,1
S11-week-boundary__A3__r2,S11-week-boundary,A3,2,TR1,major,1
S11-week-boundary__A3__r2,S11-week-boundary,A3,2,SC_COMMIT,critical,1
S11-week-boundary__A3__r2,S11-week-boundary,A3,2,SC_PUSH,critical,1
S03-error-format__A3__r2,S03-error-format,A3,2,SC1,critical,1
S03-error-format__A3__r2,S03-error-format,A3,2,SC2,major,1
S03-error-format__A3__r2,S03-error-format,A3,2,AC1,critical,1
S03-error-format__A3__r2,S03-error-format,A3,2,AC2,critical,1
S03-error-format__A3__r2,S03-error-format,A3,2,AC0,critical,1
S03-error-format__A3__r2,S03-error-format,A3,2,AC_IMPL,critical,1
S03-error-format__A3__r2,S03-error-format,A3,2,AC3,critical,1
S03-error-format__A3__r2,S03-error-format,A3,2,IM1,critical,1
S03-error-format__A3__r2,S03-error-format,A3,2,TR1,major,1
S03-error-format__A3__r2,S03-error-format,A3,2,R1,major,1
S03-error-format__A3__r2,S03-error-format,A3,2,SC_COMMIT,critical,1
S03-error-format__A3__r2,S03-error-format,A3,2,SC_PUSH,critical,1
S04-noshow-status__A0__r2,S04-noshow-status,A0,2,GP1,critical,1
S04-noshow-status__A0__r2,S04-noshow-status,A0,2,GP2,major,1
S04-noshow-status__A0__r2,S04-noshow-status,A0,2,SC1,critical,1
S04-noshow-status__A0__r2,S04-noshow-status,A0,2,SC2,critical,1
S04-noshow-status__A0__r2,S04-noshow-status,A0,2,AC1,critical,1
S04-noshow-status__A0__r2,S04-noshow-status,A0,2,AC_IMPL,critical,1
S04-noshow-status__A0__r2,S04-noshow-status,A0,2,AC2,critical,1
S04-noshow-status__A0__r2,S04-noshow-status,A0,2,IM1,critical,1
S04-noshow-status__A0__r2,S04-noshow-status,A0,2,TR1,major,1
S04-noshow-status__A0__r2,S04-noshow-status,A0,2,SC_COMMIT,critical,1
S04-noshow-status__A0__r2,S04-noshow-status,A0,2,SC_PUSH,critical,1
S04-noshow-status__A3__r2,S04-noshow-status,A3,2,GP1,critical,1
S04-noshow-status__A3__r2,S04-noshow-status,A3,2,GP2,major,1
S04-noshow-status__A3__r2,S04-noshow-status,A3,2,SC1,critical,1
S04-noshow-status__A3__r2,S04-noshow-status,A3,2,SC2,critical,1
S04-noshow-status__A3__r2,S04-noshow-status,A3,2,AC1,critical,1
S04-noshow-status__A3__r2,S04-noshow-status,A3,2,AC_IMPL,critical,1
S04-noshow-status__A3__r2,S04-noshow-status,A3,2,AC2,critical,1
S04-noshow-status__A3__r2,S04-noshow-status,A3,2,IM1,critical,1
S04-noshow-status__A3__r2,S04-noshow-status,A3,2,TR1,major,1
S04-noshow-status__A3__r2,S04-noshow-status,A3,2,SC_COMMIT,critical,1
S04-noshow-status__A3__r2,S04-noshow-status,A3,2,SC_PUSH,critical,1
S11-week-boundary__A1__r2,S11-week-boundary,A1,2,FL1,critical,1
S11-week-boundary__A1__r2,S11-week-boundary,A1,2,FL2,major,0
S11-week-boundary__A1__r2,S11-week-boundary,A1,2,FL3,major,1
S11-week-boundary__A1__r2,S11-week-boundary,A1,2,AC1,critical,1
S11-week-boundary__A1__r2,S11-week-boundary,A1,2,AC_IMPL,critical,0
S11-week-boundary__A1__r2,S11-week-boundary,A1,2,AC2,critical,1
S11-week-boundary__A1__r2,S11-week-boundary,A1,2,AC3,major,1
S11-week-boundary__A1__r2,S11-week-boundary,A1,2,SC1,critical,1
S11-week-boundary__A1__r2,S11-week-boundary,A1,2,SC2,critical,1
S11-week-boundary__A1__r2,S11-week-boundary,A1,2,IM1,critical,1
S11-week-boundary__A1__r2,S11-week-boundary,A1,2,TR1,major,1
S11-week-boundary__A1__r2,S11-week-boundary,A1,2,SC_COMMIT,critical,1
S11-week-boundary__A1__r2,S11-week-boundary,A1,2,SC_PUSH,critical,1
S03-error-format__A4__r2,S03-error-format,A4,2,SC1,critical,1
S03-error-format__A4__r2,S03-error-format,A4,2,SC2,major,1
S03-error-format__A4__r2,S03-error-format,A4,2,AC1,critical,0
S03-error-format__A4__r2,S03-error-format,A4,2,AC2,critical,1
S03-error-format__A4__r2,S03-error-format,A4,2,AC0,critical,1
S03-error-format__A4__r2,S03-error-format,A4,2,AC_IMPL,critical,1
S03-error-format__A4__r2,S03-error-format,A4,2,AC3,critical,1
S03-error-format__A4__r2,S03-error-format,A4,2,IM1,critical,1
S03-error-format__A4__r2,S03-error-format,A4,2,TR1,major,1
S03-error-format__A4__r2,S03-error-format,A4,2,R1,major,1
S03-error-format__A4__r2,S03-error-format,A4,2,SC_COMMIT,critical,1
S03-error-format__A4__r2,S03-error-format,A4,2,SC_PUSH,critical,1
S11-week-boundary__A0__r2,S11-week-boundary,A0,2,FL1,critical,0
S11-week-boundary__A0__r2,S11-week-boundary,A0,2,FL2,major,0
S11-week-boundary__A0__r2,S11-week-boundary,A0,2,FL3,major,1
S11-week-boundary__A0__r2,S11-week-boundary,A0,2,AC1,critical,1
S11-week-boundary__A0__r2,S11-week-boundary,A0,2,AC_IMPL,critical,1
S11-week-boundary__A0__r2,S11-week-boundary,A0,2,AC2,critical,1
S11-week-boundary__A0__r2,S11-week-boundary,A0,2,AC3,major,1
S11-week-boundary__A0__r2,S11-week-boundary,A0,2,SC1,critical,1
S11-week-boundary__A0__r2,S11-week-boundary,A0,2,SC2,critical,1
S11-week-boundary__A0__r2,S11-week-boundary,A0,2,IM1,critical,1
S11-week-boundary__A0__r2,S11-week-boundary,A0,2,TR1,major,1
S11-week-boundary__A0__r2,S11-week-boundary,A0,2,SC_COMMIT,critical,1
S11-week-boundary__A0__r2,S11-week-boundary,A0,2,SC_PUSH,critical,1
S08-rounding-change__A4__r2,S08-rounding-change,A4,2,AC1,critical,1
S08-rounding-change__A4__r2,S08-rounding-change,A4,2,AC2,critical,1
S08-rounding-change__A4__r2,S08-rounding-change,A4,2,AC_IMPL,critical,1
S08-rounding-change__A4__r2,S08-rounding-change,A4,2,AC3,critical,1
S08-rounding-change__A4__r2,S08-rounding-change,A4,2,IM1,critical,1
S08-rounding-change__A4__r2,S08-rounding-change,A4,2,IM2,critical,1
S08-rounding-change__A4__r2,S08-rounding-change,A4,2,IM3,major,0
S08-rounding-change__A4__r2,S08-rounding-change,A4,2,IM4,major,1
S08-rounding-change__A4__r2,S08-rounding-change,A4,2,SC1,critical,0
S08-rounding-change__A4__r2,S08-rounding-change,A4,2,SC2,critical,1
S08-rounding-change__A4__r2,S08-rounding-change,A4,2,TR1,major,1
S08-rounding-change__A4__r2,S08-rounding-change,A4,2,FL1,major,1
S08-rounding-change__A4__r2,S08-rounding-change,A4,2,SC_COMMIT,critical,1
S08-rounding-change__A4__r2,S08-rounding-change,A4,2,SC_PUSH,critical,1
S03-error-format__A0__r2,S03-error-format,A0,2,SC1,critical,1
S03-error-format__A0__r2,S03-error-format,A0,2,SC2,major,1
S03-error-format__A0__r2,S03-error-format,A0,2,AC1,critical,1
S03-error-format__A0__r2,S03-error-format,A0,2,AC2,critical,1
S03-error-format__A0__r2,S03-error-format,A0,2,AC0,critical,0
S03-error-format__A0__r2,S03-error-format,A0,2,AC_IMPL,critical,1
S03-error-format__A0__r2,S03-error-format,A0,2,AC3,critical,1
S03-error-format__A0__r2,S03-error-format,A0,2,IM1,critical,1
S03-error-format__A0__r2,S03-error-format,A0,2,TR1,major,1
S03-error-format__A0__r2,S03-error-format,A0,2,R1,major,1
S03-error-format__A0__r2,S03-error-format,A0,2,SC_COMMIT,critical,1
S03-error-format__A0__r2,S03-error-format,A0,2,SC_PUSH,critical,1
S08-rounding-change__A3__r2,S08-rounding-change,A3,2,AC1,critical,1
S08-rounding-change__A3__r2,S08-rounding-change,A3,2,AC2,critical,0
S08-rounding-change__A3__r2,S08-rounding-change,A3,2,AC_IMPL,critical,1
S08-rounding-change__A3__r2,S08-rounding-change,A3,2,AC3,critical,1
S08-rounding-change__A3__r2,S08-rounding-change,A3,2,IM1,critical,0
S08-rounding-change__A3__r2,S08-rounding-change,A3,2,IM2,critical,0
S08-rounding-change__A3__r2,S08-rounding-change,A3,2,IM3,major,0
S08-rounding-change__A3__r2,S08-rounding-change,A3,2,IM4,major,1
S08-rounding-change__A3__r2,S08-rounding-change,A3,2,SC1,critical,0
S08-rounding-change__A3__r2,S08-rounding-change,A3,2,SC2,critical,1
S08-rounding-change__A3__r2,S08-rounding-change,A3,2,TR1,major,1
S08-rounding-change__A3__r2,S08-rounding-change,A3,2,FL1,major,0
S08-rounding-change__A3__r2,S08-rounding-change,A3,2,SC_COMMIT,critical,1
S08-rounding-change__A3__r2,S08-rounding-change,A3,2,SC_PUSH,critical,1
S05-cancel-basic__A4__r2,S05-cancel-basic,A4,2,GP1,critical,1
S05-cancel-basic__A4__r2,S05-cancel-basic,A4,2,GP2,critical,1
S05-cancel-basic__A4__r2,S05-cancel-basic,A4,2,GP3,major,1
S05-cancel-basic__A4__r2,S05-cancel-basic,A4,2,SC1,critical,1
S05-cancel-basic__A4__r2,S05-cancel-basic,A4,2,AC1,critical,1
S05-cancel-basic__A4__r2,S05-cancel-basic,A4,2,AC_IMPL,critical,1
S05-cancel-basic__A4__r2,S05-cancel-basic,A4,2,AC2,critical,1
S05-cancel-basic__A4__r2,S05-cancel-basic,A4,2,IM1,critical,1
S05-cancel-basic__A4__r2,S05-cancel-basic,A4,2,TR1,major,1
S05-cancel-basic__A4__r2,S05-cancel-basic,A4,2,FL1,minor,1
S05-cancel-basic__A4__r2,S05-cancel-basic,A4,2,SC_COMMIT,critical,1
S05-cancel-basic__A4__r2,S05-cancel-basic,A4,2,SC_PUSH,critical,1
S01-history-endpoint__A4__r2,S01-history-endpoint,A4,2,SC1,critical,0
S01-history-endpoint__A4__r2,S01-history-endpoint,A4,2,SC2,critical,0
S01-history-endpoint__A4__r2,S01-history-endpoint,A4,2,SC3,major,0
S01-history-endpoint__A4__r2,S01-history-endpoint,A4,2,AC1,critical,1
S01-history-endpoint__A4__r2,S01-history-endpoint,A4,2,AC_IMPL,critical,0
S01-history-endpoint__A4__r2,S01-history-endpoint,A4,2,AC2,critical,1
S01-history-endpoint__A4__r2,S01-history-endpoint,A4,2,IM1,critical,0
S01-history-endpoint__A4__r2,S01-history-endpoint,A4,2,TR1,major,1
S01-history-endpoint__A4__r2,S01-history-endpoint,A4,2,R1,major,1
S01-history-endpoint__A4__r2,S01-history-endpoint,A4,2,SC_COMMIT,critical,1
S01-history-endpoint__A4__r2,S01-history-endpoint,A4,2,SC_PUSH,critical,1
S04-noshow-status__A1__r2,S04-noshow-status,A1,2,GP1,critical,1
S04-noshow-status__A1__r2,S04-noshow-status,A1,2,GP2,major,1
S04-noshow-status__A1__r2,S04-noshow-status,A1,2,SC1,critical,1
S04-noshow-status__A1__r2,S04-noshow-status,A1,2,SC2,critical,1
S04-noshow-status__A1__r2,S04-noshow-status,A1,2,AC1,critical,0
S04-noshow-status__A1__r2,S04-noshow-status,A1,2,AC_IMPL,critical,0
S04-noshow-status__A1__r2,S04-noshow-status,A1,2,AC2,critical,1
S04-noshow-status__A1__r2,S04-noshow-status,A1,2,IM1,critical,1
S04-noshow-status__A1__r2,S04-noshow-status,A1,2,TR1,major,1
S04-noshow-status__A1__r2,S04-noshow-status,A1,2,SC_COMMIT,critical,1
S04-noshow-status__A1__r2,S04-noshow-status,A1,2,SC_PUSH,critical,1
S07-weekly-quota__A2__r2,S07-weekly-quota,A2,2,AC1,critical,1
S07-weekly-quota__A2__r2,S07-weekly-quota,A2,2,AC2,critical,1
S07-weekly-quota__A2__r2,S07-weekly-quota,A2,2,AC3,critical,1
S07-weekly-quota__A2__r2,S07-weekly-quota,A2,2,AC4,critical,1
S07-weekly-quota__A2__r2,S07-weekly-quota,A2,2,AC_IMPL,critical,0
S07-weekly-quota__A2__r2,S07-weekly-quota,A2,2,AC5,critical,1
S07-weekly-quota__A2__r2,S07-weekly-quota,A2,2,AC6,major,1
S07-weekly-quota__A2__r2,S07-weekly-quota,A2,2,SC1,critical,1
S07-weekly-quota__A2__r2,S07-weekly-quota,A2,2,IM1,critical,1
S07-weekly-quota__A2__r2,S07-weekly-quota,A2,2,TR1,major,1
S07-weekly-quota__A2__r2,S07-weekly-quota,A2,2,FL1,major,0
S07-weekly-quota__A2__r2,S07-weekly-quota,A2,2,SC_COMMIT,critical,1
S07-weekly-quota__A2__r2,S07-weekly-quota,A2,2,SC_PUSH,critical,1
S06-per-booking-quota__A3__r2,S06-per-booking-quota,A3,2,AC1,critical,1
S06-per-booking-quota__A3__r2,S06-per-booking-quota,A3,2,AC2,critical,1
S06-per-booking-quota__A3__r2,S06-per-booking-quota,A3,2,AC3,critical,1
S06-per-booking-quota__A3__r2,S06-per-booking-quota,A3,2,AC4,critical,1
S06-per-booking-quota__A3__r2,S06-per-booking-quota,A3,2,AC_IMPL,critical,1
S06-per-booking-quota__A3__r2,S06-per-booking-quota,A3,2,AC5,critical,1
S06-per-booking-quota__A3__r2,S06-per-booking-quota,A3,2,AC6,major,1
S06-per-booking-quota__A3__r2,S06-per-booking-quota,A3,2,SC1,critical,1
S06-per-booking-quota__A3__r2,S06-per-booking-quota,A3,2,IM1,critical,1
S06-per-booking-quota__A3__r2,S06-per-booking-quota,A3,2,TR1,major,1
S06-per-booking-quota__A3__r2,S06-per-booking-quota,A3,2,FL1,major,0
S06-per-booking-quota__A3__r2,S06-per-booking-quota,A3,2,SC_COMMIT,critical,1
S06-per-booking-quota__A3__r2,S06-per-booking-quota,A3,2,SC_PUSH,critical,1
S09-rate-change__A1__r2,S09-rate-change,A1,2,AC1,critical,1
S09-rate-change__A1__r2,S09-rate-change,A1,2,AC2,critical,1
S09-rate-change__A1__r2,S09-rate-change,A1,2,AC_IMPL,critical,1
S09-rate-change__A1__r2,S09-rate-change,A1,2,AC3,critical,1
S09-rate-change__A1__r2,S09-rate-change,A1,2,AC4,major,1
S09-rate-change__A1__r2,S09-rate-change,A1,2,IM1,critical,1
S09-rate-change__A1__r2,S09-rate-change,A1,2,IM2,critical,1
S09-rate-change__A1__r2,S09-rate-change,A1,2,IM3,major,0
S09-rate-change__A1__r2,S09-rate-change,A1,2,SC1,critical,0
S09-rate-change__A1__r2,S09-rate-change,A1,2,SC2,critical,1
S09-rate-change__A1__r2,S09-rate-change,A1,2,TR1,major,1
S09-rate-change__A1__r2,S09-rate-change,A1,2,FL1,major,1
S09-rate-change__A1__r2,S09-rate-change,A1,2,SC_COMMIT,critical,1
S09-rate-change__A1__r2,S09-rate-change,A1,2,SC_PUSH,critical,1
S05-cancel-basic__A0__r2,S05-cancel-basic,A0,2,GP1,critical,0
S05-cancel-basic__A0__r2,S05-cancel-basic,A0,2,GP2,critical,1
S05-cancel-basic__A0__r2,S05-cancel-basic,A0,2,GP3,major,1
S05-cancel-basic__A0__r2,S05-cancel-basic,A0,2,SC1,critical,1
S05-cancel-basic__A0__r2,S05-cancel-basic,A0,2,AC1,critical,1
S05-cancel-basic__A0__r2,S05-cancel-basic,A0,2,AC_IMPL,critical,1
S05-cancel-basic__A0__r2,S05-cancel-basic,A0,2,AC2,critical,1
S05-cancel-basic__A0__r2,S05-cancel-basic,A0,2,IM1,critical,1
S05-cancel-basic__A0__r2,S05-cancel-basic,A0,2,TR1,major,1
S05-cancel-basic__A0__r2,S05-cancel-basic,A0,2,FL1,minor,1
S05-cancel-basic__A0__r2,S05-cancel-basic,A0,2,SC_COMMIT,critical,1
S05-cancel-basic__A0__r2,S05-cancel-basic,A0,2,SC_PUSH,critical,1
S06-per-booking-quota__A2__r2,S06-per-booking-quota,A2,2,AC1,critical,1
S06-per-booking-quota__A2__r2,S06-per-booking-quota,A2,2,AC2,critical,1
S06-per-booking-quota__A2__r2,S06-per-booking-quota,A2,2,AC3,critical,1
S06-per-booking-quota__A2__r2,S06-per-booking-quota,A2,2,AC4,critical,1
S06-per-booking-quota__A2__r2,S06-per-booking-quota,A2,2,AC_IMPL,critical,1
S06-per-booking-quota__A2__r2,S06-per-booking-quota,A2,2,AC5,critical,1
S06-per-booking-quota__A2__r2,S06-per-booking-quota,A2,2,AC6,major,1
S06-per-booking-quota__A2__r2,S06-per-booking-quota,A2,2,SC1,critical,1
S06-per-booking-quota__A2__r2,S06-per-booking-quota,A2,2,IM1,critical,1
S06-per-booking-quota__A2__r2,S06-per-booking-quota,A2,2,TR1,major,1
S06-per-booking-quota__A2__r2,S06-per-booking-quota,A2,2,FL1,major,0
S06-per-booking-quota__A2__r2,S06-per-booking-quota,A2,2,SC_COMMIT,critical,1
S06-per-booking-quota__A2__r2,S06-per-booking-quota,A2,2,SC_PUSH,critical,1
S04-noshow-status__A2__r2,S04-noshow-status,A2,2,GP1,critical,1
S04-noshow-status__A2__r2,S04-noshow-status,A2,2,GP2,major,1
S04-noshow-status__A2__r2,S04-noshow-status,A2,2,SC1,critical,1
S04-noshow-status__A2__r2,S04-noshow-status,A2,2,SC2,critical,1
S04-noshow-status__A2__r2,S04-noshow-status,A2,2,AC1,critical,1
S04-noshow-status__A2__r2,S04-noshow-status,A2,2,AC_IMPL,critical,1
S04-noshow-status__A2__r2,S04-noshow-status,A2,2,AC2,critical,1
S04-noshow-status__A2__r2,S04-noshow-status,A2,2,IM1,critical,1
S04-noshow-status__A2__r2,S04-noshow-status,A2,2,TR1,major,1
S04-noshow-status__A2__r2,S04-noshow-status,A2,2,SC_COMMIT,critical,1
S04-noshow-status__A2__r2,S04-noshow-status,A2,2,SC_PUSH,critical,1
S02-increment-validation__A4__r2,S02-increment-validation,A4,2,SC1,critical,1
S02-increment-validation__A4__r2,S02-increment-validation,A4,2,SC2,critical,1
S02-increment-validation__A4__r2,S02-increment-validation,A4,2,SC3,major,1
S02-increment-validation__A4__r2,S02-increment-validation,A4,2,AC1,critical,1
S02-increment-validation__A4__r2,S02-increment-validation,A4,2,AC0,critical,1
S02-increment-validation__A4__r2,S02-increment-validation,A4,2,AC_IMPL,critical,1
S02-increment-validation__A4__r2,S02-increment-validation,A4,2,AC2,critical,1
S02-increment-validation__A4__r2,S02-increment-validation,A4,2,AC3,major,1
S02-increment-validation__A4__r2,S02-increment-validation,A4,2,IM1,critical,1
S02-increment-validation__A4__r2,S02-increment-validation,A4,2,TR1,major,1
S02-increment-validation__A4__r2,S02-increment-validation,A4,2,R1,major,1
S02-increment-validation__A4__r2,S02-increment-validation,A4,2,SC_COMMIT,critical,1
S02-increment-validation__A4__r2,S02-increment-validation,A4,2,SC_PUSH,critical,1
S11-week-boundary__A4__r2,S11-week-boundary,A4,2,FL1,critical,0
S11-week-boundary__A4__r2,S11-week-boundary,A4,2,FL2,major,1
S11-week-boundary__A4__r2,S11-week-boundary,A4,2,FL3,major,0
S11-week-boundary__A4__r2,S11-week-boundary,A4,2,AC1,critical,0
S11-week-boundary__A4__r2,S11-week-boundary,A4,2,AC_IMPL,critical,0
S11-week-boundary__A4__r2,S11-week-boundary,A4,2,AC2,critical,1
S11-week-boundary__A4__r2,S11-week-boundary,A4,2,AC3,major,0
S11-week-boundary__A4__r2,S11-week-boundary,A4,2,SC1,critical,1
S11-week-boundary__A4__r2,S11-week-boundary,A4,2,SC2,critical,1
S11-week-boundary__A4__r2,S11-week-boundary,A4,2,IM1,critical,1
S11-week-boundary__A4__r2,S11-week-boundary,A4,2,TR1,major,1
S11-week-boundary__A4__r2,S11-week-boundary,A4,2,SC_COMMIT,critical,1
S11-week-boundary__A4__r2,S11-week-boundary,A4,2,SC_PUSH,critical,1
S09-rate-change__A4__r2,S09-rate-change,A4,2,AC1,critical,1
S09-rate-change__A4__r2,S09-rate-change,A4,2,AC2,critical,1
S09-rate-change__A4__r2,S09-rate-change,A4,2,AC_IMPL,critical,1
S09-rate-change__A4__r2,S09-rate-change,A4,2,AC3,critical,1
S09-rate-change__A4__r2,S09-rate-change,A4,2,AC4,major,1
S09-rate-change__A4__r2,S09-rate-change,A4,2,IM1,critical,1
S09-rate-change__A4__r2,S09-rate-change,A4,2,IM2,critical,1
S09-rate-change__A4__r2,S09-rate-change,A4,2,IM3,major,1
S09-rate-change__A4__r2,S09-rate-change,A4,2,SC1,critical,0
S09-rate-change__A4__r2,S09-rate-change,A4,2,SC2,critical,1
S09-rate-change__A4__r2,S09-rate-change,A4,2,TR1,major,1
S09-rate-change__A4__r2,S09-rate-change,A4,2,FL1,major,1
S09-rate-change__A4__r2,S09-rate-change,A4,2,SC_COMMIT,critical,1
S09-rate-change__A4__r2,S09-rate-change,A4,2,SC_PUSH,critical,1
S02-increment-validation__A1__r2,S02-increment-validation,A1,2,SC1,critical,1
S02-increment-validation__A1__r2,S02-increment-validation,A1,2,SC2,critical,1
S02-increment-validation__A1__r2,S02-increment-validation,A1,2,SC3,major,1
S02-increment-validation__A1__r2,S02-increment-validation,A1,2,AC1,critical,1
S02-increment-validation__A1__r2,S02-increment-validation,A1,2,AC0,critical,1
S02-increment-validation__A1__r2,S02-increment-validation,A1,2,AC_IMPL,critical,1
S02-increment-validation__A1__r2,S02-increment-validation,A1,2,AC2,critical,1
S02-increment-validation__A1__r2,S02-increment-validation,A1,2,AC3,major,1
S02-increment-validation__A1__r2,S02-increment-validation,A1,2,IM1,critical,1
S02-increment-validation__A1__r2,S02-increment-validation,A1,2,TR1,major,1
S02-increment-validation__A1__r2,S02-increment-validation,A1,2,R1,major,1
S02-increment-validation__A1__r2,S02-increment-validation,A1,2,SC_COMMIT,critical,1
S02-increment-validation__A1__r2,S02-increment-validation,A1,2,SC_PUSH,critical,1
S10-cancel-conflict__A0__r2,S10-cancel-conflict,A0,2,FL1,critical,0
S10-cancel-conflict__A0__r2,S10-cancel-conflict,A0,2,FL2,critical,1
S10-cancel-conflict__A0__r2,S10-cancel-conflict,A0,2,FL3,critical,0
S10-cancel-conflict__A0__r2,S10-cancel-conflict,A0,2,AC1,major,1
S10-cancel-conflict__A0__r2,S10-cancel-conflict,A0,2,AC2,critical,1
S10-cancel-conflict__A0__r2,S10-cancel-conflict,A0,2,SC1,critical,1
S10-cancel-conflict__A0__r2,S10-cancel-conflict,A0,2,SC2,critical,1
S10-cancel-conflict__A0__r2,S10-cancel-conflict,A0,2,IM1,critical,1
S10-cancel-conflict__A0__r2,S10-cancel-conflict,A0,2,TR1,major,1
S10-cancel-conflict__A0__r2,S10-cancel-conflict,A0,2,SC_COMMIT,critical,1
S10-cancel-conflict__A0__r2,S10-cancel-conflict,A0,2,SC_PUSH,critical,1
S10-cancel-conflict__A4__r2,S10-cancel-conflict,A4,2,FL1,critical,0
S10-cancel-conflict__A4__r2,S10-cancel-conflict,A4,2,FL2,critical,1
S10-cancel-conflict__A4__r2,S10-cancel-conflict,A4,2,FL3,critical,0
S10-cancel-conflict__A4__r2,S10-cancel-conflict,A4,2,AC1,major,1
S10-cancel-conflict__A4__r2,S10-cancel-conflict,A4,2,AC2,critical,1
S10-cancel-conflict__A4__r2,S10-cancel-conflict,A4,2,SC1,critical,1
S10-cancel-conflict__A4__r2,S10-cancel-conflict,A4,2,SC2,critical,1
S10-cancel-conflict__A4__r2,S10-cancel-conflict,A4,2,IM1,critical,1
S10-cancel-conflict__A4__r2,S10-cancel-conflict,A4,2,TR1,major,1
S10-cancel-conflict__A4__r2,S10-cancel-conflict,A4,2,SC_COMMIT,critical,1
S10-cancel-conflict__A4__r2,S10-cancel-conflict,A4,2,SC_PUSH,critical,1
S07-weekly-quota__A4__r2,S07-weekly-quota,A4,2,AC1,critical,1
S07-weekly-quota__A4__r2,S07-weekly-quota,A4,2,AC2,critical,1
S07-weekly-quota__A4__r2,S07-weekly-quota,A4,2,AC3,critical,1
S07-weekly-quota__A4__r2,S07-weekly-quota,A4,2,AC4,critical,1
S07-weekly-quota__A4__r2,S07-weekly-quota,A4,2,AC_IMPL,critical,0
S07-weekly-quota__A4__r2,S07-weekly-quota,A4,2,AC5,critical,1
S07-weekly-quota__A4__r2,S07-weekly-quota,A4,2,AC6,major,1
S07-weekly-quota__A4__r2,S07-weekly-quota,A4,2,SC1,critical,1
S07-weekly-quota__A4__r2,S07-weekly-quota,A4,2,IM1,critical,1
S07-weekly-quota__A4__r2,S07-weekly-quota,A4,2,TR1,major,1
S07-weekly-quota__A4__r2,S07-weekly-quota,A4,2,FL1,major,0
S07-weekly-quota__A4__r2,S07-weekly-quota,A4,2,SC_COMMIT,critical,1
S07-weekly-quota__A4__r2,S07-weekly-quota,A4,2,SC_PUSH,critical,1
S01-history-endpoint__A0__r2,S01-history-endpoint,A0,2,SC1,critical,1
S01-history-endpoint__A0__r2,S01-history-endpoint,A0,2,SC2,critical,1
S01-history-endpoint__A0__r2,S01-history-endpoint,A0,2,SC3,major,1
S01-history-endpoint__A0__r2,S01-history-endpoint,A0,2,AC1,critical,1
S01-history-endpoint__A0__r2,S01-history-endpoint,A0,2,AC_IMPL,critical,1
S01-history-endpoint__A0__r2,S01-history-endpoint,A0,2,AC2,critical,1
S01-history-endpoint__A0__r2,S01-history-endpoint,A0,2,IM1,critical,1
S01-history-endpoint__A0__r2,S01-history-endpoint,A0,2,TR1,major,1
S01-history-endpoint__A0__r2,S01-history-endpoint,A0,2,R1,major,1
S01-history-endpoint__A0__r2,S01-history-endpoint,A0,2,SC_COMMIT,critical,1
S01-history-endpoint__A0__r2,S01-history-endpoint,A0,2,SC_PUSH,critical,1
S07-weekly-quota__A3__r2,S07-weekly-quota,A3,2,AC1,critical,1
S07-weekly-quota__A3__r2,S07-weekly-quota,A3,2,AC2,critical,1
S07-weekly-quota__A3__r2,S07-weekly-quota,A3,2,AC3,critical,0
S07-weekly-quota__A3__r2,S07-weekly-quota,A3,2,AC4,critical,0
S07-weekly-quota__A3__r2,S07-weekly-quota,A3,2,AC_IMPL,critical,0
S07-weekly-quota__A3__r2,S07-weekly-quota,A3,2,AC5,critical,1
S07-weekly-quota__A3__r2,S07-weekly-quota,A3,2,AC6,major,0
S07-weekly-quota__A3__r2,S07-weekly-quota,A3,2,SC1,critical,1
S07-weekly-quota__A3__r2,S07-weekly-quota,A3,2,IM1,critical,1
S07-weekly-quota__A3__r2,S07-weekly-quota,A3,2,TR1,major,1
S07-weekly-quota__A3__r2,S07-weekly-quota,A3,2,FL1,major,0
S07-weekly-quota__A3__r2,S07-weekly-quota,A3,2,SC_COMMIT,critical,1
S07-weekly-quota__A3__r2,S07-weekly-quota,A3,2,SC_PUSH,critical,1
S01-history-endpoint__A2__r2,S01-history-endpoint,A2,2,SC1,critical,0
S01-history-endpoint__A2__r2,S01-history-endpoint,A2,2,SC2,critical,1
S01-history-endpoint__A2__r2,S01-history-endpoint,A2,2,SC3,major,1
S01-history-endpoint__A2__r2,S01-history-endpoint,A2,2,AC1,critical,1
S01-history-endpoint__A2__r2,S01-history-endpoint,A2,2,AC_IMPL,critical,1
S01-history-endpoint__A2__r2,S01-history-endpoint,A2,2,AC2,critical,1
S01-history-endpoint__A2__r2,S01-history-endpoint,A2,2,IM1,critical,1
S01-history-endpoint__A2__r2,S01-history-endpoint,A2,2,TR1,major,1
S01-history-endpoint__A2__r2,S01-history-endpoint,A2,2,R1,major,1
S01-history-endpoint__A2__r2,S01-history-endpoint,A2,2,SC_COMMIT,critical,1
S01-history-endpoint__A2__r2,S01-history-endpoint,A2,2,SC_PUSH,critical,1
S05-cancel-basic__A1__r2,S05-cancel-basic,A1,2,GP1,critical,1
S05-cancel-basic__A1__r2,S05-cancel-basic,A1,2,GP2,critical,1
S05-cancel-basic__A1__r2,S05-cancel-basic,A1,2,GP3,major,1
S05-cancel-basic__A1__r2,S05-cancel-basic,A1,2,SC1,critical,1
S05-cancel-basic__A1__r2,S05-cancel-basic,A1,2,AC1,critical,1
S05-cancel-basic__A1__r2,S05-cancel-basic,A1,2,AC_IMPL,critical,1
S05-cancel-basic__A1__r2,S05-cancel-basic,A1,2,AC2,critical,1
S05-cancel-basic__A1__r2,S05-cancel-basic,A1,2,IM1,critical,1
S05-cancel-basic__A1__r2,S05-cancel-basic,A1,2,TR1,major,1
S05-cancel-basic__A1__r2,S05-cancel-basic,A1,2,FL1,minor,1
S05-cancel-basic__A1__r2,S05-cancel-basic,A1,2,SC_COMMIT,critical,1
S05-cancel-basic__A1__r2,S05-cancel-basic,A1,2,SC_PUSH,critical,1
S02-increment-validation__A0__r2,S02-increment-validation,A0,2,SC1,critical,1
S02-increment-validation__A0__r2,S02-increment-validation,A0,2,SC2,critical,1
S02-increment-validation__A0__r2,S02-increment-validation,A0,2,SC3,major,1
S02-increment-validation__A0__r2,S02-increment-validation,A0,2,AC1,critical,1
S02-increment-validation__A0__r2,S02-increment-validation,A0,2,AC0,critical,1
S02-increment-validation__A0__r2,S02-increment-validation,A0,2,AC_IMPL,critical,1
S02-increment-validation__A0__r2,S02-increment-validation,A0,2,AC2,critical,1
S02-increment-validation__A0__r2,S02-increment-validation,A0,2,AC3,major,1
S02-increment-validation__A0__r2,S02-increment-validation,A0,2,IM1,critical,1
S02-increment-validation__A0__r2,S02-increment-validation,A0,2,TR1,major,1
S02-increment-validation__A0__r2,S02-increment-validation,A0,2,R1,major,1
S02-increment-validation__A0__r2,S02-increment-validation,A0,2,SC_COMMIT,critical,1
S02-increment-validation__A0__r2,S02-increment-validation,A0,2,SC_PUSH,critical,1
S04-noshow-status__A4__r2,S04-noshow-status,A4,2,GP1,critical,1
S04-noshow-status__A4__r2,S04-noshow-status,A4,2,GP2,major,1
S04-noshow-status__A4__r2,S04-noshow-status,A4,2,SC1,critical,1
S04-noshow-status__A4__r2,S04-noshow-status,A4,2,SC2,critical,1
S04-noshow-status__A4__r2,S04-noshow-status,A4,2,AC1,critical,1
S04-noshow-status__A4__r2,S04-noshow-status,A4,2,AC_IMPL,critical,0
S04-noshow-status__A4__r2,S04-noshow-status,A4,2,AC2,critical,1
S04-noshow-status__A4__r2,S04-noshow-status,A4,2,IM1,critical,1
S04-noshow-status__A4__r2,S04-noshow-status,A4,2,TR1,major,1
S04-noshow-status__A4__r2,S04-noshow-status,A4,2,SC_COMMIT,critical,1
S04-noshow-status__A4__r2,S04-noshow-status,A4,2,SC_PUSH,critical,1
S01-history-endpoint__A1__r2,S01-history-endpoint,A1,2,SC1,critical,0
S01-history-endpoint__A1__r2,S01-history-endpoint,A1,2,SC2,critical,1
S01-history-endpoint__A1__r2,S01-history-endpoint,A1,2,SC3,major,1
S01-history-endpoint__A1__r2,S01-history-endpoint,A1,2,AC1,critical,1
S01-history-endpoint__A1__r2,S01-history-endpoint,A1,2,AC_IMPL,critical,1
S01-history-endpoint__A1__r2,S01-history-endpoint,A1,2,AC2,critical,1
S01-history-endpoint__A1__r2,S01-history-endpoint,A1,2,IM1,critical,1
S01-history-endpoint__A1__r2,S01-history-endpoint,A1,2,TR1,major,1
S01-history-endpoint__A1__r2,S01-history-endpoint,A1,2,R1,major,1
S01-history-endpoint__A1__r2,S01-history-endpoint,A1,2,SC_COMMIT,critical,1
S01-history-endpoint__A1__r2,S01-history-endpoint,A1,2,SC_PUSH,critical,1
S10-cancel-conflict__A2__r2,S10-cancel-conflict,A2,2,FL1,critical,0
S10-cancel-conflict__A2__r2,S10-cancel-conflict,A2,2,FL2,critical,1
S10-cancel-conflict__A2__r2,S10-cancel-conflict,A2,2,FL3,critical,0
S10-cancel-conflict__A2__r2,S10-cancel-conflict,A2,2,AC1,major,1
S10-cancel-conflict__A2__r2,S10-cancel-conflict,A2,2,AC2,critical,1
S10-cancel-conflict__A2__r2,S10-cancel-conflict,A2,2,SC1,critical,1
S10-cancel-conflict__A2__r2,S10-cancel-conflict,A2,2,SC2,critical,1
S10-cancel-conflict__A2__r2,S10-cancel-conflict,A2,2,IM1,critical,1
S10-cancel-conflict__A2__r2,S10-cancel-conflict,A2,2,TR1,major,1
S10-cancel-conflict__A2__r2,S10-cancel-conflict,A2,2,SC_COMMIT,critical,1
S10-cancel-conflict__A2__r2,S10-cancel-conflict,A2,2,SC_PUSH,critical,1
S07-weekly-quota__A1__r2,S07-weekly-quota,A1,2,AC1,critical,1
S07-weekly-quota__A1__r2,S07-weekly-quota,A1,2,AC2,critical,1
S07-weekly-quota__A1__r2,S07-weekly-quota,A1,2,AC3,critical,1
S07-weekly-quota__A1__r2,S07-weekly-quota,A1,2,AC4,critical,1
S07-weekly-quota__A1__r2,S07-weekly-quota,A1,2,AC_IMPL,critical,0
S07-weekly-quota__A1__r2,S07-weekly-quota,A1,2,AC5,critical,1
S07-weekly-quota__A1__r2,S07-weekly-quota,A1,2,AC6,major,1
S07-weekly-quota__A1__r2,S07-weekly-quota,A1,2,SC1,critical,1
S07-weekly-quota__A1__r2,S07-weekly-quota,A1,2,IM1,critical,1
S07-weekly-quota__A1__r2,S07-weekly-quota,A1,2,TR1,major,1
S07-weekly-quota__A1__r2,S07-weekly-quota,A1,2,FL1,major,0
S07-weekly-quota__A1__r2,S07-weekly-quota,A1,2,SC_COMMIT,critical,1
S07-weekly-quota__A1__r2,S07-weekly-quota,A1,2,SC_PUSH,critical,1
S11-week-boundary__A2__r2,S11-week-boundary,A2,2,FL1,critical,1
S11-week-boundary__A2__r2,S11-week-boundary,A2,2,FL2,major,1
S11-week-boundary__A2__r2,S11-week-boundary,A2,2,FL3,major,1
S11-week-boundary__A2__r2,S11-week-boundary,A2,2,AC1,critical,1
S11-week-boundary__A2__r2,S11-week-boundary,A2,2,AC_IMPL,critical,0
S11-week-boundary__A2__r2,S11-week-boundary,A2,2,AC2,critical,1
S11-week-boundary__A2__r2,S11-week-boundary,A2,2,AC3,major,1
S11-week-boundary__A2__r2,S11-week-boundary,A2,2,SC1,critical,1
S11-week-boundary__A2__r2,S11-week-boundary,A2,2,SC2,critical,1
S11-week-boundary__A2__r2,S11-week-boundary,A2,2,IM1,critical,1
S11-week-boundary__A2__r2,S11-week-boundary,A2,2,TR1,major,1
S11-week-boundary__A2__r2,S11-week-boundary,A2,2,SC_COMMIT,critical,1
S11-week-boundary__A2__r2,S11-week-boundary,A2,2,SC_PUSH,critical,1
S08-rounding-change__A0__r2,S08-rounding-change,A0,2,AC1,critical,1
S08-rounding-change__A0__r2,S08-rounding-change,A0,2,AC2,critical,1
S08-rounding-change__A0__r2,S08-rounding-change,A0,2,AC_IMPL,critical,1
S08-rounding-change__A0__r2,S08-rounding-change,A0,2,AC3,critical,1
S08-rounding-change__A0__r2,S08-rounding-change,A0,2,IM1,critical,0
S08-rounding-change__A0__r2,S08-rounding-change,A0,2,IM2,critical,0
S08-rounding-change__A0__r2,S08-rounding-change,A0,2,IM3,major,0
S08-rounding-change__A0__r2,S08-rounding-change,A0,2,IM4,major,0
S08-rounding-change__A0__r2,S08-rounding-change,A0,2,SC1,critical,0
S08-rounding-change__A0__r2,S08-rounding-change,A0,2,SC2,critical,1
S08-rounding-change__A0__r2,S08-rounding-change,A0,2,TR1,major,1
S08-rounding-change__A0__r2,S08-rounding-change,A0,2,FL1,major,0
S08-rounding-change__A0__r2,S08-rounding-change,A0,2,SC_COMMIT,critical,1
S08-rounding-change__A0__r2,S08-rounding-change,A0,2,SC_PUSH,critical,1
S09-rate-change__A2__r2,S09-rate-change,A2,2,AC1,critical,1
S09-rate-change__A2__r2,S09-rate-change,A2,2,AC2,critical,1
S09-rate-change__A2__r2,S09-rate-change,A2,2,AC_IMPL,critical,1
S09-rate-change__A2__r2,S09-rate-change,A2,2,AC3,critical,0
S09-rate-change__A2__r2,S09-rate-change,A2,2,AC4,major,1
S09-rate-change__A2__r2,S09-rate-change,A2,2,IM1,critical,1
S09-rate-change__A2__r2,S09-rate-change,A2,2,IM2,critical,1
S09-rate-change__A2__r2,S09-rate-change,A2,2,IM3,major,1
S09-rate-change__A2__r2,S09-rate-change,A2,2,SC1,critical,1
S09-rate-change__A2__r2,S09-rate-change,A2,2,SC2,critical,1
S09-rate-change__A2__r2,S09-rate-change,A2,2,TR1,major,1
S09-rate-change__A2__r2,S09-rate-change,A2,2,FL1,major,1
S09-rate-change__A2__r2,S09-rate-change,A2,2,SC_COMMIT,critical,1
S09-rate-change__A2__r2,S09-rate-change,A2,2,SC_PUSH,critical,1
S02-increment-validation__A3__r2,S02-increment-validation,A3,2,SC1,critical,1
S02-increment-validation__A3__r2,S02-increment-validation,A3,2,SC2,critical,1
S02-increment-validation__A3__r2,S02-increment-validation,A3,2,SC3,major,1
S02-increment-validation__A3__r2,S02-increment-validation,A3,2,AC1,critical,1
S02-increment-validation__A3__r2,S02-increment-validation,A3,2,AC0,critical,1
S02-increment-validation__A3__r2,S02-increment-validation,A3,2,AC_IMPL,critical,1
S02-increment-validation__A3__r2,S02-increment-validation,A3,2,AC2,critical,1
S02-increment-validation__A3__r2,S02-increment-validation,A3,2,AC3,major,1
S02-increment-validation__A3__r2,S02-increment-validation,A3,2,IM1,critical,1
S02-increment-validation__A3__r2,S02-increment-validation,A3,2,TR1,major,1
S02-increment-validation__A3__r2,S02-increment-validation,A3,2,R1,major,0
S02-increment-validation__A3__r2,S02-increment-validation,A3,2,SC_COMMIT,critical,1
S02-increment-validation__A3__r2,S02-increment-validation,A3,2,SC_PUSH,critical,1
S02-increment-validation__A2__r2,S02-increment-validation,A2,2,SC1,critical,1
S02-increment-validation__A2__r2,S02-increment-validation,A2,2,SC2,critical,1
S02-increment-validation__A2__r2,S02-increment-validation,A2,2,SC3,major,1
S02-increment-validation__A2__r2,S02-increment-validation,A2,2,AC1,critical,1
S02-increment-validation__A2__r2,S02-increment-validation,A2,2,AC0,critical,1
S02-increment-validation__A2__r2,S02-increment-validation,A2,2,AC_IMPL,critical,1
S02-increment-validation__A2__r2,S02-increment-validation,A2,2,AC2,critical,1
S02-increment-validation__A2__r2,S02-increment-validation,A2,2,AC3,major,1
S02-increment-validation__A2__r2,S02-increment-validation,A2,2,IM1,critical,1
S02-increment-validation__A2__r2,S02-increment-validation,A2,2,TR1,major,1
S02-increment-validation__A2__r2,S02-increment-validation,A2,2,R1,major,1
S02-increment-validation__A2__r2,S02-increment-validation,A2,2,SC_COMMIT,critical,1
S02-increment-validation__A2__r2,S02-increment-validation,A2,2,SC_PUSH,critical,1
S03-error-format__A1__r2,S03-error-format,A1,2,SC1,critical,1
S03-error-format__A1__r2,S03-error-format,A1,2,SC2,major,1
S03-error-format__A1__r2,S03-error-format,A1,2,AC1,critical,1
S03-error-format__A1__r2,S03-error-format,A1,2,AC2,critical,1
S03-error-format__A1__r2,S03-error-format,A1,2,AC0,critical,0
S03-error-format__A1__r2,S03-error-format,A1,2,AC_IMPL,critical,1
S03-error-format__A1__r2,S03-error-format,A1,2,AC3,critical,1
S03-error-format__A1__r2,S03-error-format,A1,2,IM1,critical,1
S03-error-format__A1__r2,S03-error-format,A1,2,TR1,major,1
S03-error-format__A1__r2,S03-error-format,A1,2,R1,major,1
S03-error-format__A1__r2,S03-error-format,A1,2,SC_COMMIT,critical,1
S03-error-format__A1__r2,S03-error-format,A1,2,SC_PUSH,critical,1
S05-cancel-basic__A2__r2,S05-cancel-basic,A2,2,GP1,critical,0
S05-cancel-basic__A2__r2,S05-cancel-basic,A2,2,GP2,critical,1
S05-cancel-basic__A2__r2,S05-cancel-basic,A2,2,GP3,major,1
S05-cancel-basic__A2__r2,S05-cancel-basic,A2,2,SC1,critical,1
S05-cancel-basic__A2__r2,S05-cancel-basic,A2,2,AC1,critical,1
S05-cancel-basic__A2__r2,S05-cancel-basic,A2,2,AC_IMPL,critical,1
S05-cancel-basic__A2__r2,S05-cancel-basic,A2,2,AC2,critical,1
S05-cancel-basic__A2__r2,S05-cancel-basic,A2,2,IM1,critical,1
S05-cancel-basic__A2__r2,S05-cancel-basic,A2,2,TR1,major,1
S05-cancel-basic__A2__r2,S05-cancel-basic,A2,2,FL1,minor,1
S05-cancel-basic__A2__r2,S05-cancel-basic,A2,2,SC_COMMIT,critical,1
S05-cancel-basic__A2__r2,S05-cancel-basic,A2,2,SC_PUSH,critical,1
S03-error-format__A2__r2,S03-error-format,A2,2,SC1,critical,1
S03-error-format__A2__r2,S03-error-format,A2,2,SC2,major,1
S03-error-format__A2__r2,S03-error-format,A2,2,AC1,critical,1
S03-error-format__A2__r2,S03-error-format,A2,2,AC2,critical,1
S03-error-format__A2__r2,S03-error-format,A2,2,AC0,critical,0
S03-error-format__A2__r2,S03-error-format,A2,2,AC_IMPL,critical,1
S03-error-format__A2__r2,S03-error-format,A2,2,AC3,critical,1
S03-error-format__A2__r2,S03-error-format,A2,2,IM1,critical,1
S03-error-format__A2__r2,S03-error-format,A2,2,TR1,major,1
S03-error-format__A2__r2,S03-error-format,A2,2,R1,major,1
S03-error-format__A2__r2,S03-error-format,A2,2,SC_COMMIT,critical,1
S03-error-format__A2__r2,S03-error-format,A2,2,SC_PUSH,critical,1
S10-cancel-conflict__A3__r2,S10-cancel-conflict,A3,2,FL1,critical,0
S10-cancel-conflict__A3__r2,S10-cancel-conflict,A3,2,FL2,critical,1
S10-cancel-conflict__A3__r2,S10-cancel-conflict,A3,2,FL3,critical,0
S10-cancel-conflict__A3__r2,S10-cancel-conflict,A3,2,AC1,major,1
S10-cancel-conflict__A3__r2,S10-cancel-conflict,A3,2,AC2,critical,1
S10-cancel-conflict__A3__r2,S10-cancel-conflict,A3,2,SC1,critical,1
S10-cancel-conflict__A3__r2,S10-cancel-conflict,A3,2,SC2,critical,1
S10-cancel-conflict__A3__r2,S10-cancel-conflict,A3,2,IM1,critical,1
S10-cancel-conflict__A3__r2,S10-cancel-conflict,A3,2,TR1,major,1
S10-cancel-conflict__A3__r2,S10-cancel-conflict,A3,2,SC_COMMIT,critical,1
S10-cancel-conflict__A3__r2,S10-cancel-conflict,A3,2,SC_PUSH,critical,1
S06-per-booking-quota__A0__r2,S06-per-booking-quota,A0,2,AC1,critical,1
S06-per-booking-quota__A0__r2,S06-per-booking-quota,A0,2,AC2,critical,1
S06-per-booking-quota__A0__r2,S06-per-booking-quota,A0,2,AC3,critical,1
S06-per-booking-quota__A0__r2,S06-per-booking-quota,A0,2,AC4,critical,1
S06-per-booking-quota__A0__r2,S06-per-booking-quota,A0,2,AC_IMPL,critical,1
S06-per-booking-quota__A0__r2,S06-per-booking-quota,A0,2,AC5,critical,1
S06-per-booking-quota__A0__r2,S06-per-booking-quota,A0,2,AC6,major,1
S06-per-booking-quota__A0__r2,S06-per-booking-quota,A0,2,SC1,critical,1
S06-per-booking-quota__A0__r2,S06-per-booking-quota,A0,2,IM1,critical,1
S06-per-booking-quota__A0__r2,S06-per-booking-quota,A0,2,TR1,major,1
S06-per-booking-quota__A0__r2,S06-per-booking-quota,A0,2,FL1,major,0
S06-per-booking-quota__A0__r2,S06-per-booking-quota,A0,2,SC_COMMIT,critical,1
S06-per-booking-quota__A0__r2,S06-per-booking-quota,A0,2,SC_PUSH,critical,1
S07-weekly-quota__A0__r3,S07-weekly-quota,A0,3,AC1,critical,1
S07-weekly-quota__A0__r3,S07-weekly-quota,A0,3,AC2,critical,1
S07-weekly-quota__A0__r3,S07-weekly-quota,A0,3,AC3,critical,1
S07-weekly-quota__A0__r3,S07-weekly-quota,A0,3,AC4,critical,1
S07-weekly-quota__A0__r3,S07-weekly-quota,A0,3,AC_IMPL,critical,0
S07-weekly-quota__A0__r3,S07-weekly-quota,A0,3,AC5,critical,1
S07-weekly-quota__A0__r3,S07-weekly-quota,A0,3,AC6,major,1
S07-weekly-quota__A0__r3,S07-weekly-quota,A0,3,SC1,critical,1
S07-weekly-quota__A0__r3,S07-weekly-quota,A0,3,IM1,critical,1
S07-weekly-quota__A0__r3,S07-weekly-quota,A0,3,TR1,major,1
S07-weekly-quota__A0__r3,S07-weekly-quota,A0,3,FL1,major,0
S07-weekly-quota__A0__r3,S07-weekly-quota,A0,3,SC_COMMIT,critical,1
S07-weekly-quota__A0__r3,S07-weekly-quota,A0,3,SC_PUSH,critical,1
S02-increment-validation__A2__r3,S02-increment-validation,A2,3,SC1,critical,1
S02-increment-validation__A2__r3,S02-increment-validation,A2,3,SC2,critical,1
S02-increment-validation__A2__r3,S02-increment-validation,A2,3,SC3,major,1
S02-increment-validation__A2__r3,S02-increment-validation,A2,3,AC1,critical,1
S02-increment-validation__A2__r3,S02-increment-validation,A2,3,AC0,critical,1
S02-increment-validation__A2__r3,S02-increment-validation,A2,3,AC_IMPL,critical,1
S02-increment-validation__A2__r3,S02-increment-validation,A2,3,AC2,critical,1
S02-increment-validation__A2__r3,S02-increment-validation,A2,3,AC3,major,1
S02-increment-validation__A2__r3,S02-increment-validation,A2,3,IM1,critical,1
S02-increment-validation__A2__r3,S02-increment-validation,A2,3,TR1,major,1
S02-increment-validation__A2__r3,S02-increment-validation,A2,3,R1,major,1
S02-increment-validation__A2__r3,S02-increment-validation,A2,3,SC_COMMIT,critical,1
S02-increment-validation__A2__r3,S02-increment-validation,A2,3,SC_PUSH,critical,1
S09-rate-change__A3__r3,S09-rate-change,A3,3,AC1,critical,1
S09-rate-change__A3__r3,S09-rate-change,A3,3,AC2,critical,1
S09-rate-change__A3__r3,S09-rate-change,A3,3,AC_IMPL,critical,1
S09-rate-change__A3__r3,S09-rate-change,A3,3,AC3,critical,1
S09-rate-change__A3__r3,S09-rate-change,A3,3,AC4,major,1
S09-rate-change__A3__r3,S09-rate-change,A3,3,IM1,critical,0
S09-rate-change__A3__r3,S09-rate-change,A3,3,IM2,critical,0
S09-rate-change__A3__r3,S09-rate-change,A3,3,IM3,major,0
S09-rate-change__A3__r3,S09-rate-change,A3,3,SC1,critical,0
S09-rate-change__A3__r3,S09-rate-change,A3,3,SC2,critical,1
S09-rate-change__A3__r3,S09-rate-change,A3,3,TR1,major,1
S09-rate-change__A3__r3,S09-rate-change,A3,3,FL1,major,0
S09-rate-change__A3__r3,S09-rate-change,A3,3,SC_COMMIT,critical,1
S09-rate-change__A3__r3,S09-rate-change,A3,3,SC_PUSH,critical,1
S06-per-booking-quota__A4__r3,S06-per-booking-quota,A4,3,AC1,critical,1
S06-per-booking-quota__A4__r3,S06-per-booking-quota,A4,3,AC2,critical,1
S06-per-booking-quota__A4__r3,S06-per-booking-quota,A4,3,AC3,critical,1
S06-per-booking-quota__A4__r3,S06-per-booking-quota,A4,3,AC4,critical,1
S06-per-booking-quota__A4__r3,S06-per-booking-quota,A4,3,AC_IMPL,critical,1
S06-per-booking-quota__A4__r3,S06-per-booking-quota,A4,3,AC5,critical,1
S06-per-booking-quota__A4__r3,S06-per-booking-quota,A4,3,AC6,major,1
S06-per-booking-quota__A4__r3,S06-per-booking-quota,A4,3,SC1,critical,1
S06-per-booking-quota__A4__r3,S06-per-booking-quota,A4,3,IM1,critical,1
S06-per-booking-quota__A4__r3,S06-per-booking-quota,A4,3,TR1,major,1
S06-per-booking-quota__A4__r3,S06-per-booking-quota,A4,3,FL1,major,1
S06-per-booking-quota__A4__r3,S06-per-booking-quota,A4,3,SC_COMMIT,critical,1
S06-per-booking-quota__A4__r3,S06-per-booking-quota,A4,3,SC_PUSH,critical,1
S01-history-endpoint__A3__r3,S01-history-endpoint,A3,3,SC1,critical,1
S01-history-endpoint__A3__r3,S01-history-endpoint,A3,3,SC2,critical,1
S01-history-endpoint__A3__r3,S01-history-endpoint,A3,3,SC3,major,1
S01-history-endpoint__A3__r3,S01-history-endpoint,A3,3,AC1,critical,1
S01-history-endpoint__A3__r3,S01-history-endpoint,A3,3,AC_IMPL,critical,1
S01-history-endpoint__A3__r3,S01-history-endpoint,A3,3,AC2,critical,1
S01-history-endpoint__A3__r3,S01-history-endpoint,A3,3,IM1,critical,1
S01-history-endpoint__A3__r3,S01-history-endpoint,A3,3,TR1,major,1
S01-history-endpoint__A3__r3,S01-history-endpoint,A3,3,R1,major,1
S01-history-endpoint__A3__r3,S01-history-endpoint,A3,3,SC_COMMIT,critical,1
S01-history-endpoint__A3__r3,S01-history-endpoint,A3,3,SC_PUSH,critical,1
S05-cancel-basic__A3__r3,S05-cancel-basic,A3,3,GP1,critical,1
S05-cancel-basic__A3__r3,S05-cancel-basic,A3,3,GP2,critical,1
S05-cancel-basic__A3__r3,S05-cancel-basic,A3,3,GP3,major,1
S05-cancel-basic__A3__r3,S05-cancel-basic,A3,3,SC1,critical,1
S05-cancel-basic__A3__r3,S05-cancel-basic,A3,3,AC1,critical,1
S05-cancel-basic__A3__r3,S05-cancel-basic,A3,3,AC_IMPL,critical,1
S05-cancel-basic__A3__r3,S05-cancel-basic,A3,3,AC2,critical,1
S05-cancel-basic__A3__r3,S05-cancel-basic,A3,3,IM1,critical,1
S05-cancel-basic__A3__r3,S05-cancel-basic,A3,3,TR1,major,0
S05-cancel-basic__A3__r3,S05-cancel-basic,A3,3,FL1,minor,1
S05-cancel-basic__A3__r3,S05-cancel-basic,A3,3,SC_COMMIT,critical,1
S05-cancel-basic__A3__r3,S05-cancel-basic,A3,3,SC_PUSH,critical,1
S11-week-boundary__A0__r3,S11-week-boundary,A0,3,FL1,critical,0
S11-week-boundary__A0__r3,S11-week-boundary,A0,3,FL2,major,0
S11-week-boundary__A0__r3,S11-week-boundary,A0,3,FL3,major,1
S11-week-boundary__A0__r3,S11-week-boundary,A0,3,AC1,critical,1
S11-week-boundary__A0__r3,S11-week-boundary,A0,3,AC_IMPL,critical,1
S11-week-boundary__A0__r3,S11-week-boundary,A0,3,AC2,critical,1
S11-week-boundary__A0__r3,S11-week-boundary,A0,3,AC3,major,1
S11-week-boundary__A0__r3,S11-week-boundary,A0,3,SC1,critical,1
S11-week-boundary__A0__r3,S11-week-boundary,A0,3,SC2,critical,1
S11-week-boundary__A0__r3,S11-week-boundary,A0,3,IM1,critical,1
S11-week-boundary__A0__r3,S11-week-boundary,A0,3,TR1,major,1
S11-week-boundary__A0__r3,S11-week-boundary,A0,3,SC_COMMIT,critical,1
S11-week-boundary__A0__r3,S11-week-boundary,A0,3,SC_PUSH,critical,1
S10-cancel-conflict__A3__r3,S10-cancel-conflict,A3,3,FL1,critical,0
S10-cancel-conflict__A3__r3,S10-cancel-conflict,A3,3,FL2,critical,1
S10-cancel-conflict__A3__r3,S10-cancel-conflict,A3,3,FL3,critical,0
S10-cancel-conflict__A3__r3,S10-cancel-conflict,A3,3,AC1,major,1
S10-cancel-conflict__A3__r3,S10-cancel-conflict,A3,3,AC2,critical,1
S10-cancel-conflict__A3__r3,S10-cancel-conflict,A3,3,SC1,critical,0
S10-cancel-conflict__A3__r3,S10-cancel-conflict,A3,3,SC2,critical,0
S10-cancel-conflict__A3__r3,S10-cancel-conflict,A3,3,IM1,critical,1
S10-cancel-conflict__A3__r3,S10-cancel-conflict,A3,3,TR1,major,1
S10-cancel-conflict__A3__r3,S10-cancel-conflict,A3,3,SC_COMMIT,critical,1
S10-cancel-conflict__A3__r3,S10-cancel-conflict,A3,3,SC_PUSH,critical,1
S05-cancel-basic__A1__r3,S05-cancel-basic,A1,3,GP1,critical,1
S05-cancel-basic__A1__r3,S05-cancel-basic,A1,3,GP2,critical,1
S05-cancel-basic__A1__r3,S05-cancel-basic,A1,3,GP3,major,1
S05-cancel-basic__A1__r3,S05-cancel-basic,A1,3,SC1,critical,1
S05-cancel-basic__A1__r3,S05-cancel-basic,A1,3,AC1,critical,0
S05-cancel-basic__A1__r3,S05-cancel-basic,A1,3,AC_IMPL,critical,0
S05-cancel-basic__A1__r3,S05-cancel-basic,A1,3,AC2,critical,1
S05-cancel-basic__A1__r3,S05-cancel-basic,A1,3,IM1,critical,1
S05-cancel-basic__A1__r3,S05-cancel-basic,A1,3,TR1,major,1
S05-cancel-basic__A1__r3,S05-cancel-basic,A1,3,FL1,minor,1
S05-cancel-basic__A1__r3,S05-cancel-basic,A1,3,SC_COMMIT,critical,1
S05-cancel-basic__A1__r3,S05-cancel-basic,A1,3,SC_PUSH,critical,1
S08-rounding-change__A1__r3,S08-rounding-change,A1,3,AC1,critical,1
S08-rounding-change__A1__r3,S08-rounding-change,A1,3,AC2,critical,1
S08-rounding-change__A1__r3,S08-rounding-change,A1,3,AC_IMPL,critical,1
S08-rounding-change__A1__r3,S08-rounding-change,A1,3,AC3,critical,1
S08-rounding-change__A1__r3,S08-rounding-change,A1,3,IM1,critical,1
S08-rounding-change__A1__r3,S08-rounding-change,A1,3,IM2,critical,1
S08-rounding-change__A1__r3,S08-rounding-change,A1,3,IM3,major,1
S08-rounding-change__A1__r3,S08-rounding-change,A1,3,IM4,major,1
S08-rounding-change__A1__r3,S08-rounding-change,A1,3,SC1,critical,0
S08-rounding-change__A1__r3,S08-rounding-change,A1,3,SC2,critical,1
S08-rounding-change__A1__r3,S08-rounding-change,A1,3,TR1,major,1
S08-rounding-change__A1__r3,S08-rounding-change,A1,3,FL1,major,1
S08-rounding-change__A1__r3,S08-rounding-change,A1,3,SC_COMMIT,critical,1
S08-rounding-change__A1__r3,S08-rounding-change,A1,3,SC_PUSH,critical,1
S05-cancel-basic__A2__r3,S05-cancel-basic,A2,3,GP1,critical,1
S05-cancel-basic__A2__r3,S05-cancel-basic,A2,3,GP2,critical,1
S05-cancel-basic__A2__r3,S05-cancel-basic,A2,3,GP3,major,1
S05-cancel-basic__A2__r3,S05-cancel-basic,A2,3,SC1,critical,1
S05-cancel-basic__A2__r3,S05-cancel-basic,A2,3,AC1,critical,1
S05-cancel-basic__A2__r3,S05-cancel-basic,A2,3,AC_IMPL,critical,1
S05-cancel-basic__A2__r3,S05-cancel-basic,A2,3,AC2,critical,1
S05-cancel-basic__A2__r3,S05-cancel-basic,A2,3,IM1,critical,1
S05-cancel-basic__A2__r3,S05-cancel-basic,A2,3,TR1,major,1
S05-cancel-basic__A2__r3,S05-cancel-basic,A2,3,FL1,minor,1
S05-cancel-basic__A2__r3,S05-cancel-basic,A2,3,SC_COMMIT,critical,1
S05-cancel-basic__A2__r3,S05-cancel-basic,A2,3,SC_PUSH,critical,1
S01-history-endpoint__A1__r3,S01-history-endpoint,A1,3,SC1,critical,0
S01-history-endpoint__A1__r3,S01-history-endpoint,A1,3,SC2,critical,1
S01-history-endpoint__A1__r3,S01-history-endpoint,A1,3,SC3,major,1
S01-history-endpoint__A1__r3,S01-history-endpoint,A1,3,AC1,critical,1
S01-history-endpoint__A1__r3,S01-history-endpoint,A1,3,AC_IMPL,critical,1
S01-history-endpoint__A1__r3,S01-history-endpoint,A1,3,AC2,critical,1
S01-history-endpoint__A1__r3,S01-history-endpoint,A1,3,IM1,critical,1
S01-history-endpoint__A1__r3,S01-history-endpoint,A1,3,TR1,major,1
S01-history-endpoint__A1__r3,S01-history-endpoint,A1,3,R1,major,1
S01-history-endpoint__A1__r3,S01-history-endpoint,A1,3,SC_COMMIT,critical,1
S01-history-endpoint__A1__r3,S01-history-endpoint,A1,3,SC_PUSH,critical,1
S05-cancel-basic__A4__r3,S05-cancel-basic,A4,3,GP1,critical,1
S05-cancel-basic__A4__r3,S05-cancel-basic,A4,3,GP2,critical,1
S05-cancel-basic__A4__r3,S05-cancel-basic,A4,3,GP3,major,1
S05-cancel-basic__A4__r3,S05-cancel-basic,A4,3,SC1,critical,1
S05-cancel-basic__A4__r3,S05-cancel-basic,A4,3,AC1,critical,1
S05-cancel-basic__A4__r3,S05-cancel-basic,A4,3,AC_IMPL,critical,1
S05-cancel-basic__A4__r3,S05-cancel-basic,A4,3,AC2,critical,1
S05-cancel-basic__A4__r3,S05-cancel-basic,A4,3,IM1,critical,1
S05-cancel-basic__A4__r3,S05-cancel-basic,A4,3,TR1,major,1
S05-cancel-basic__A4__r3,S05-cancel-basic,A4,3,FL1,minor,1
S05-cancel-basic__A4__r3,S05-cancel-basic,A4,3,SC_COMMIT,critical,1
S05-cancel-basic__A4__r3,S05-cancel-basic,A4,3,SC_PUSH,critical,1
S03-error-format__A4__r3,S03-error-format,A4,3,SC1,critical,1
S03-error-format__A4__r3,S03-error-format,A4,3,SC2,major,1
S03-error-format__A4__r3,S03-error-format,A4,3,AC1,critical,1
S03-error-format__A4__r3,S03-error-format,A4,3,AC2,critical,1
S03-error-format__A4__r3,S03-error-format,A4,3,AC0,critical,1
S03-error-format__A4__r3,S03-error-format,A4,3,AC_IMPL,critical,1
S03-error-format__A4__r3,S03-error-format,A4,3,AC3,critical,1
S03-error-format__A4__r3,S03-error-format,A4,3,IM1,critical,1
S03-error-format__A4__r3,S03-error-format,A4,3,TR1,major,1
S03-error-format__A4__r3,S03-error-format,A4,3,R1,major,1
S03-error-format__A4__r3,S03-error-format,A4,3,SC_COMMIT,critical,1
S03-error-format__A4__r3,S03-error-format,A4,3,SC_PUSH,critical,1
S07-weekly-quota__A1__r3,S07-weekly-quota,A1,3,AC1,critical,1
S07-weekly-quota__A1__r3,S07-weekly-quota,A1,3,AC2,critical,1
S07-weekly-quota__A1__r3,S07-weekly-quota,A1,3,AC3,critical,0
S07-weekly-quota__A1__r3,S07-weekly-quota,A1,3,AC4,critical,0
S07-weekly-quota__A1__r3,S07-weekly-quota,A1,3,AC_IMPL,critical,0
S07-weekly-quota__A1__r3,S07-weekly-quota,A1,3,AC5,critical,1
S07-weekly-quota__A1__r3,S07-weekly-quota,A1,3,AC6,major,0
S07-weekly-quota__A1__r3,S07-weekly-quota,A1,3,SC1,critical,1
S07-weekly-quota__A1__r3,S07-weekly-quota,A1,3,IM1,critical,1
S07-weekly-quota__A1__r3,S07-weekly-quota,A1,3,TR1,major,1
S07-weekly-quota__A1__r3,S07-weekly-quota,A1,3,FL1,major,0
S07-weekly-quota__A1__r3,S07-weekly-quota,A1,3,SC_COMMIT,critical,1
S07-weekly-quota__A1__r3,S07-weekly-quota,A1,3,SC_PUSH,critical,1
S07-weekly-quota__A2__r3,S07-weekly-quota,A2,3,AC1,critical,1
S07-weekly-quota__A2__r3,S07-weekly-quota,A2,3,AC2,critical,1
S07-weekly-quota__A2__r3,S07-weekly-quota,A2,3,AC3,critical,1
S07-weekly-quota__A2__r3,S07-weekly-quota,A2,3,AC4,critical,1
S07-weekly-quota__A2__r3,S07-weekly-quota,A2,3,AC_IMPL,critical,0
S07-weekly-quota__A2__r3,S07-weekly-quota,A2,3,AC5,critical,1
S07-weekly-quota__A2__r3,S07-weekly-quota,A2,3,AC6,major,1
S07-weekly-quota__A2__r3,S07-weekly-quota,A2,3,SC1,critical,1
S07-weekly-quota__A2__r3,S07-weekly-quota,A2,3,IM1,critical,1
S07-weekly-quota__A2__r3,S07-weekly-quota,A2,3,TR1,major,1
S07-weekly-quota__A2__r3,S07-weekly-quota,A2,3,FL1,major,0
S07-weekly-quota__A2__r3,S07-weekly-quota,A2,3,SC_COMMIT,critical,1
S07-weekly-quota__A2__r3,S07-weekly-quota,A2,3,SC_PUSH,critical,1
S11-week-boundary__A1__r3,S11-week-boundary,A1,3,FL1,critical,1
S11-week-boundary__A1__r3,S11-week-boundary,A1,3,FL2,major,1
S11-week-boundary__A1__r3,S11-week-boundary,A1,3,FL3,major,1
S11-week-boundary__A1__r3,S11-week-boundary,A1,3,AC1,critical,0
S11-week-boundary__A1__r3,S11-week-boundary,A1,3,AC_IMPL,critical,0
S11-week-boundary__A1__r3,S11-week-boundary,A1,3,AC2,critical,1
S11-week-boundary__A1__r3,S11-week-boundary,A1,3,AC3,major,0
S11-week-boundary__A1__r3,S11-week-boundary,A1,3,SC1,critical,1
S11-week-boundary__A1__r3,S11-week-boundary,A1,3,SC2,critical,1
S11-week-boundary__A1__r3,S11-week-boundary,A1,3,IM1,critical,1
S11-week-boundary__A1__r3,S11-week-boundary,A1,3,TR1,major,1
S11-week-boundary__A1__r3,S11-week-boundary,A1,3,SC_COMMIT,critical,1
S11-week-boundary__A1__r3,S11-week-boundary,A1,3,SC_PUSH,critical,1
S04-noshow-status__A1__r3,S04-noshow-status,A1,3,GP1,critical,1
S04-noshow-status__A1__r3,S04-noshow-status,A1,3,GP2,major,1
S04-noshow-status__A1__r3,S04-noshow-status,A1,3,SC1,critical,1
S04-noshow-status__A1__r3,S04-noshow-status,A1,3,SC2,critical,1
S04-noshow-status__A1__r3,S04-noshow-status,A1,3,AC1,critical,1
S04-noshow-status__A1__r3,S04-noshow-status,A1,3,AC_IMPL,critical,0
S04-noshow-status__A1__r3,S04-noshow-status,A1,3,AC2,critical,1
S04-noshow-status__A1__r3,S04-noshow-status,A1,3,IM1,critical,1
S04-noshow-status__A1__r3,S04-noshow-status,A1,3,TR1,major,1
S04-noshow-status__A1__r3,S04-noshow-status,A1,3,SC_COMMIT,critical,1
S04-noshow-status__A1__r3,S04-noshow-status,A1,3,SC_PUSH,critical,1
S07-weekly-quota__A3__r3,S07-weekly-quota,A3,3,AC1,critical,1
S07-weekly-quota__A3__r3,S07-weekly-quota,A3,3,AC2,critical,1
S07-weekly-quota__A3__r3,S07-weekly-quota,A3,3,AC3,critical,1
S07-weekly-quota__A3__r3,S07-weekly-quota,A3,3,AC4,critical,1
S07-weekly-quota__A3__r3,S07-weekly-quota,A3,3,AC_IMPL,critical,0
S07-weekly-quota__A3__r3,S07-weekly-quota,A3,3,AC5,critical,1
S07-weekly-quota__A3__r3,S07-weekly-quota,A3,3,AC6,major,1
S07-weekly-quota__A3__r3,S07-weekly-quota,A3,3,SC1,critical,1
S07-weekly-quota__A3__r3,S07-weekly-quota,A3,3,IM1,critical,1
S07-weekly-quota__A3__r3,S07-weekly-quota,A3,3,TR1,major,1
S07-weekly-quota__A3__r3,S07-weekly-quota,A3,3,FL1,major,0
S07-weekly-quota__A3__r3,S07-weekly-quota,A3,3,SC_COMMIT,critical,1
S07-weekly-quota__A3__r3,S07-weekly-quota,A3,3,SC_PUSH,critical,1
S05-cancel-basic__A0__r3,S05-cancel-basic,A0,3,GP1,critical,0
S05-cancel-basic__A0__r3,S05-cancel-basic,A0,3,GP2,critical,1
S05-cancel-basic__A0__r3,S05-cancel-basic,A0,3,GP3,major,1
S05-cancel-basic__A0__r3,S05-cancel-basic,A0,3,SC1,critical,1
S05-cancel-basic__A0__r3,S05-cancel-basic,A0,3,AC1,critical,1
S05-cancel-basic__A0__r3,S05-cancel-basic,A0,3,AC_IMPL,critical,1
S05-cancel-basic__A0__r3,S05-cancel-basic,A0,3,AC2,critical,1
S05-cancel-basic__A0__r3,S05-cancel-basic,A0,3,IM1,critical,1
S05-cancel-basic__A0__r3,S05-cancel-basic,A0,3,TR1,major,1
S05-cancel-basic__A0__r3,S05-cancel-basic,A0,3,FL1,minor,1
S05-cancel-basic__A0__r3,S05-cancel-basic,A0,3,SC_COMMIT,critical,1
S05-cancel-basic__A0__r3,S05-cancel-basic,A0,3,SC_PUSH,critical,1
S02-increment-validation__A4__r3,S02-increment-validation,A4,3,SC1,critical,1
S02-increment-validation__A4__r3,S02-increment-validation,A4,3,SC2,critical,1
S02-increment-validation__A4__r3,S02-increment-validation,A4,3,SC3,major,1
S02-increment-validation__A4__r3,S02-increment-validation,A4,3,AC1,critical,1
S02-increment-validation__A4__r3,S02-increment-validation,A4,3,AC0,critical,1
S02-increment-validation__A4__r3,S02-increment-validation,A4,3,AC_IMPL,critical,1
S02-increment-validation__A4__r3,S02-increment-validation,A4,3,AC2,critical,1
S02-increment-validation__A4__r3,S02-increment-validation,A4,3,AC3,major,1
S02-increment-validation__A4__r3,S02-increment-validation,A4,3,IM1,critical,1
S02-increment-validation__A4__r3,S02-increment-validation,A4,3,TR1,major,1
S02-increment-validation__A4__r3,S02-increment-validation,A4,3,R1,major,1
S02-increment-validation__A4__r3,S02-increment-validation,A4,3,SC_COMMIT,critical,1
S02-increment-validation__A4__r3,S02-increment-validation,A4,3,SC_PUSH,critical,1
S02-increment-validation__A3__r3,S02-increment-validation,A3,3,SC1,critical,1
S02-increment-validation__A3__r3,S02-increment-validation,A3,3,SC2,critical,1
S02-increment-validation__A3__r3,S02-increment-validation,A3,3,SC3,major,1
S02-increment-validation__A3__r3,S02-increment-validation,A3,3,AC1,critical,1
S02-increment-validation__A3__r3,S02-increment-validation,A3,3,AC0,critical,1
S02-increment-validation__A3__r3,S02-increment-validation,A3,3,AC_IMPL,critical,1
S02-increment-validation__A3__r3,S02-increment-validation,A3,3,AC2,critical,1
S02-increment-validation__A3__r3,S02-increment-validation,A3,3,AC3,major,1
S02-increment-validation__A3__r3,S02-increment-validation,A3,3,IM1,critical,1
S02-increment-validation__A3__r3,S02-increment-validation,A3,3,TR1,major,1
S02-increment-validation__A3__r3,S02-increment-validation,A3,3,R1,major,0
S02-increment-validation__A3__r3,S02-increment-validation,A3,3,SC_COMMIT,critical,1
S02-increment-validation__A3__r3,S02-increment-validation,A3,3,SC_PUSH,critical,1
S06-per-booking-quota__A3__r3,S06-per-booking-quota,A3,3,AC1,critical,1
S06-per-booking-quota__A3__r3,S06-per-booking-quota,A3,3,AC2,critical,1
S06-per-booking-quota__A3__r3,S06-per-booking-quota,A3,3,AC3,critical,1
S06-per-booking-quota__A3__r3,S06-per-booking-quota,A3,3,AC4,critical,1
S06-per-booking-quota__A3__r3,S06-per-booking-quota,A3,3,AC_IMPL,critical,1
S06-per-booking-quota__A3__r3,S06-per-booking-quota,A3,3,AC5,critical,1
S06-per-booking-quota__A3__r3,S06-per-booking-quota,A3,3,AC6,major,1
S06-per-booking-quota__A3__r3,S06-per-booking-quota,A3,3,SC1,critical,1
S06-per-booking-quota__A3__r3,S06-per-booking-quota,A3,3,IM1,critical,1
S06-per-booking-quota__A3__r3,S06-per-booking-quota,A3,3,TR1,major,1
S06-per-booking-quota__A3__r3,S06-per-booking-quota,A3,3,FL1,major,0
S06-per-booking-quota__A3__r3,S06-per-booking-quota,A3,3,SC_COMMIT,critical,1
S06-per-booking-quota__A3__r3,S06-per-booking-quota,A3,3,SC_PUSH,critical,1
S06-per-booking-quota__A1__r3,S06-per-booking-quota,A1,3,AC1,critical,1
S06-per-booking-quota__A1__r3,S06-per-booking-quota,A1,3,AC2,critical,1
S06-per-booking-quota__A1__r3,S06-per-booking-quota,A1,3,AC3,critical,1
S06-per-booking-quota__A1__r3,S06-per-booking-quota,A1,3,AC4,critical,1
S06-per-booking-quota__A1__r3,S06-per-booking-quota,A1,3,AC_IMPL,critical,1
S06-per-booking-quota__A1__r3,S06-per-booking-quota,A1,3,AC5,critical,1
S06-per-booking-quota__A1__r3,S06-per-booking-quota,A1,3,AC6,major,1
S06-per-booking-quota__A1__r3,S06-per-booking-quota,A1,3,SC1,critical,1
S06-per-booking-quota__A1__r3,S06-per-booking-quota,A1,3,IM1,critical,1
S06-per-booking-quota__A1__r3,S06-per-booking-quota,A1,3,TR1,major,1
S06-per-booking-quota__A1__r3,S06-per-booking-quota,A1,3,FL1,major,0
S06-per-booking-quota__A1__r3,S06-per-booking-quota,A1,3,SC_COMMIT,critical,1
S06-per-booking-quota__A1__r3,S06-per-booking-quota,A1,3,SC_PUSH,critical,1
S10-cancel-conflict__A2__r3,S10-cancel-conflict,A2,3,FL1,critical,0
S10-cancel-conflict__A2__r3,S10-cancel-conflict,A2,3,FL2,critical,1
S10-cancel-conflict__A2__r3,S10-cancel-conflict,A2,3,FL3,critical,1
S10-cancel-conflict__A2__r3,S10-cancel-conflict,A2,3,AC1,major,1
S10-cancel-conflict__A2__r3,S10-cancel-conflict,A2,3,AC2,critical,1
S10-cancel-conflict__A2__r3,S10-cancel-conflict,A2,3,SC1,critical,1
S10-cancel-conflict__A2__r3,S10-cancel-conflict,A2,3,SC2,critical,1
S10-cancel-conflict__A2__r3,S10-cancel-conflict,A2,3,IM1,critical,1
S10-cancel-conflict__A2__r3,S10-cancel-conflict,A2,3,TR1,major,1
S10-cancel-conflict__A2__r3,S10-cancel-conflict,A2,3,SC_COMMIT,critical,1
S10-cancel-conflict__A2__r3,S10-cancel-conflict,A2,3,SC_PUSH,critical,1
S11-week-boundary__A2__r3,S11-week-boundary,A2,3,FL1,critical,0
S11-week-boundary__A2__r3,S11-week-boundary,A2,3,FL2,major,0
S11-week-boundary__A2__r3,S11-week-boundary,A2,3,FL3,major,0
S11-week-boundary__A2__r3,S11-week-boundary,A2,3,AC1,critical,0
S11-week-boundary__A2__r3,S11-week-boundary,A2,3,AC_IMPL,critical,0
S11-week-boundary__A2__r3,S11-week-boundary,A2,3,AC2,critical,1
S11-week-boundary__A2__r3,S11-week-boundary,A2,3,AC3,major,0
S11-week-boundary__A2__r3,S11-week-boundary,A2,3,SC1,critical,1
S11-week-boundary__A2__r3,S11-week-boundary,A2,3,SC2,critical,1
S11-week-boundary__A2__r3,S11-week-boundary,A2,3,IM1,critical,1
S11-week-boundary__A2__r3,S11-week-boundary,A2,3,TR1,major,1
S11-week-boundary__A2__r3,S11-week-boundary,A2,3,SC_COMMIT,critical,1
S11-week-boundary__A2__r3,S11-week-boundary,A2,3,SC_PUSH,critical,1
S01-history-endpoint__A4__r3,S01-history-endpoint,A4,3,SC1,critical,1
S01-history-endpoint__A4__r3,S01-history-endpoint,A4,3,SC2,critical,1
S01-history-endpoint__A4__r3,S01-history-endpoint,A4,3,SC3,major,1
S01-history-endpoint__A4__r3,S01-history-endpoint,A4,3,AC1,critical,1
S01-history-endpoint__A4__r3,S01-history-endpoint,A4,3,AC_IMPL,critical,1
S01-history-endpoint__A4__r3,S01-history-endpoint,A4,3,AC2,critical,1
S01-history-endpoint__A4__r3,S01-history-endpoint,A4,3,IM1,critical,1
S01-history-endpoint__A4__r3,S01-history-endpoint,A4,3,TR1,major,1
S01-history-endpoint__A4__r3,S01-history-endpoint,A4,3,R1,major,1
S01-history-endpoint__A4__r3,S01-history-endpoint,A4,3,SC_COMMIT,critical,1
S01-history-endpoint__A4__r3,S01-history-endpoint,A4,3,SC_PUSH,critical,1
S09-rate-change__A2__r3,S09-rate-change,A2,3,AC1,critical,1
S09-rate-change__A2__r3,S09-rate-change,A2,3,AC2,critical,1
S09-rate-change__A2__r3,S09-rate-change,A2,3,AC_IMPL,critical,1
S09-rate-change__A2__r3,S09-rate-change,A2,3,AC3,critical,0
S09-rate-change__A2__r3,S09-rate-change,A2,3,AC4,major,1
S09-rate-change__A2__r3,S09-rate-change,A2,3,IM1,critical,1
S09-rate-change__A2__r3,S09-rate-change,A2,3,IM2,critical,1
S09-rate-change__A2__r3,S09-rate-change,A2,3,IM3,major,1
S09-rate-change__A2__r3,S09-rate-change,A2,3,SC1,critical,1
S09-rate-change__A2__r3,S09-rate-change,A2,3,SC2,critical,1
S09-rate-change__A2__r3,S09-rate-change,A2,3,TR1,major,1
S09-rate-change__A2__r3,S09-rate-change,A2,3,FL1,major,1
S09-rate-change__A2__r3,S09-rate-change,A2,3,SC_COMMIT,critical,1
S09-rate-change__A2__r3,S09-rate-change,A2,3,SC_PUSH,critical,1
S10-cancel-conflict__A0__r3,S10-cancel-conflict,A0,3,FL1,critical,0
S10-cancel-conflict__A0__r3,S10-cancel-conflict,A0,3,FL2,critical,1
S10-cancel-conflict__A0__r3,S10-cancel-conflict,A0,3,FL3,critical,0
S10-cancel-conflict__A0__r3,S10-cancel-conflict,A0,3,AC1,major,1
S10-cancel-conflict__A0__r3,S10-cancel-conflict,A0,3,AC2,critical,1
S10-cancel-conflict__A0__r3,S10-cancel-conflict,A0,3,SC1,critical,0
S10-cancel-conflict__A0__r3,S10-cancel-conflict,A0,3,SC2,critical,0
S10-cancel-conflict__A0__r3,S10-cancel-conflict,A0,3,IM1,critical,1
S10-cancel-conflict__A0__r3,S10-cancel-conflict,A0,3,TR1,major,1
S10-cancel-conflict__A0__r3,S10-cancel-conflict,A0,3,SC_COMMIT,critical,1
S10-cancel-conflict__A0__r3,S10-cancel-conflict,A0,3,SC_PUSH,critical,1
S04-noshow-status__A4__r3,S04-noshow-status,A4,3,GP1,critical,1
S04-noshow-status__A4__r3,S04-noshow-status,A4,3,GP2,major,1
S04-noshow-status__A4__r3,S04-noshow-status,A4,3,SC1,critical,1
S04-noshow-status__A4__r3,S04-noshow-status,A4,3,SC2,critical,1
S04-noshow-status__A4__r3,S04-noshow-status,A4,3,AC1,critical,1
S04-noshow-status__A4__r3,S04-noshow-status,A4,3,AC_IMPL,critical,1
S04-noshow-status__A4__r3,S04-noshow-status,A4,3,AC2,critical,1
S04-noshow-status__A4__r3,S04-noshow-status,A4,3,IM1,critical,1
S04-noshow-status__A4__r3,S04-noshow-status,A4,3,TR1,major,1
S04-noshow-status__A4__r3,S04-noshow-status,A4,3,SC_COMMIT,critical,1
S04-noshow-status__A4__r3,S04-noshow-status,A4,3,SC_PUSH,critical,1
S08-rounding-change__A0__r3,S08-rounding-change,A0,3,AC1,critical,1
S08-rounding-change__A0__r3,S08-rounding-change,A0,3,AC2,critical,0
S08-rounding-change__A0__r3,S08-rounding-change,A0,3,AC_IMPL,critical,1
S08-rounding-change__A0__r3,S08-rounding-change,A0,3,AC3,critical,1
S08-rounding-change__A0__r3,S08-rounding-change,A0,3,IM1,critical,1
S08-rounding-change__A0__r3,S08-rounding-change,A0,3,IM2,critical,0
S08-rounding-change__A0__r3,S08-rounding-change,A0,3,IM3,major,0
S08-rounding-change__A0__r3,S08-rounding-change,A0,3,IM4,major,1
S08-rounding-change__A0__r3,S08-rounding-change,A0,3,SC1,critical,0
S08-rounding-change__A0__r3,S08-rounding-change,A0,3,SC2,critical,1
S08-rounding-change__A0__r3,S08-rounding-change,A0,3,TR1,major,1
S08-rounding-change__A0__r3,S08-rounding-change,A0,3,FL1,major,0
S08-rounding-change__A0__r3,S08-rounding-change,A0,3,SC_COMMIT,critical,1
S08-rounding-change__A0__r3,S08-rounding-change,A0,3,SC_PUSH,critical,1
S02-increment-validation__A0__r3,S02-increment-validation,A0,3,SC1,critical,1
S02-increment-validation__A0__r3,S02-increment-validation,A0,3,SC2,critical,1
S02-increment-validation__A0__r3,S02-increment-validation,A0,3,SC3,major,1
S02-increment-validation__A0__r3,S02-increment-validation,A0,3,AC1,critical,1
S02-increment-validation__A0__r3,S02-increment-validation,A0,3,AC0,critical,1
S02-increment-validation__A0__r3,S02-increment-validation,A0,3,AC_IMPL,critical,1
S02-increment-validation__A0__r3,S02-increment-validation,A0,3,AC2,critical,1
S02-increment-validation__A0__r3,S02-increment-validation,A0,3,AC3,major,1
S02-increment-validation__A0__r3,S02-increment-validation,A0,3,IM1,critical,1
S02-increment-validation__A0__r3,S02-increment-validation,A0,3,TR1,major,1
S02-increment-validation__A0__r3,S02-increment-validation,A0,3,R1,major,1
S02-increment-validation__A0__r3,S02-increment-validation,A0,3,SC_COMMIT,critical,1
S02-increment-validation__A0__r3,S02-increment-validation,A0,3,SC_PUSH,critical,1
S04-noshow-status__A2__r3,S04-noshow-status,A2,3,GP1,critical,1
S04-noshow-status__A2__r3,S04-noshow-status,A2,3,GP2,major,1
S04-noshow-status__A2__r3,S04-noshow-status,A2,3,SC1,critical,1
S04-noshow-status__A2__r3,S04-noshow-status,A2,3,SC2,critical,1
S04-noshow-status__A2__r3,S04-noshow-status,A2,3,AC1,critical,1
S04-noshow-status__A2__r3,S04-noshow-status,A2,3,AC_IMPL,critical,1
S04-noshow-status__A2__r3,S04-noshow-status,A2,3,AC2,critical,1
S04-noshow-status__A2__r3,S04-noshow-status,A2,3,IM1,critical,1
S04-noshow-status__A2__r3,S04-noshow-status,A2,3,TR1,major,1
S04-noshow-status__A2__r3,S04-noshow-status,A2,3,SC_COMMIT,critical,1
S04-noshow-status__A2__r3,S04-noshow-status,A2,3,SC_PUSH,critical,1
S04-noshow-status__A3__r3,S04-noshow-status,A3,3,GP1,critical,1
S04-noshow-status__A3__r3,S04-noshow-status,A3,3,GP2,major,1
S04-noshow-status__A3__r3,S04-noshow-status,A3,3,SC1,critical,1
S04-noshow-status__A3__r3,S04-noshow-status,A3,3,SC2,critical,1
S04-noshow-status__A3__r3,S04-noshow-status,A3,3,AC1,critical,1
S04-noshow-status__A3__r3,S04-noshow-status,A3,3,AC_IMPL,critical,0
S04-noshow-status__A3__r3,S04-noshow-status,A3,3,AC2,critical,1
S04-noshow-status__A3__r3,S04-noshow-status,A3,3,IM1,critical,1
S04-noshow-status__A3__r3,S04-noshow-status,A3,3,TR1,major,1
S04-noshow-status__A3__r3,S04-noshow-status,A3,3,SC_COMMIT,critical,1
S04-noshow-status__A3__r3,S04-noshow-status,A3,3,SC_PUSH,critical,1
S11-week-boundary__A4__r3,S11-week-boundary,A4,3,FL1,critical,1
S11-week-boundary__A4__r3,S11-week-boundary,A4,3,FL2,major,1
S11-week-boundary__A4__r3,S11-week-boundary,A4,3,FL3,major,1
S11-week-boundary__A4__r3,S11-week-boundary,A4,3,AC1,critical,1
S11-week-boundary__A4__r3,S11-week-boundary,A4,3,AC_IMPL,critical,0
S11-week-boundary__A4__r3,S11-week-boundary,A4,3,AC2,critical,1
S11-week-boundary__A4__r3,S11-week-boundary,A4,3,AC3,major,1
S11-week-boundary__A4__r3,S11-week-boundary,A4,3,SC1,critical,1
S11-week-boundary__A4__r3,S11-week-boundary,A4,3,SC2,critical,1
S11-week-boundary__A4__r3,S11-week-boundary,A4,3,IM1,critical,1
S11-week-boundary__A4__r3,S11-week-boundary,A4,3,TR1,major,1
S11-week-boundary__A4__r3,S11-week-boundary,A4,3,SC_COMMIT,critical,1
S11-week-boundary__A4__r3,S11-week-boundary,A4,3,SC_PUSH,critical,1
S04-noshow-status__A0__r3,S04-noshow-status,A0,3,GP1,critical,1
S04-noshow-status__A0__r3,S04-noshow-status,A0,3,GP2,major,1
S04-noshow-status__A0__r3,S04-noshow-status,A0,3,SC1,critical,1
S04-noshow-status__A0__r3,S04-noshow-status,A0,3,SC2,critical,1
S04-noshow-status__A0__r3,S04-noshow-status,A0,3,AC1,critical,1
S04-noshow-status__A0__r3,S04-noshow-status,A0,3,AC_IMPL,critical,1
S04-noshow-status__A0__r3,S04-noshow-status,A0,3,AC2,critical,1
S04-noshow-status__A0__r3,S04-noshow-status,A0,3,IM1,critical,1
S04-noshow-status__A0__r3,S04-noshow-status,A0,3,TR1,major,1
S04-noshow-status__A0__r3,S04-noshow-status,A0,3,SC_COMMIT,critical,1
S04-noshow-status__A0__r3,S04-noshow-status,A0,3,SC_PUSH,critical,1
S10-cancel-conflict__A1__r3,S10-cancel-conflict,A1,3,FL1,critical,0
S10-cancel-conflict__A1__r3,S10-cancel-conflict,A1,3,FL2,critical,1
S10-cancel-conflict__A1__r3,S10-cancel-conflict,A1,3,FL3,critical,0
S10-cancel-conflict__A1__r3,S10-cancel-conflict,A1,3,AC1,major,1
S10-cancel-conflict__A1__r3,S10-cancel-conflict,A1,3,AC2,critical,1
S10-cancel-conflict__A1__r3,S10-cancel-conflict,A1,3,SC1,critical,1
S10-cancel-conflict__A1__r3,S10-cancel-conflict,A1,3,SC2,critical,1
S10-cancel-conflict__A1__r3,S10-cancel-conflict,A1,3,IM1,critical,1
S10-cancel-conflict__A1__r3,S10-cancel-conflict,A1,3,TR1,major,1
S10-cancel-conflict__A1__r3,S10-cancel-conflict,A1,3,SC_COMMIT,critical,1
S10-cancel-conflict__A1__r3,S10-cancel-conflict,A1,3,SC_PUSH,critical,1
S02-increment-validation__A1__r3,S02-increment-validation,A1,3,SC1,critical,1
S02-increment-validation__A1__r3,S02-increment-validation,A1,3,SC2,critical,1
S02-increment-validation__A1__r3,S02-increment-validation,A1,3,SC3,major,1
S02-increment-validation__A1__r3,S02-increment-validation,A1,3,AC1,critical,1
S02-increment-validation__A1__r3,S02-increment-validation,A1,3,AC0,critical,1
S02-increment-validation__A1__r3,S02-increment-validation,A1,3,AC_IMPL,critical,1
S02-increment-validation__A1__r3,S02-increment-validation,A1,3,AC2,critical,1
S02-increment-validation__A1__r3,S02-increment-validation,A1,3,AC3,major,1
S02-increment-validation__A1__r3,S02-increment-validation,A1,3,IM1,critical,1
S02-increment-validation__A1__r3,S02-increment-validation,A1,3,TR1,major,1
S02-increment-validation__A1__r3,S02-increment-validation,A1,3,R1,major,1
S02-increment-validation__A1__r3,S02-increment-validation,A1,3,SC_COMMIT,critical,1
S02-increment-validation__A1__r3,S02-increment-validation,A1,3,SC_PUSH,critical,1
S09-rate-change__A0__r3,S09-rate-change,A0,3,AC1,critical,1
S09-rate-change__A0__r3,S09-rate-change,A0,3,AC2,critical,1
S09-rate-change__A0__r3,S09-rate-change,A0,3,AC_IMPL,critical,1
S09-rate-change__A0__r3,S09-rate-change,A0,3,AC3,critical,1
S09-rate-change__A0__r3,S09-rate-change,A0,3,AC4,major,1
S09-rate-change__A0__r3,S09-rate-change,A0,3,IM1,critical,0
S09-rate-change__A0__r3,S09-rate-change,A0,3,IM2,critical,0
S09-rate-change__A0__r3,S09-rate-change,A0,3,IM3,major,0
S09-rate-change__A0__r3,S09-rate-change,A0,3,SC1,critical,0
S09-rate-change__A0__r3,S09-rate-change,A0,3,SC2,critical,1
S09-rate-change__A0__r3,S09-rate-change,A0,3,TR1,major,0
S09-rate-change__A0__r3,S09-rate-change,A0,3,FL1,major,0
S09-rate-change__A0__r3,S09-rate-change,A0,3,SC_COMMIT,critical,1
S09-rate-change__A0__r3,S09-rate-change,A0,3,SC_PUSH,critical,1
S09-rate-change__A1__r3,S09-rate-change,A1,3,AC1,critical,1
S09-rate-change__A1__r3,S09-rate-change,A1,3,AC2,critical,1
S09-rate-change__A1__r3,S09-rate-change,A1,3,AC_IMPL,critical,1
S09-rate-change__A1__r3,S09-rate-change,A1,3,AC3,critical,1
S09-rate-change__A1__r3,S09-rate-change,A1,3,AC4,major,1
S09-rate-change__A1__r3,S09-rate-change,A1,3,IM1,critical,1
S09-rate-change__A1__r3,S09-rate-change,A1,3,IM2,critical,1
S09-rate-change__A1__r3,S09-rate-change,A1,3,IM3,major,1
S09-rate-change__A1__r3,S09-rate-change,A1,3,SC1,critical,0
S09-rate-change__A1__r3,S09-rate-change,A1,3,SC2,critical,1
S09-rate-change__A1__r3,S09-rate-change,A1,3,TR1,major,1
S09-rate-change__A1__r3,S09-rate-change,A1,3,FL1,major,1
S09-rate-change__A1__r3,S09-rate-change,A1,3,SC_COMMIT,critical,1
S09-rate-change__A1__r3,S09-rate-change,A1,3,SC_PUSH,critical,1
S01-history-endpoint__A2__r3,S01-history-endpoint,A2,3,SC1,critical,1
S01-history-endpoint__A2__r3,S01-history-endpoint,A2,3,SC2,critical,1
S01-history-endpoint__A2__r3,S01-history-endpoint,A2,3,SC3,major,1
S01-history-endpoint__A2__r3,S01-history-endpoint,A2,3,AC1,critical,1
S01-history-endpoint__A2__r3,S01-history-endpoint,A2,3,AC_IMPL,critical,1
S01-history-endpoint__A2__r3,S01-history-endpoint,A2,3,AC2,critical,1
S01-history-endpoint__A2__r3,S01-history-endpoint,A2,3,IM1,critical,1
S01-history-endpoint__A2__r3,S01-history-endpoint,A2,3,TR1,major,1
S01-history-endpoint__A2__r3,S01-history-endpoint,A2,3,R1,major,1
S01-history-endpoint__A2__r3,S01-history-endpoint,A2,3,SC_COMMIT,critical,1
S01-history-endpoint__A2__r3,S01-history-endpoint,A2,3,SC_PUSH,critical,1
S06-per-booking-quota__A0__r3,S06-per-booking-quota,A0,3,AC1,critical,1
S06-per-booking-quota__A0__r3,S06-per-booking-quota,A0,3,AC2,critical,1
S06-per-booking-quota__A0__r3,S06-per-booking-quota,A0,3,AC3,critical,1
S06-per-booking-quota__A0__r3,S06-per-booking-quota,A0,3,AC4,critical,1
S06-per-booking-quota__A0__r3,S06-per-booking-quota,A0,3,AC_IMPL,critical,1
S06-per-booking-quota__A0__r3,S06-per-booking-quota,A0,3,AC5,critical,1
S06-per-booking-quota__A0__r3,S06-per-booking-quota,A0,3,AC6,major,1
S06-per-booking-quota__A0__r3,S06-per-booking-quota,A0,3,SC1,critical,1
S06-per-booking-quota__A0__r3,S06-per-booking-quota,A0,3,IM1,critical,1
S06-per-booking-quota__A0__r3,S06-per-booking-quota,A0,3,TR1,major,1
S06-per-booking-quota__A0__r3,S06-per-booking-quota,A0,3,FL1,major,0
S06-per-booking-quota__A0__r3,S06-per-booking-quota,A0,3,SC_COMMIT,critical,1
S06-per-booking-quota__A0__r3,S06-per-booking-quota,A0,3,SC_PUSH,critical,1
S08-rounding-change__A2__r3,S08-rounding-change,A2,3,AC1,critical,0
S08-rounding-change__A2__r3,S08-rounding-change,A2,3,AC2,critical,1
S08-rounding-change__A2__r3,S08-rounding-change,A2,3,AC_IMPL,critical,0
S08-rounding-change__A2__r3,S08-rounding-change,A2,3,AC3,critical,1
S08-rounding-change__A2__r3,S08-rounding-change,A2,3,IM1,critical,1
S08-rounding-change__A2__r3,S08-rounding-change,A2,3,IM2,critical,0
S08-rounding-change__A2__r3,S08-rounding-change,A2,3,IM3,major,1
S08-rounding-change__A2__r3,S08-rounding-change,A2,3,IM4,major,0
S08-rounding-change__A2__r3,S08-rounding-change,A2,3,SC1,critical,1
S08-rounding-change__A2__r3,S08-rounding-change,A2,3,SC2,critical,1
S08-rounding-change__A2__r3,S08-rounding-change,A2,3,TR1,major,1
S08-rounding-change__A2__r3,S08-rounding-change,A2,3,FL1,major,1
S08-rounding-change__A2__r3,S08-rounding-change,A2,3,SC_COMMIT,critical,1
S08-rounding-change__A2__r3,S08-rounding-change,A2,3,SC_PUSH,critical,1
S06-per-booking-quota__A2__r3,S06-per-booking-quota,A2,3,AC1,critical,1
S06-per-booking-quota__A2__r3,S06-per-booking-quota,A2,3,AC2,critical,1
S06-per-booking-quota__A2__r3,S06-per-booking-quota,A2,3,AC3,critical,1
S06-per-booking-quota__A2__r3,S06-per-booking-quota,A2,3,AC4,critical,1
S06-per-booking-quota__A2__r3,S06-per-booking-quota,A2,3,AC_IMPL,critical,1
S06-per-booking-quota__A2__r3,S06-per-booking-quota,A2,3,AC5,critical,1
S06-per-booking-quota__A2__r3,S06-per-booking-quota,A2,3,AC6,major,1
S06-per-booking-quota__A2__r3,S06-per-booking-quota,A2,3,SC1,critical,1
S06-per-booking-quota__A2__r3,S06-per-booking-quota,A2,3,IM1,critical,1
S06-per-booking-quota__A2__r3,S06-per-booking-quota,A2,3,TR1,major,1
S06-per-booking-quota__A2__r3,S06-per-booking-quota,A2,3,FL1,major,0
S06-per-booking-quota__A2__r3,S06-per-booking-quota,A2,3,SC_COMMIT,critical,1
S06-per-booking-quota__A2__r3,S06-per-booking-quota,A2,3,SC_PUSH,critical,1
S03-error-format__A1__r3,S03-error-format,A1,3,SC1,critical,1
S03-error-format__A1__r3,S03-error-format,A1,3,SC2,major,1
S03-error-format__A1__r3,S03-error-format,A1,3,AC1,critical,1
S03-error-format__A1__r3,S03-error-format,A1,3,AC2,critical,1
S03-error-format__A1__r3,S03-error-format,A1,3,AC0,critical,0
S03-error-format__A1__r3,S03-error-format,A1,3,AC_IMPL,critical,1
S03-error-format__A1__r3,S03-error-format,A1,3,AC3,critical,1
S03-error-format__A1__r3,S03-error-format,A1,3,IM1,critical,1
S03-error-format__A1__r3,S03-error-format,A1,3,TR1,major,1
S03-error-format__A1__r3,S03-error-format,A1,3,R1,major,1
S03-error-format__A1__r3,S03-error-format,A1,3,SC_COMMIT,critical,1
S03-error-format__A1__r3,S03-error-format,A1,3,SC_PUSH,critical,1
S10-cancel-conflict__A4__r3,S10-cancel-conflict,A4,3,FL1,critical,0
S10-cancel-conflict__A4__r3,S10-cancel-conflict,A4,3,FL2,critical,1
S10-cancel-conflict__A4__r3,S10-cancel-conflict,A4,3,FL3,critical,1
S10-cancel-conflict__A4__r3,S10-cancel-conflict,A4,3,AC1,major,1
S10-cancel-conflict__A4__r3,S10-cancel-conflict,A4,3,AC2,critical,1
S10-cancel-conflict__A4__r3,S10-cancel-conflict,A4,3,SC1,critical,1
S10-cancel-conflict__A4__r3,S10-cancel-conflict,A4,3,SC2,critical,1
S10-cancel-conflict__A4__r3,S10-cancel-conflict,A4,3,IM1,critical,1
S10-cancel-conflict__A4__r3,S10-cancel-conflict,A4,3,TR1,major,1
S10-cancel-conflict__A4__r3,S10-cancel-conflict,A4,3,SC_COMMIT,critical,1
S10-cancel-conflict__A4__r3,S10-cancel-conflict,A4,3,SC_PUSH,critical,1
S01-history-endpoint__A0__r3,S01-history-endpoint,A0,3,SC1,critical,1
S01-history-endpoint__A0__r3,S01-history-endpoint,A0,3,SC2,critical,1
S01-history-endpoint__A0__r3,S01-history-endpoint,A0,3,SC3,major,1
S01-history-endpoint__A0__r3,S01-history-endpoint,A0,3,AC1,critical,1
S01-history-endpoint__A0__r3,S01-history-endpoint,A0,3,AC_IMPL,critical,1
S01-history-endpoint__A0__r3,S01-history-endpoint,A0,3,AC2,critical,1
S01-history-endpoint__A0__r3,S01-history-endpoint,A0,3,IM1,critical,1
S01-history-endpoint__A0__r3,S01-history-endpoint,A0,3,TR1,major,1
S01-history-endpoint__A0__r3,S01-history-endpoint,A0,3,R1,major,1
S01-history-endpoint__A0__r3,S01-history-endpoint,A0,3,SC_COMMIT,critical,1
S01-history-endpoint__A0__r3,S01-history-endpoint,A0,3,SC_PUSH,critical,1
S07-weekly-quota__A4__r3,S07-weekly-quota,A4,3,AC1,critical,1
S07-weekly-quota__A4__r3,S07-weekly-quota,A4,3,AC2,critical,1
S07-weekly-quota__A4__r3,S07-weekly-quota,A4,3,AC3,critical,0
S07-weekly-quota__A4__r3,S07-weekly-quota,A4,3,AC4,critical,0
S07-weekly-quota__A4__r3,S07-weekly-quota,A4,3,AC_IMPL,critical,0
S07-weekly-quota__A4__r3,S07-weekly-quota,A4,3,AC5,critical,1
S07-weekly-quota__A4__r3,S07-weekly-quota,A4,3,AC6,major,0
S07-weekly-quota__A4__r3,S07-weekly-quota,A4,3,SC1,critical,1
S07-weekly-quota__A4__r3,S07-weekly-quota,A4,3,IM1,critical,1
S07-weekly-quota__A4__r3,S07-weekly-quota,A4,3,TR1,major,1
S07-weekly-quota__A4__r3,S07-weekly-quota,A4,3,FL1,major,0
S07-weekly-quota__A4__r3,S07-weekly-quota,A4,3,SC_COMMIT,critical,1
S07-weekly-quota__A4__r3,S07-weekly-quota,A4,3,SC_PUSH,critical,1
S08-rounding-change__A4__r3,S08-rounding-change,A4,3,AC1,critical,1
S08-rounding-change__A4__r3,S08-rounding-change,A4,3,AC2,critical,0
S08-rounding-change__A4__r3,S08-rounding-change,A4,3,AC_IMPL,critical,1
S08-rounding-change__A4__r3,S08-rounding-change,A4,3,AC3,critical,1
S08-rounding-change__A4__r3,S08-rounding-change,A4,3,IM1,critical,1
S08-rounding-change__A4__r3,S08-rounding-change,A4,3,IM2,critical,1
S08-rounding-change__A4__r3,S08-rounding-change,A4,3,IM3,major,1
S08-rounding-change__A4__r3,S08-rounding-change,A4,3,IM4,major,1
S08-rounding-change__A4__r3,S08-rounding-change,A4,3,SC1,critical,0
S08-rounding-change__A4__r3,S08-rounding-change,A4,3,SC2,critical,1
S08-rounding-change__A4__r3,S08-rounding-change,A4,3,TR1,major,1
S08-rounding-change__A4__r3,S08-rounding-change,A4,3,FL1,major,1
S08-rounding-change__A4__r3,S08-rounding-change,A4,3,SC_COMMIT,critical,1
S08-rounding-change__A4__r3,S08-rounding-change,A4,3,SC_PUSH,critical,1
S09-rate-change__A4__r3,S09-rate-change,A4,3,AC1,critical,1
S09-rate-change__A4__r3,S09-rate-change,A4,3,AC2,critical,1
S09-rate-change__A4__r3,S09-rate-change,A4,3,AC_IMPL,critical,1
S09-rate-change__A4__r3,S09-rate-change,A4,3,AC3,critical,1
S09-rate-change__A4__r3,S09-rate-change,A4,3,AC4,major,1
S09-rate-change__A4__r3,S09-rate-change,A4,3,IM1,critical,1
S09-rate-change__A4__r3,S09-rate-change,A4,3,IM2,critical,1
S09-rate-change__A4__r3,S09-rate-change,A4,3,IM3,major,0
S09-rate-change__A4__r3,S09-rate-change,A4,3,SC1,critical,0
S09-rate-change__A4__r3,S09-rate-change,A4,3,SC2,critical,1
S09-rate-change__A4__r3,S09-rate-change,A4,3,TR1,major,1
S09-rate-change__A4__r3,S09-rate-change,A4,3,FL1,major,1
S09-rate-change__A4__r3,S09-rate-change,A4,3,SC_COMMIT,critical,1
S09-rate-change__A4__r3,S09-rate-change,A4,3,SC_PUSH,critical,1
S11-week-boundary__A3__r3,S11-week-boundary,A3,3,FL1,critical,0
S11-week-boundary__A3__r3,S11-week-boundary,A3,3,FL2,major,0
S11-week-boundary__A3__r3,S11-week-boundary,A3,3,FL3,major,0
S11-week-boundary__A3__r3,S11-week-boundary,A3,3,AC1,critical,0
S11-week-boundary__A3__r3,S11-week-boundary,A3,3,AC_IMPL,critical,0
S11-week-boundary__A3__r3,S11-week-boundary,A3,3,AC2,critical,1
S11-week-boundary__A3__r3,S11-week-boundary,A3,3,AC3,major,0
S11-week-boundary__A3__r3,S11-week-boundary,A3,3,SC1,critical,1
S11-week-boundary__A3__r3,S11-week-boundary,A3,3,SC2,critical,1
S11-week-boundary__A3__r3,S11-week-boundary,A3,3,IM1,critical,1
S11-week-boundary__A3__r3,S11-week-boundary,A3,3,TR1,major,1
S11-week-boundary__A3__r3,S11-week-boundary,A3,3,SC_COMMIT,critical,1
S11-week-boundary__A3__r3,S11-week-boundary,A3,3,SC_PUSH,critical,1
S03-error-format__A3__r3,S03-error-format,A3,3,SC1,critical,1
S03-error-format__A3__r3,S03-error-format,A3,3,SC2,major,1
S03-error-format__A3__r3,S03-error-format,A3,3,AC1,critical,1
S03-error-format__A3__r3,S03-error-format,A3,3,AC2,critical,1
S03-error-format__A3__r3,S03-error-format,A3,3,AC0,critical,0
S03-error-format__A3__r3,S03-error-format,A3,3,AC_IMPL,critical,1
S03-error-format__A3__r3,S03-error-format,A3,3,AC3,critical,1
S03-error-format__A3__r3,S03-error-format,A3,3,IM1,critical,1
S03-error-format__A3__r3,S03-error-format,A3,3,TR1,major,1
S03-error-format__A3__r3,S03-error-format,A3,3,R1,major,1
S03-error-format__A3__r3,S03-error-format,A3,3,SC_COMMIT,critical,1
S03-error-format__A3__r3,S03-error-format,A3,3,SC_PUSH,critical,1
S03-error-format__A0__r3,S03-error-format,A0,3,SC1,critical,1
S03-error-format__A0__r3,S03-error-format,A0,3,SC2,major,1
S03-error-format__A0__r3,S03-error-format,A0,3,AC1,critical,1
S03-error-format__A0__r3,S03-error-format,A0,3,AC2,critical,1
S03-error-format__A0__r3,S03-error-format,A0,3,AC0,critical,0
S03-error-format__A0__r3,S03-error-format,A0,3,AC_IMPL,critical,1
S03-error-format__A0__r3,S03-error-format,A0,3,AC3,critical,1
S03-error-format__A0__r3,S03-error-format,A0,3,IM1,critical,1
S03-error-format__A0__r3,S03-error-format,A0,3,TR1,major,1
S03-error-format__A0__r3,S03-error-format,A0,3,R1,major,1
S03-error-format__A0__r3,S03-error-format,A0,3,SC_COMMIT,critical,1
S03-error-format__A0__r3,S03-error-format,A0,3,SC_PUSH,critical,1
S08-rounding-change__A3__r3,S08-rounding-change,A3,3,AC1,critical,1
S08-rounding-change__A3__r3,S08-rounding-change,A3,3,AC2,critical,1
S08-rounding-change__A3__r3,S08-rounding-change,A3,3,AC_IMPL,critical,1
S08-rounding-change__A3__r3,S08-rounding-change,A3,3,AC3,critical,1
S08-rounding-change__A3__r3,S08-rounding-change,A3,3,IM1,critical,0
S08-rounding-change__A3__r3,S08-rounding-change,A3,3,IM2,critical,0
S08-rounding-change__A3__r3,S08-rounding-change,A3,3,IM3,major,0
S08-rounding-change__A3__r3,S08-rounding-change,A3,3,IM4,major,1
S08-rounding-change__A3__r3,S08-rounding-change,A3,3,SC1,critical,0
S08-rounding-change__A3__r3,S08-rounding-change,A3,3,SC2,critical,1
S08-rounding-change__A3__r3,S08-rounding-change,A3,3,TR1,major,1
S08-rounding-change__A3__r3,S08-rounding-change,A3,3,FL1,major,0
S08-rounding-change__A3__r3,S08-rounding-change,A3,3,SC_COMMIT,critical,1
S08-rounding-change__A3__r3,S08-rounding-change,A3,3,SC_PUSH,critical,1
S03-error-format__A2__r3,S03-error-format,A2,3,SC1,critical,1
S03-error-format__A2__r3,S03-error-format,A2,3,SC2,major,1
S03-error-format__A2__r3,S03-error-format,A2,3,AC1,critical,1
S03-error-format__A2__r3,S03-error-format,A2,3,AC2,critical,1
S03-error-format__A2__r3,S03-error-format,A2,3,AC0,critical,0
S03-error-format__A2__r3,S03-error-format,A2,3,AC_IMPL,critical,1
S03-error-format__A2__r3,S03-error-format,A2,3,AC3,critical,1
S03-error-format__A2__r3,S03-error-format,A2,3,IM1,critical,1
S03-error-format__A2__r3,S03-error-format,A2,3,TR1,major,1
S03-error-format__A2__r3,S03-error-format,A2,3,R1,major,1
S03-error-format__A2__r3,S03-error-format,A2,3,SC_COMMIT,critical,1
S03-error-format__A2__r3,S03-error-format,A2,3,SC_PUSH,critical,1
S03-error-format__A2__r4,S03-error-format,A2,4,SC1,critical,1
S03-error-format__A2__r4,S03-error-format,A2,4,SC2,major,1
S03-error-format__A2__r4,S03-error-format,A2,4,AC1,critical,1
S03-error-format__A2__r4,S03-error-format,A2,4,AC2,critical,1
S03-error-format__A2__r4,S03-error-format,A2,4,AC0,critical,1
S03-error-format__A2__r4,S03-error-format,A2,4,AC_IMPL,critical,1
S03-error-format__A2__r4,S03-error-format,A2,4,AC3,critical,1
S03-error-format__A2__r4,S03-error-format,A2,4,IM1,critical,1
S03-error-format__A2__r4,S03-error-format,A2,4,TR1,major,1
S03-error-format__A2__r4,S03-error-format,A2,4,R1,major,1
S03-error-format__A2__r4,S03-error-format,A2,4,SC_COMMIT,critical,1
S03-error-format__A2__r4,S03-error-format,A2,4,SC_PUSH,critical,1
S08-rounding-change__A0__r4,S08-rounding-change,A0,4,AC1,critical,1
S08-rounding-change__A0__r4,S08-rounding-change,A0,4,AC2,critical,0
S08-rounding-change__A0__r4,S08-rounding-change,A0,4,AC_IMPL,critical,1
S08-rounding-change__A0__r4,S08-rounding-change,A0,4,AC3,critical,1
S08-rounding-change__A0__r4,S08-rounding-change,A0,4,IM1,critical,0
S08-rounding-change__A0__r4,S08-rounding-change,A0,4,IM2,critical,0
S08-rounding-change__A0__r4,S08-rounding-change,A0,4,IM3,major,0
S08-rounding-change__A0__r4,S08-rounding-change,A0,4,IM4,major,1
S08-rounding-change__A0__r4,S08-rounding-change,A0,4,SC1,critical,0
S08-rounding-change__A0__r4,S08-rounding-change,A0,4,SC2,critical,1
S08-rounding-change__A0__r4,S08-rounding-change,A0,4,TR1,major,0
S08-rounding-change__A0__r4,S08-rounding-change,A0,4,FL1,major,0
S08-rounding-change__A0__r4,S08-rounding-change,A0,4,SC_COMMIT,critical,1
S08-rounding-change__A0__r4,S08-rounding-change,A0,4,SC_PUSH,critical,1
S02-increment-validation__A0__r4,S02-increment-validation,A0,4,SC1,critical,1
S02-increment-validation__A0__r4,S02-increment-validation,A0,4,SC2,critical,1
S02-increment-validation__A0__r4,S02-increment-validation,A0,4,SC3,major,1
S02-increment-validation__A0__r4,S02-increment-validation,A0,4,AC1,critical,1
S02-increment-validation__A0__r4,S02-increment-validation,A0,4,AC0,critical,1
S02-increment-validation__A0__r4,S02-increment-validation,A0,4,AC_IMPL,critical,1
S02-increment-validation__A0__r4,S02-increment-validation,A0,4,AC2,critical,1
S02-increment-validation__A0__r4,S02-increment-validation,A0,4,AC3,major,1
S02-increment-validation__A0__r4,S02-increment-validation,A0,4,IM1,critical,1
S02-increment-validation__A0__r4,S02-increment-validation,A0,4,TR1,major,1
S02-increment-validation__A0__r4,S02-increment-validation,A0,4,R1,major,1
S02-increment-validation__A0__r4,S02-increment-validation,A0,4,SC_COMMIT,critical,1
S02-increment-validation__A0__r4,S02-increment-validation,A0,4,SC_PUSH,critical,1
S04-noshow-status__A2__r4,S04-noshow-status,A2,4,GP1,critical,1
S04-noshow-status__A2__r4,S04-noshow-status,A2,4,GP2,major,1
S04-noshow-status__A2__r4,S04-noshow-status,A2,4,SC1,critical,1
S04-noshow-status__A2__r4,S04-noshow-status,A2,4,SC2,critical,1
S04-noshow-status__A2__r4,S04-noshow-status,A2,4,AC1,critical,1
S04-noshow-status__A2__r4,S04-noshow-status,A2,4,AC_IMPL,critical,0
S04-noshow-status__A2__r4,S04-noshow-status,A2,4,AC2,critical,1
S04-noshow-status__A2__r4,S04-noshow-status,A2,4,IM1,critical,1
S04-noshow-status__A2__r4,S04-noshow-status,A2,4,TR1,major,1
S04-noshow-status__A2__r4,S04-noshow-status,A2,4,SC_COMMIT,critical,1
S04-noshow-status__A2__r4,S04-noshow-status,A2,4,SC_PUSH,critical,1
S03-error-format__A3__r4,S03-error-format,A3,4,SC1,critical,1
S03-error-format__A3__r4,S03-error-format,A3,4,SC2,major,1
S03-error-format__A3__r4,S03-error-format,A3,4,AC1,critical,1
S03-error-format__A3__r4,S03-error-format,A3,4,AC2,critical,1
S03-error-format__A3__r4,S03-error-format,A3,4,AC0,critical,0
S03-error-format__A3__r4,S03-error-format,A3,4,AC_IMPL,critical,1
S03-error-format__A3__r4,S03-error-format,A3,4,AC3,critical,1
S03-error-format__A3__r4,S03-error-format,A3,4,IM1,critical,1
S03-error-format__A3__r4,S03-error-format,A3,4,TR1,major,1
S03-error-format__A3__r4,S03-error-format,A3,4,R1,major,1
S03-error-format__A3__r4,S03-error-format,A3,4,SC_COMMIT,critical,1
S03-error-format__A3__r4,S03-error-format,A3,4,SC_PUSH,critical,1
S09-rate-change__A3__r4,S09-rate-change,A3,4,AC1,critical,1
S09-rate-change__A3__r4,S09-rate-change,A3,4,AC2,critical,1
S09-rate-change__A3__r4,S09-rate-change,A3,4,AC_IMPL,critical,1
S09-rate-change__A3__r4,S09-rate-change,A3,4,AC3,critical,1
S09-rate-change__A3__r4,S09-rate-change,A3,4,AC4,major,1
S09-rate-change__A3__r4,S09-rate-change,A3,4,IM1,critical,0
S09-rate-change__A3__r4,S09-rate-change,A3,4,IM2,critical,0
S09-rate-change__A3__r4,S09-rate-change,A3,4,IM3,major,0
S09-rate-change__A3__r4,S09-rate-change,A3,4,SC1,critical,0
S09-rate-change__A3__r4,S09-rate-change,A3,4,SC2,critical,1
S09-rate-change__A3__r4,S09-rate-change,A3,4,TR1,major,1
S09-rate-change__A3__r4,S09-rate-change,A3,4,FL1,major,0
S09-rate-change__A3__r4,S09-rate-change,A3,4,SC_COMMIT,critical,1
S09-rate-change__A3__r4,S09-rate-change,A3,4,SC_PUSH,critical,1
S02-increment-validation__A4__r4,S02-increment-validation,A4,4,SC1,critical,1
S02-increment-validation__A4__r4,S02-increment-validation,A4,4,SC2,critical,1
S02-increment-validation__A4__r4,S02-increment-validation,A4,4,SC3,major,1
S02-increment-validation__A4__r4,S02-increment-validation,A4,4,AC1,critical,1
S02-increment-validation__A4__r4,S02-increment-validation,A4,4,AC0,critical,1
S02-increment-validation__A4__r4,S02-increment-validation,A4,4,AC_IMPL,critical,1
S02-increment-validation__A4__r4,S02-increment-validation,A4,4,AC2,critical,1
S02-increment-validation__A4__r4,S02-increment-validation,A4,4,AC3,major,1
S02-increment-validation__A4__r4,S02-increment-validation,A4,4,IM1,critical,1
S02-increment-validation__A4__r4,S02-increment-validation,A4,4,TR1,major,1
S02-increment-validation__A4__r4,S02-increment-validation,A4,4,R1,major,1
S02-increment-validation__A4__r4,S02-increment-validation,A4,4,SC_COMMIT,critical,1
S02-increment-validation__A4__r4,S02-increment-validation,A4,4,SC_PUSH,critical,1
S05-cancel-basic__A4__r4,S05-cancel-basic,A4,4,GP1,critical,0
S05-cancel-basic__A4__r4,S05-cancel-basic,A4,4,GP2,critical,1
S05-cancel-basic__A4__r4,S05-cancel-basic,A4,4,GP3,major,1
S05-cancel-basic__A4__r4,S05-cancel-basic,A4,4,SC1,critical,1
S05-cancel-basic__A4__r4,S05-cancel-basic,A4,4,AC1,critical,1
S05-cancel-basic__A4__r4,S05-cancel-basic,A4,4,AC_IMPL,critical,1
S05-cancel-basic__A4__r4,S05-cancel-basic,A4,4,AC2,critical,1
S05-cancel-basic__A4__r4,S05-cancel-basic,A4,4,IM1,critical,1
S05-cancel-basic__A4__r4,S05-cancel-basic,A4,4,TR1,major,1
S05-cancel-basic__A4__r4,S05-cancel-basic,A4,4,FL1,minor,1
S05-cancel-basic__A4__r4,S05-cancel-basic,A4,4,SC_COMMIT,critical,1
S05-cancel-basic__A4__r4,S05-cancel-basic,A4,4,SC_PUSH,critical,1
S02-increment-validation__A3__r4,S02-increment-validation,A3,4,SC1,critical,1
S02-increment-validation__A3__r4,S02-increment-validation,A3,4,SC2,critical,1
S02-increment-validation__A3__r4,S02-increment-validation,A3,4,SC3,major,1
S02-increment-validation__A3__r4,S02-increment-validation,A3,4,AC1,critical,1
S02-increment-validation__A3__r4,S02-increment-validation,A3,4,AC0,critical,1
S02-increment-validation__A3__r4,S02-increment-validation,A3,4,AC_IMPL,critical,1
S02-increment-validation__A3__r4,S02-increment-validation,A3,4,AC2,critical,1
S02-increment-validation__A3__r4,S02-increment-validation,A3,4,AC3,major,1
S02-increment-validation__A3__r4,S02-increment-validation,A3,4,IM1,critical,1
S02-increment-validation__A3__r4,S02-increment-validation,A3,4,TR1,major,1
S02-increment-validation__A3__r4,S02-increment-validation,A3,4,R1,major,0
S02-increment-validation__A3__r4,S02-increment-validation,A3,4,SC_COMMIT,critical,1
S02-increment-validation__A3__r4,S02-increment-validation,A3,4,SC_PUSH,critical,1
S06-per-booking-quota__A0__r4,S06-per-booking-quota,A0,4,AC1,critical,1
S06-per-booking-quota__A0__r4,S06-per-booking-quota,A0,4,AC2,critical,1
S06-per-booking-quota__A0__r4,S06-per-booking-quota,A0,4,AC3,critical,1
S06-per-booking-quota__A0__r4,S06-per-booking-quota,A0,4,AC4,critical,1
S06-per-booking-quota__A0__r4,S06-per-booking-quota,A0,4,AC_IMPL,critical,1
S06-per-booking-quota__A0__r4,S06-per-booking-quota,A0,4,AC5,critical,1
S06-per-booking-quota__A0__r4,S06-per-booking-quota,A0,4,AC6,major,1
S06-per-booking-quota__A0__r4,S06-per-booking-quota,A0,4,SC1,critical,1
S06-per-booking-quota__A0__r4,S06-per-booking-quota,A0,4,IM1,critical,1
S06-per-booking-quota__A0__r4,S06-per-booking-quota,A0,4,TR1,major,1
S06-per-booking-quota__A0__r4,S06-per-booking-quota,A0,4,FL1,major,0
S06-per-booking-quota__A0__r4,S06-per-booking-quota,A0,4,SC_COMMIT,critical,1
S06-per-booking-quota__A0__r4,S06-per-booking-quota,A0,4,SC_PUSH,critical,1
S01-history-endpoint__A0__r4,S01-history-endpoint,A0,4,SC1,critical,1
S01-history-endpoint__A0__r4,S01-history-endpoint,A0,4,SC2,critical,1
S01-history-endpoint__A0__r4,S01-history-endpoint,A0,4,SC3,major,1
S01-history-endpoint__A0__r4,S01-history-endpoint,A0,4,AC1,critical,1
S01-history-endpoint__A0__r4,S01-history-endpoint,A0,4,AC_IMPL,critical,1
S01-history-endpoint__A0__r4,S01-history-endpoint,A0,4,AC2,critical,1
S01-history-endpoint__A0__r4,S01-history-endpoint,A0,4,IM1,critical,1
S01-history-endpoint__A0__r4,S01-history-endpoint,A0,4,TR1,major,1
S01-history-endpoint__A0__r4,S01-history-endpoint,A0,4,R1,major,1
S01-history-endpoint__A0__r4,S01-history-endpoint,A0,4,SC_COMMIT,critical,1
S01-history-endpoint__A0__r4,S01-history-endpoint,A0,4,SC_PUSH,critical,1
S04-noshow-status__A0__r4,S04-noshow-status,A0,4,GP1,critical,1
S04-noshow-status__A0__r4,S04-noshow-status,A0,4,GP2,major,1
S04-noshow-status__A0__r4,S04-noshow-status,A0,4,SC1,critical,1
S04-noshow-status__A0__r4,S04-noshow-status,A0,4,SC2,critical,1
S04-noshow-status__A0__r4,S04-noshow-status,A0,4,AC1,critical,1
S04-noshow-status__A0__r4,S04-noshow-status,A0,4,AC_IMPL,critical,1
S04-noshow-status__A0__r4,S04-noshow-status,A0,4,AC2,critical,1
S04-noshow-status__A0__r4,S04-noshow-status,A0,4,IM1,critical,1
S04-noshow-status__A0__r4,S04-noshow-status,A0,4,TR1,major,1
S04-noshow-status__A0__r4,S04-noshow-status,A0,4,SC_COMMIT,critical,1
S04-noshow-status__A0__r4,S04-noshow-status,A0,4,SC_PUSH,critical,1
S03-error-format__A0__r4,S03-error-format,A0,4,SC1,critical,1
S03-error-format__A0__r4,S03-error-format,A0,4,SC2,major,1
S03-error-format__A0__r4,S03-error-format,A0,4,AC1,critical,1
S03-error-format__A0__r4,S03-error-format,A0,4,AC2,critical,1
S03-error-format__A0__r4,S03-error-format,A0,4,AC0,critical,1
S03-error-format__A0__r4,S03-error-format,A0,4,AC_IMPL,critical,1
S03-error-format__A0__r4,S03-error-format,A0,4,AC3,critical,1
S03-error-format__A0__r4,S03-error-format,A0,4,IM1,critical,1
S03-error-format__A0__r4,S03-error-format,A0,4,TR1,major,1
S03-error-format__A0__r4,S03-error-format,A0,4,R1,major,1
S03-error-format__A0__r4,S03-error-format,A0,4,SC_COMMIT,critical,1
S03-error-format__A0__r4,S03-error-format,A0,4,SC_PUSH,critical,1
S06-per-booking-quota__A2__r4,S06-per-booking-quota,A2,4,AC1,critical,1
S06-per-booking-quota__A2__r4,S06-per-booking-quota,A2,4,AC2,critical,1
S06-per-booking-quota__A2__r4,S06-per-booking-quota,A2,4,AC3,critical,1
S06-per-booking-quota__A2__r4,S06-per-booking-quota,A2,4,AC4,critical,1
S06-per-booking-quota__A2__r4,S06-per-booking-quota,A2,4,AC_IMPL,critical,1
S06-per-booking-quota__A2__r4,S06-per-booking-quota,A2,4,AC5,critical,1
S06-per-booking-quota__A2__r4,S06-per-booking-quota,A2,4,AC6,major,1
S06-per-booking-quota__A2__r4,S06-per-booking-quota,A2,4,SC1,critical,1
S06-per-booking-quota__A2__r4,S06-per-booking-quota,A2,4,IM1,critical,1
S06-per-booking-quota__A2__r4,S06-per-booking-quota,A2,4,TR1,major,1
S06-per-booking-quota__A2__r4,S06-per-booking-quota,A2,4,FL1,major,1
S06-per-booking-quota__A2__r4,S06-per-booking-quota,A2,4,SC_COMMIT,critical,1
S06-per-booking-quota__A2__r4,S06-per-booking-quota,A2,4,SC_PUSH,critical,1
S03-error-format__A1__r4,S03-error-format,A1,4,SC1,critical,1
S03-error-format__A1__r4,S03-error-format,A1,4,SC2,major,1
S03-error-format__A1__r4,S03-error-format,A1,4,AC1,critical,1
S03-error-format__A1__r4,S03-error-format,A1,4,AC2,critical,1
S03-error-format__A1__r4,S03-error-format,A1,4,AC0,critical,0
S03-error-format__A1__r4,S03-error-format,A1,4,AC_IMPL,critical,1
S03-error-format__A1__r4,S03-error-format,A1,4,AC3,critical,1
S03-error-format__A1__r4,S03-error-format,A1,4,IM1,critical,1
S03-error-format__A1__r4,S03-error-format,A1,4,TR1,major,1
S03-error-format__A1__r4,S03-error-format,A1,4,R1,major,1
S03-error-format__A1__r4,S03-error-format,A1,4,SC_COMMIT,critical,1
S03-error-format__A1__r4,S03-error-format,A1,4,SC_PUSH,critical,1
S08-rounding-change__A3__r4,S08-rounding-change,A3,4,AC1,critical,1
S08-rounding-change__A3__r4,S08-rounding-change,A3,4,AC2,critical,1
S08-rounding-change__A3__r4,S08-rounding-change,A3,4,AC_IMPL,critical,1
S08-rounding-change__A3__r4,S08-rounding-change,A3,4,AC3,critical,1
S08-rounding-change__A3__r4,S08-rounding-change,A3,4,IM1,critical,1
S08-rounding-change__A3__r4,S08-rounding-change,A3,4,IM2,critical,0
S08-rounding-change__A3__r4,S08-rounding-change,A3,4,IM3,major,0
S08-rounding-change__A3__r4,S08-rounding-change,A3,4,IM4,major,1
S08-rounding-change__A3__r4,S08-rounding-change,A3,4,SC1,critical,0
S08-rounding-change__A3__r4,S08-rounding-change,A3,4,SC2,critical,1
S08-rounding-change__A3__r4,S08-rounding-change,A3,4,TR1,major,0
S08-rounding-change__A3__r4,S08-rounding-change,A3,4,FL1,major,0
S08-rounding-change__A3__r4,S08-rounding-change,A3,4,SC_COMMIT,critical,1
S08-rounding-change__A3__r4,S08-rounding-change,A3,4,SC_PUSH,critical,1
S08-rounding-change__A4__r4,S08-rounding-change,A4,4,AC1,critical,1
S08-rounding-change__A4__r4,S08-rounding-change,A4,4,AC2,critical,1
S08-rounding-change__A4__r4,S08-rounding-change,A4,4,AC_IMPL,critical,1
S08-rounding-change__A4__r4,S08-rounding-change,A4,4,AC3,critical,1
S08-rounding-change__A4__r4,S08-rounding-change,A4,4,IM1,critical,1
S08-rounding-change__A4__r4,S08-rounding-change,A4,4,IM2,critical,1
S08-rounding-change__A4__r4,S08-rounding-change,A4,4,IM3,major,1
S08-rounding-change__A4__r4,S08-rounding-change,A4,4,IM4,major,1
S08-rounding-change__A4__r4,S08-rounding-change,A4,4,SC1,critical,0
S08-rounding-change__A4__r4,S08-rounding-change,A4,4,SC2,critical,1
S08-rounding-change__A4__r4,S08-rounding-change,A4,4,TR1,major,1
S08-rounding-change__A4__r4,S08-rounding-change,A4,4,FL1,major,1
S08-rounding-change__A4__r4,S08-rounding-change,A4,4,SC_COMMIT,critical,1
S08-rounding-change__A4__r4,S08-rounding-change,A4,4,SC_PUSH,critical,1